edition_key,number_of_pages,physical_format,physical_dimensions,weight,language
OL29788367M,192,,,,eng
OL29264472M,192,,,,eng
OL10280664M,190,Paperback,,,eng
OL9682571M,384,Paperback,,,eng
OL22612896M,188,,,,eng
OL9853763M,188,Paperback,,,eng
OL10691112M,,Mass Market Paperback,6.4 x 4 x 0.4 inches,3.2 ounces,eng
OL39576746M,,,,,spa
OL39581919M,,,,,spa
OL33470829M,,,,,spa
OL29873195M,192,,,,eng
OL29164291M,448,,,,eng
OL29492164M,368,,,,eng
OL28504945M,448,,,,eng
OL27928962M,,Digital Audio,,,eng
OL9049218M,,Paperback,8 x 5.4 x 1.3 inches,1.2 pounds,ger
OL8748409M,,Audio cassette,7 x 4.1 x 1.1 inches,6.2 ounces,eng
OL18420160M,399,,,,spa
OL24949890M,479,Paperback,,,eng
OL24389148M,416,Mass Market Paperback,,,eng
OL1405352M,620,,,,eng
OL9788228M,,Audio cassette,,,eng
OL668881M,468,Paperback,,,eng
OL18285347M,479,Hardcover,24 x  x  centimeters,,eng
OL8748315M,486,Paperback,8.8 x 5.9 x 1.5 inches,1.4 pounds,eng
OL24293314M,,E-book,,,eng
OL8847745M,479,Paperback,8.9 x 5.9 x 1.4 inches,1.2 pounds,eng
OL8875813M,768,Paperback,8.3 x 5.5 x 1.4 inches,1.8 pounds,eng
OL8989263M,480,Paperback,7.6 x 5.1 x 1.4 inches,14.9 ounces,
OL24975909M,188,,,,eng
OL24939124M,188,,,,eng
OL22618271M,189,,,,eng
OL1982402M,188,,,,eng
OL17390856M,188,,,,eng
OL22415407M,285,,,,eng
OL10691736M,188,Paperback,,,eng
OL18357600M,192,,,,eng
OL10239059M,288,Hardcover,,,eng
OL14978087M,,,,,eng
OL10738330M,187,Paperback,,,eng
OL21424688M,,,,,dut
OL21424552M,,,,,ita
OL29734595M,192,,,,eng
OL29243038M,224,,,,eng
OL22384649M,187,,,,und
OL9636898M,224,Paperback,,,
OL20501301M,264,,,,eng
OL1882868M,252,,,,eng
OL9507637M,187,Mass Market Paperback,,,eng
OL10691234M,189,Paperback,,,eng
OL17215320M,189,,,,eng
OL28974140M,189,,,,eng
OL9750982M,,Paperback,6.6 x 4.1 x 0.5 inches,,eng
OL9748216M,,Paperback,6.6 x 4.1 x 0.5 inches,,eng
OL9745901M,,Paperback,6.6 x 4.1 x 0.5 inches,,eng
OL19699246M,288,,,,eng
OL1776472M,189,,,,eng
OL22619243M,190,,,,eng
OL9587185M,240,Paperback,,,eng
OL21220748M,190,,,,eng
OL9774846M,190,Paperback,,,eng
OL11658583M,240,Hardcover,,,eng
OL8926729M,240,Paperback,8.5 x 5.5 x 0.5 inches,9.4 ounces,eng
OL20161132M,283,,,,eng
OL377544M,399,,,,eng
OL10686514M,,Hardcover,,,eng
OL15125290M,283,,,,eng
OL16771051M,308,,,,eng
OL7961810M,352,Hardcover,,,
OL10683605M,,Mass Market Paperback,,,eng
OL18504626M,456,,,,eng
OL7973920M,398,School & Library Binding,6.7 x 4.4 x 1.5 inches,9.6 ounces,eng
OL9639148M,,Mass Market Paperback,,,eng
OL11558534M,,Hardcover,8.2 x 5.6 x 1.2 inches,1 pounds,eng
OL8603363M,,Audio cassette,7.2 x 4.5 x 0.5 inches,4.8 ounces,eng
OL22184538M,283,,,,eng
OL10682557M,456,Mass Market Paperback,,,eng
OL9682652M,512,Paperback,7.9 x 5.2 x 0.9 inches,15.2 ounces,eng
OL8276771M,,School & Library Binding,8.8 x 5.8 x 1 inches,1.2 pounds,eng
OL9598700M,464,Hardcover,9 x 6 x 1.2 inches,1.5 pounds,eng
OL21920251M,399,,,,eng
OL8845011M,,Audio cassette,9.4 x 4.3 x 0.4 inches,3 ounces,eng
OL18587170M,456,,,,eng
OL7866886M,288,Hardcover,,,
OL11000892M,,Paperback,,,
OL20947352M,398,Paperback,,,eng
OL23273991M,399,,,,eng
OL7961854M,400,Paperback,7.7 x 5 x 1.1 inches,12 ounces,
OL10684301M,,Mass Market Paperback,8.6 x 5.5 x 0.7 inches,5.4 ounces,eng
OL9844175M,416,Mass Market Paperback,6.8 x 4.1 x 1.1 inches,7.2 ounces,eng
OL17892075M,414,,,,eng
OL3704385M,429,,,,eng
OL10682161M,,Mass Market Paperback,,,eng
OL9738841M,480,Paperback,7.9 x 5.2 x 0.9 inches,13.6 ounces,eng
OL16378884M,187,,,,eng
OL16521973M,187,,,,eng
OL9746575M,288,Hardcover,,,eng
OL9748768M,288,Hardcover,,,eng
OL16522155M,,,,,eng
OL9751943M,288,Hardcover,,,eng
OL9737447M,,Paperback,,,eng
OL22326873M,268,,,,eng
OL14979972M,188,,,,eng
OL14976354M,188,,,,eng
OL14980601M,188,,,,eng
OL24281415M,,E-book,,,eng
OL10750217M,,Paperback,6.8 x 4 x 0.8 inches,4 ounces,eng
OL7421869M,253,,,,eng
OL7421949M,217,,,,eng
OL11235141M,278,Paperback,,,
OL21377203M,,,,,dut
OL10692087M,186,Paperback,7 x 4.2 x 0.8 inches,4 ounces,eng
OL10241180M,288,Hardcover,8.2 x 5.5 x 0.8 inches,13.6 ounces,eng
OL28973603M,189,,,,eng
OL9739293M,,Paperback,,,eng
OL20937110M,288,,,,eng
OL10238995M,256,Hardcover,,,
OL18356685M,189,,,,eng
OL24404777M,189,Paperback,,,eng
OL29243052M,224,,,,eng
OL29020961M,288,,,,eng
OL28973870M,188,,,,eng
OL14977908M,188,,,,eng
OL20130251M,220,,,,eng
OL12053381M,,Audio Cassette,,,
OL10738297M,188,Paperback,,,eng
OL61375849M,100,Kindle,,,dut
OL37330446M,,,,,eng
OL29651281M,111,,,,eng
OL10738099M,,Paperback,,,eng
OL53379022M,,,,,eng
OL52946971M,454,Hardcover,,42 pounds,
OL47276158M,480,paperback,,,spa
OL47806732M,528,Taschenbuch,,642 grams,
OL49295009M,,,,,spa
OL42621549M,,,,0.664,eng
OL35082870M,454,,,0.573 ,eng
OL38152029M,454,,,,eng
OL38010864M,,,,0.300,eng
OL34224724M,,,,,eng
OL38268897M,,,,,eng
OL37392566M,,,,,eng
OL29127319M,220,,,,eng
OL9741616M,224,Paperback,,,eng
OL24975387M,267,,,,eng
OL24964296M,267,,,,eng
OL9608917M,221,Paperback,,,eng
OL14976091M,,,,,eng
OL14980305M,192,,,,eng
OL9634468M,267,Hardcover,9 x 6 x 1 inches,12.8 ounces,eng
OL9611184M,288,Hardcover,,,eng
OL9770302M,224,Mass Market Paperback,,,eng
OL38294416M,,,,,eng
OL29632106M,384,,,,eng
OL29127381M,220,,,,eng
OL29106556M,192,,,,eng
OL10280561M,,Paperback,,,
OL18293262M,219,,,,eng
OL17151468M,187,,,,eng
OL10748313M,,Mass Market Paperback,,,eng
OL23168142M,218,,,,eng
OL10691122M,,Paperback,,,eng
OL10280367M,284,Hardcover,8.2 x 5.4 x 1 inches,13.6 ounces,eng
OL10746574M,224,Mass Market Paperback,6.6 x 4.2 x 0.8 inches,4 ounces,eng
OL10748936M,160,Mass Market Paperback,6.5 x 4.2 x 0.3 inches,2.4 ounces,spa
OL10239030M,288,Library Binding,,,eng
OL14977704M,190,,,,eng
OL21222186M,281,,,,eng
OL10738255M,190,Paperback,,,eng
OL29758385M,192,,,,eng
OL29264351M,192,,,,eng
OL14977598M,190,Hardcover,,,eng
OL18596961M,188,Paperback,,,eng
OL14980553M,188,Paperback,,,eng
OL9741953M,188,Paperback,,,eng
OL24943438M,188,Paperback,,,eng
OL61188557M,285,,,,por
OL29663909M,384,,,,eng
OL29243056M,192,,,,eng
OL29106576M,192,,,,eng
OL24333336M,192,Paperback,,,
OL24333338M,284,Hardcover,20.6 x 13.8 x 2.8 centimeters,425 grams,eng
OL2726049M,284,,,,eng
OL14977285M,188,,,,eng
OL18050045M,220,,,,eng
OL21366179M,296,,,,eng
OL24333337M,219,Paperback,16.4 x 10.6 x 1.6 centimeters,120 grams,
OL22321605M,,,,,eng
OL9752646M,,Paperback,,,eng
OL54181319M,486,,,0.641,eng
OL47391457M,400,mass market paperback,,,
OL47407550M,,paperback,,,
OL47391456M,400,mass market paperback,,,
OL49672019M,379,okładka miękka,,,pol
OL39765219M,,,,,eng
OL39332831M,,Mass Market Paperback,,0.369 ,spa
OL35651243M,429,paperback,,,tur
OL32419698M,512,Paperback,22.5 x 14.5 x 3.8 centimeters,600 grams,fre
OL33023688M,,audio cd,,,
OL31870730M,416,Paperback,19.2 x 12.9 x 3 centimeters,,eng
OL31129806M,416,Paperback,21 x 13.5 x 2.6 centimeters,308 grams,eng
OL29173419M,416,,,,eng
OL38278522M,,,,,eng
OL37388997M,,,,,eng
OL31882114M,285,,,,eng
OL29263659M,250,,,,eng
OL28950684M,188,,,,eng
OL28950902M,188,,,,eng
OL24929928M,285,,,,eng
OL9747915M,,Hardcover,8.5 x 5.9 x 0.9 inches,13.6 ounces,eng
OL9750627M,,Hardcover,8.5 x 5.9 x 0.9 inches,13.6 ounces,eng
OL9745793M,,Hardcover,8.5 x 5.9 x 0.9 inches,13.6 ounces,eng
OL9739060M,188,Paperback,6.8 x 4.2 x 0.5 inches,3.2 ounces,eng
OL38386758M,,,,,eng
OL38291056M,,,,,eng
OL34872146M,,,,,eng
OL29247921M,192,,,,eng
OL16522180M,188,,,,eng
OL14976194M,,,,,eng
OL17212915M,188,,,,eng
OL24927897M,188,Paperback,,,eng
OL29264333M,192,,,,eng
OL28951071M,221,,,,eng
OL18308656M,192,,,,eng
OL9805839M,188,Paperback,,,eng
OL7421983M,221,,,,eng
OL21439489M,159,,,,ita
OL28310441M,1,audio cd,,,
OL29731467M,384,,,,eng
OL29985498M,384,,,,eng
OL31967469M,,mp3 cd,,,eng
OL32220697M,,paperback,,,
OL32220696M,,paperback,,,
OL33555204M,,,,,eng
OL34621338M,,,,0.486,eng
OL36097786M,,,,0.295,eng
OL27212977M,374,,,,eng
OL14980575M,189,,,,eng
OL10239018M,,Hardcover,,,
OL14977571M,189,,,,eng
OL10691327M,189,Paperback,,,eng
OL38274819M,,,,,eng
OL37388634M,,,,,eng
OL29151702M,192,,,,eng
OL28951716M,185,,,,eng
OL18598574M,185,,,,eng
OL9567614M,288,Hardcover,8.3 x 5.5 x 0.8 inches,14.4 ounces,eng
OL9737119M,288,Hardcover,,,
OL9644193M,,Audio cassette,,,
OL9904143M,185,Paperback,6.6 x 4.2 x 0.6 inches,1.6 ounces,eng
OL17216230M,189,,,,eng
OL10239435M,288,Hardcover,,,eng
OL10691657M,189,Paperback,,,eng
OL21626261M,,,,,spa
OL21376202M,,,,,dut
OL44177240M,,,,,eng
OL29573546M,256,,,,eng
OL9676949M,192,Mass Market Paperback,6.6 x 4.1 x 0.6 inches,3.2 ounces,eng
OL9744160M,288,Paperback,,,eng
OL24251009M,,Electronic resource,,,eng
OL7416546M,160,,,,spa
OL10239517M,288,Hardcover,8.5 x 5.8 x 1 inches,14.4 ounces,eng
OL24937157M,189,,,,eng
OL17125057M,192,,,,eng
OL10280802M,192,Paperback,,,
OL10738945M,,Paperback,6.8 x 4.5 x 0.5 inches,4 ounces,eng
OL9599269M,187,Paperback,,,eng
OL17465055M,187,,,,eng
OL9740707M,288,Hardcover,,,eng
OL14978548M,190,,,,eng
OL17359659M,187,Paperback,,,eng
OL29797992M,192,,,,eng
OL29243039M,192,,,,eng
OL14978188M,186,,,,eng
OL17398318M,186,,,,eng
OL10738362M,192,Mass Market Paperback,,,eng
OL38446297M,560,Paperback,,0.010 ,eng
OL56904047M,672,,,,spa
OL52564084M,672,paperback,,,spa
OL39730646M,,,,,eng
OL38574449M,450,paperback,,,
OL39441146M,,,,,eng
OL38010863M,,,,0.300 ,eng
OL38275167M,,,,,eng
OL37388599M,,,,,eng
OL10739302M,186,Paperback,6.5 x 4 x 0.6 inches,4 ounces,eng
OL29151676M,192,,,,eng
OL28951147M,288,,,,eng
OL9622099M,,Audio cassette,,,
OL12053383M,,Audio Cassette,,,
OL18344871M,186,,,,eng
OL10241223M,288,Hardcover,8.4 x 5.6 x 1 inches,13.9 ounces,eng
OL22305558M,285,,,,eng
OL22330308M,187,,,,eng
OL10738580M,187,Paperback,,,eng
OL12053339M,,Audio Cassette,,,
OL10739716M,,Paperback,,,
OL10239259M,192,Hardcover,,,eng
OL10239263M,288,Hardcover,,,
OL10280696M,192,Paperback,,,
OL10691770M,187,Paperback,,,eng
OL24617972M,253,,,,eng
OL21376216M,,,,,dut
OL15236069M,,,,,fre
OL21626306M,,,,,por
OL20583136M,,,,,ita
OL21626291M,126,,,,spa
OL20583210M,,,,,gre
OL29264373M,192,,,,eng
OL14980434M,192,,,,und
OL14977513M,188,,,,eng
OL10738248M,188,Paperback,,,eng
OL14981750M,,,,,eng
OL11946196M,273,Paperback,,,eng
OL61578578M,384,,,0.475,eng
OL60989359M,398,Paperback,,,dut
OL52455847M,464,Hardcover,21 x 14 x 3.8 centimeters,557 grams,spa
OL40232607M,407,,,,spa
OL44945594M,344,,,,por
OL57520854M,416,,,,eng
OL38628096M,325,hardcover,,,ita
OL38628096M,325,hardcover,,,eng
OL37803633M,488,paperback,,,spa
OL36010073M,374,,,,eng
OL35582292M,,,,0.300,eng
OL35469268M,500,library binding,,,
OL31917995M,336,paperback,,,
OL14977532M,186,,,,eng
OL20652785M,237,,,,eng
OL10280621M,192,Paperback,,,
OL24940339M,186,,,,eng
OL10738180M,186,Mass Market Paperback,,,
OL11900295M,240,Paperback,8.3 x 5.4 x 0.6 inches,7.2 ounces,eng
OL11658471M,320,Paperback,,,
OL21224157M,192,,,,eng
OL21221097M,192,,,,eng
OL9743312M,187,Mass Market Paperback,,,eng
OL21224336M,186,,,,eng
OL21221546M,186,,,,eng
OL10691328M,186,Paperback,,,eng
OL10807049M,258,Hardcover,,,eng
OL14978295M,,,,,eng
OL17309835M,187,Paperback,,,eng
OL10738381M,187,Paperback,,,eng
OL10239236M,192,Hardcover,,,
OL10280690M,192,Paperback,,,
OL10239225M,288,Hardcover,,,
OL10691758M,189,Paperback,6.4 x 4 x 0.6 inches,2.4 ounces,eng
OL24737464M,189,,,,eng
OL21376214M,,,,,dut
OL21626275M,,,,,spa
OL14978690M,,,,,eng
OL17380494M,192,,,,eng
OL10281526M,384,Paperback,,,
OL1975549M,187,,,,eng
OL10691702M,187,Paperback,,,eng
OL24943721M,187,,,,eng
OL20583160M,,,,,por
OL21424648M,,,,,spa
OL21424562M,,,,,ita
OL20582985M,,,,,kor
OL29264362M,192,,,,eng
OL28973644M,189,,,,eng
OL14978035M,189,,,,eng
OL9735945M,189,Paperback,,,eng
OL1641193M,187,,,,eng
OL14981892M,187,,,,eng
OL10738849M,187,Paperback,,,eng
OL14977398M,188,,,,eng
OL10280610M,192,Paperback,,,
OL10738160M,188,Paperback,,,eng
OL52236850M,816,Hardcover,,0.568 ,spa
OL46573795M,,,,,eng
OL45128496M,28,audio cd,,,eng
OL35618229M,972,paperback,,,spa
OL35361326M,856,paperback,,,tur
OL28562969M,560,paperback,,,pol
OL35866018M,805,Paperback,,,eng
OL32388174M,,audio cd,,,eng
OL32388173M,,audio cd,,,eng
OL32388170M,803,paperback,,,eng
OL34724098M,648,eBook,,,eng
OL30342532M,976,Paperback,,,spa
OL30157071M,816,Hardcover,,,eng
OL31979042M,28,audio cd,,,eng
OL27925074M,912,Paperback,,,hun
OL28343065M,816,paperback,,,eng
OL27925078M,648,eBook,,,eng
OL27924119M,803,Hardcover,,,eng
OL38352639M,,,,,eng
OL29802508M,192,,,,eng
OL29151880M,192,,,,eng
OL28953437M,192,,,,eng
OL9569343M,187,Paperback,6.5 x 4.1 x 0.6 inches,3.2 ounces,eng
OL9742514M,288,Hardcover,8.3 x 5.5 x 0.8 inches,14.7 ounces,eng
OL9561823M,,Paperback,,,
OL24238814M,189,,,,eng
OL14980183M,192,,,,und
OL14976844M,189,,,,eng
OL11235259M,304,Paperback,,,eng
OL17330896M,,,,,eng
OL1343883M,187,,,,eng
OL9743108M,,Paperback,,,eng
OL18406513M,189,,,,eng
OL10240389M,288,Hardcover,8.4 x 5.6 x 1.1 inches,15 ounces,eng
OL10281731M,192,Paperback,,,
OL38481543M,,,,0.395,eng
OL52070693M,,,,0.191,eng
OL52176980M,,,,,eng
OL52185147M,,,,,eng
OL51128368M,,,,,eng
OL51133569M,,,,,eng
OL50453514M,,,,,eng
OL48967223M,,,,0.623,eng
OL49132718M,,,,0.623,eng
OL48767515M,,,,0.400,eng
OL49088870M,,,,0.505,eng
OL49088919M,,,,0.509,eng
OL49114124M,,,,0.623,eng
OL49118561M,,,,0.623,eng
OL49148166M,,,,0.509,eng
OL49177628M,,,,0.736,eng
OL49179177M,,,,0.623,eng
OL48591623M,,,,,eng
OL48432425M,,,,0.464,eng
OL48528323M,,,,0.395,eng
OL51627348M,,,,,eng
OL48328499M,,,,0.241 ,eng
OL48386433M,,,,0.295,eng
OL48387758M,,,,0.200,eng
OL48397648M,,,,0.414,eng
OL48176521M,,,,,eng
OL48282353M,,,,1.064,eng
OL48282387M,,,,0.509,eng
OL48295143M,,,,,eng
OL48326431M,,,,,eng
OL48337086M,,,,,eng
OL46930495M,,,,,eng
OL46776834M,,,,0.391,eng
OL46730496M,,,,0.405,eng
OL46650744M,,,,0.341,eng
OL46625241M,,,,0.623,eng
OL46673214M,,,,0.400,eng
OL46703777M,,,,1.364,eng
OL47269657M,320,paperback,,,eng
OL46474612M,,,,0.295,eng
OL46401036M,,,,,eng
OL46494887M,,,,,eng
OL46289146M,,,,0.400,eng
OL46514802M,,,,0.445,eng
OL46675618M,,,,0.382,eng
OL46123118M,,,,,eng
OL46158576M,,,,0.468,eng
OL44289585M,,,,0.327,eng
OL43376919M,,,,,eng
OL8075060M,226,Unbound,6 x 3.5 x 0.9 inches,,
OL43025732M,,,,,eng
OL42798320M,,,,0.400,eng
OL42618077M,,,,0.414,eng
OL42341405M,,,,0.445,eng
OL42345219M,,,,0.391,eng
OL42466114M,,,,0.527,eng
OL42475222M,,,,0.409,eng
OL42094570M,,,,0.427,eng
OL41988248M,,,,1.373,eng
OL42131194M,,,,0.159,eng
OL42267740M,,,,0.314,eng
OL41869111M,,,,0.382,eng
OL41904646M,,,,0.432,eng
OL42180447M,,,,0.532,eng
OL42201236M,,,,0.418,eng
OL42207204M,,,,0.600,eng
OL42209548M,,,,0.418,eng
OL42229628M,,,,0.391,eng
OL42337277M,,,,0.368,eng
OL41771554M,,,,0.209,eng
OL41842916M,,,,0.800,eng
OL41931022M,,,,0.300,eng
OL41021946M,,,,0.768,eng
OL41036726M,,,,0.673,eng
OL41187607M,,,,0.377,eng
OL41195720M,,,,0.673,eng
OL41210794M,,,,0.700,eng
OL41241089M,,audio cd,,,
OL41241694M,,,,0.486,eng
OL41296251M,,,,0.518,eng
OL41320228M,,,,0.536,eng
OL41570716M,,,,0.409,eng
OL41603034M,,,,0.655,eng
OL40888130M,,,,0.559,eng
OL40960708M,,,,0.841,eng
OL41037507M,,,,0.605,eng
OL41037856M,,,,0.455,eng
OL41079796M,,,,0.309,eng
OL41083306M,,,,0.650,eng
OL41135368M,,,,0.455,eng
OL41149501M,,,,0.691,eng
OL41150606M,,,,0.455,eng
OL41151918M,,,,0.559,eng
OL41165264M,,,,0.732,eng
OL41197260M,,,,0.455,eng
OL41215909M,,,,0.482,eng
OL41241084M,168,hardcover,,,
OL40798457M,,,,0.391,eng
OL40874175M,,,,0.432,eng
OL40877725M,,,,0.277,eng
OL40878358M,,,,0.277,eng
OL40883989M,,,,0.491,eng
OL40934960M,,,,0.273,eng
OL40717023M,,,,0.277,eng
OL40658878M,,,,0.432,eng
OL40666130M,,,,0.732,eng
OL40553870M,,,,0.768,eng
OL40554042M,,,,0.582,eng
OL40604783M,,,,0.432,eng
OL40607906M,,,,0.473,eng
OL40130462M,,,,0.341,eng
OL40155009M,,,,1.327,eng
OL40471869M,,,,,eng
OL40478226M,,,,,eng
OL39783219M,,,,0.405,eng
OL39675563M,,,,0.545,eng
OL38559029M,,,,0.382,eng
OL38553648M,,,,0.395,eng
OL38545000M,,,,0.395,eng
OL38537632M,,,,0.395,eng
OL38529941M,,,,0.395,eng
OL38527987M,,,,0.623,eng
OL38523570M,,,,0.391,eng
OL38506400M,,,,0.395,eng
OL38503176M,,,,0.391,eng
OL38498652M,,,,0.564,eng
OL38512856M,,,,0.395,eng
OL38518967M,,,,0.350,eng
OL38530504M,,,,0.395,eng
OL38530998M,,,,0.391,eng
OL38548543M,,,,0.395,eng
OL38550552M,,,,0.345,eng
OL39176886M,,,,,eng
OL38479757M,,,,0.395,eng
OL38486949M,,,,0.395,eng
OL38492609M,,,,0.395,eng
OL38467859M,,,,0.395,eng
OL38462604M,,,,0.395,eng
OL38474713M,,,,0.395,eng
OL38462304M,,,,0.395,eng
OL38467768M,,,,0.395,eng
OL38493906M,,,,0.395,eng
OL38501619M,,,,0.405,eng
OL38503532M,,,,0.395,eng
OL38548514M,,,,0.395,eng
OL38438132M,,,,0.395,eng
OL38443781M,,,,0.395,eng
OL38444353M,,,,0.395,eng
OL38435685M,,,,0.623,eng
OL38414633M,,,,0.395,eng
OL38415839M,,,,0.395,eng
OL38421174M,,,,0.395,eng
OL38189675M,,,,0.409,eng
OL38165273M,,,,0.368,eng
OL38170264M,,,,0.418,eng
OL38143518M,,,,0.391,eng
OL38133361M,,,,0.395,eng
OL38106735M,,,,0.395,eng
OL38108712M,,,,0.395,eng
OL37749967M,218,,,,eng
OL37729084M,,,,,eng
OL37729451M,,,,,eng
OL37710476M,,,,0.391,eng
OL37702994M,,,,0.395,eng
OL38198710M,,,,0.395,eng
OL37630060M,,,,0.250,eng
OL37727167M,,,,0.255,eng
OL37516823M,,,,0.318,eng
OL37485229M,,,,0.532,eng
OL37008904M,,,,0.391,eng
OL37002149M,,,,0.395,eng
OL36980071M,,,,0.391,eng
OL36979981M,,,,0.391,eng
OL37004211M,,,,0.395,eng
OL36965726M,,,,0.391,eng
OL36987497M,,,,0.391,eng
OL36993945M,,,,0.395,eng
OL36912483M,,,,0.282,eng
OL36901439M,,,,0.409,eng
OL36888633M,,,,0.395,eng
OL36897594M,,,,0.395,eng
OL36856307M,,,,0.395,eng
OL36853095M,,,,0.618,eng
OL36503508M,,,,0.400,eng
OL35717544M,281,,,,fre
OL35330489M,,,,,eng
OL29072077M,209,paperback,,,
OL27688125M,230,library binding,,,eng
OL27160911M,247,,,,eng
OL8547796M,272,Paperback,8.3 x 5.5 x 0.9 inches,10.4 ounces,eng
OL7824443M,224,Mass Market Paperback,6.7 x 4.2 x 0.7 inches,4.2 ounces,eng
OL52248106M,326,,,,eng
OL22921691M,302,,,,chi
OL37723059M,,,,0.395,eng
OL37695223M,,,,0.395,eng
OL37656292M,,,,0.391,eng
OL37663250M,,,,0.395,eng
OL37668867M,,,,0.386,eng
OL37591864M,,,,0.395,eng
OL37608040M,,,,0.395,eng
OL37548645M,,,,0.405,eng
OL37528995M,,,,0.382,eng
OL37518255M,,,,0.391,eng
OL37522875M,,,,0.395,eng
OL37523668M,,,,0.205,eng
OL37523741M,,,,0.323,eng
OL37516984M,,,,0.391,eng
OL37524351M,,,,0.395,eng
OL37528616M,,,,0.395,eng
OL36987236M,,,,0.395,eng
OL36964460M,,,,0.414,eng
OL36486651M,,,,,eng
OL36486652M,,,,,eng
OL36719800M,,,,,eng
OL36776178M,,,,,eng
OL36085169M,,,,0.309,eng
OL36115757M,,,,0.623,eng
OL36334826M,,,,0.336,eng
OL35503359M,,,,,eng
OL36035450M,,,,0.623,eng
OL34817704M,,,,0.159,eng
OL33467124M,352,,,,eng
OL34125258M,212,,,0.623,eng
OL36601113M,,,,0.395,eng
OL36594695M,,,,0.405,eng
OL36494660M,,,,0.386,eng
OL36494671M,,,,0.395,eng
OL36508198M,,,,0.395,eng
OL36511489M,,,,0.395,eng
OL36463509M,,,,0.409,eng
OL36473533M,,,,0.395,eng
OL36496937M,,,,0.382,eng
OL36366758M,,,,0.395,eng
OL36388502M,,,,0.395,eng
OL36449356M,,,,0.395,eng
OL36164531M,,,,0.395,eng
OL36123559M,,,,0.395,eng
OL36173474M,,,,0.414,eng
OL36117787M,,,,0.386,eng
OL36116168M,,,,0.395,eng
OL36121113M,,,,0.395,eng
OL36125456M,,,,0.386,eng
OL36148760M,,,,0.395,eng
OL36112487M,,,,0.395,eng
OL36120568M,,,,0.395,eng
OL36076192M,,,,0.427,eng
OL36033247M,,,,0.395,eng
OL36033160M,,,,0.395,eng
OL35973962M,,,,0.618,eng
OL35222165M,,,,0.395,eng
OL35121412M,,,,0.395,eng
OL35064630M,,,,0.386,eng
OL35180289M,,,,0.395,eng
OL35192408M,,,,0.395,eng
OL35041920M,,,,0.395,eng
OL34347964M,257,,,0.395,eng
OL34349410M,257,,,0.395,eng
OL34307879M,218,,,0.391,eng
OL34290658M,257,,,0.395,eng
OL34294054M,257,,,0.395,eng
OL34314453M,257,,,0.395,eng
OL34261768M,257,,,0.395,eng
OL34279982M,218,,,0.391,eng
OL34252853M,220,,,0.391,eng
OL34244747M,264,,,0.405,eng
OL34288533M,257,,,0.395,eng
OL34201054M,214,,,0.382,eng
OL32734086M,350,paperback bunko,,,
OL31853905M,170,hardcover,,,
OL30744945M,210,paperback,,,
OL30275467M,217,,,,eng
OL30221213M,217,,,,eng
OL30240049M,217,,,,eng
OL30190568M,256,,,,eng
OL30357114M,177,,,,eng
OL27594308M,208,paperback,,,
OL15388701M,309,,,,eng
OL14584199M,309,,,,eng
OL18119812M,309,,,,eng
OL23750346M,260,,,,
OL16236596M,,,,,eng
OL19889860M,264,,,,eng
OL19746209M,264,,,,eng
OL23750345M,309,,,,
OL23247589M,218,,,,eng
OL8258400M,,Hardcover,,,eng
OL17421552M,321,,,,eng
OL8188838M,,School & Library Binding,6.8 x 4.2 x 0.8 inches,9.6 ounces,eng
OL8076176M,260,Paperback,8.4 x 5.5 x 0.7 inches,11.2 ounces,eng
OL22098412M,264,,,,eng
OL22146128M,217,,,,eng
OL8076181M,260,Hardcover,,,eng
OL32144703M,,,,,eng
OL10748302M,,Paperback,6.6 x 4.1 x 0.4 inches,1.6 ounces,eng
OL29243029M,192,,,,eng
OL10738963M,,Mass Market Paperback,6.6 x 4 x 0.6 inches,4 ounces,eng
OL20130357M,219,,,,eng
OL18687307M,189,,,,eng
OL1307847M,189,,,,eng
OL12053357M,,Audio Cassette,,,
OL20026585M,154,,,,gre
OL37815228M,784,,,,
OL30600896M,336,paperback,,,
OL29427102M,688,,,,eng
OL29249952M,336,,,,eng
OL29236910M,688,,,,eng
OL27184908M,671,,,,eng
OL9738681M,313,Hardcover,,,eng
OL17359484M,189,,,,eng
OL9734607M,384,Paperback,,,
OL22379761M,302,,,,eng
OL9614536M,189,Paperback,,,eng
OL16522168M,192,,,,eng
OL10239227M,288,Hardcover,8.4 x 5.7 x 1.1 inches,15.8 ounces,eng
OL10280691M,192,Paperback,,,
OL10738835M,,Paperback,,,eng
OL32132143M,,,,,eng
OL29243000M,192,,,,eng
OL9750450M,192,Paperback,,,
OL9747758M,192,Paperback,,,
OL21272914M,219,,,,eng
OL9749242M,288,Hardcover,8.8 x 5.8 x 1 inches,14.4 ounces,eng
OL9749741M,288,Hardcover,8.8 x 5.8 x 1 inches,14.4 ounces,eng
OL9746686M,288,Hardcover,8.8 x 5.8 x 1 inches,14.4 ounces,eng
OL9745567M,192,Paperback,,,
OL9737071M,,Paperback,6.8 x 4.2 x 0.5 inches,3.2 ounces,eng
OL9750265M,304,Hardcover,8.8 x 5.5 x 0.8 inches,15.2 ounces,eng
OL9749331M,304,Hardcover,8.8 x 5.5 x 0.8 inches,15.2 ounces,eng
OL17411916M,192,,,,eng
OL18051267M,189,,,,eng
OL9749069M,,Paperback,,,eng
OL9751910M,,Paperback,,,eng
OL9746549M,,Paperback,,,eng
OL9621410M,185,Paperback,6.8 x 4.2 x 0.5 inches,3.2 ounces,eng
OL28951466M,185,,,,eng
OL28951394M,185,,,,eng
OL29263501M,250,,,,eng
OL9643887M,217,Hardcover,8.4 x 5.6 x 1.2 inches,14.7 ounces,eng
OL10738310M,191,Paperback,,,eng
OL11966304M,,Paperback,,,
OL14977954M,191,,,,eng
OL17214495M,191,,,,eng
OL9745249M,288,Hardcover,,,eng
OL9747335M,288,Hardcover,,,eng
OL9750014M,288,Hardcover,,,eng
OL18879270M,187,,,,eng
OL16522153M,,,,,eng
OL9744332M,,Paperback,6.8 x 4.2 x 0.8 inches,3.2 ounces,eng
OL22400323M,302,,,,eng
OL14977519M,187,,,,eng
OL10691317M,187,Paperback,,,eng
OL11235181M,322,Paperback,7.8 x 5.2 x 0.8 inches,10.4 ounces,eng
OL43581194M,,,,,eng
OL52982047M,372,,,,ger
OL57743660M,320,,,,eng
OL60629690M,320,Paperback,,,dut
OL43407856M,384,,,,eng
OL36858187M,,,,,eng
OL38862658M,1,audio cd,,,
OL33498539M,320,,,,eng
OL35499270M,326,,,,eng
OL29273817M,320,,,,eng
OL27440166M,384,hardcover,,,
OL27198876M,320,Paperback,20.96 x 13.49 x 2.03 centimeters,249 grams,eng
OL29243019M,192,,,,eng
OL9741286M,187,Paperback,,,eng
OL20501381M,,,,,eng
OL14981600M,187,,,,eng
OL9747731M,,Paperback,8.5 x 5.5 x 0.5 inches,9.6 ounces,eng
OL9746097M,,Paperback,8.5 x 5.5 x 0.5 inches,9.6 ounces,eng
OL9751253M,,Paperback,8.5 x 5.5 x 0.5 inches,9.6 ounces,eng
OL29264414M,192,,,,eng
OL17214476M,190,,,,und
OL14978532M,192,,,,eng
OL9754135M,187,Paperback,,,eng
OL38280428M,,,,,eng
OL34412821M,,,,,eng
OL24375627M,185,,,,eng
OL29671278M,192,,,,eng
OL29671682M,192,,,,eng
OL29687232M,192,,,,eng
OL29263505M,192,,,,eng
OL28988882M,184,,,,eng
OL28741427M,256,,,,eng
OL9736765M,288,Paperback,,,eng
OL24265169M,,Electronic resource,,,eng
OL9675337M,192,Mass Market Paperback,6.2 x 4.1 x 0.6 inches,3.2 ounces,eng
OL29242984M,192,,,,eng
OL29053848M,288,,,,eng
OL28973668M,189,,,,eng
OL14978632M,189,,,,eng
OL14982026M,189,,,,eng
OL9570177M,189,Paperback,,,eng
OL1980277M,189,,,,eng
OL17299110M,189,,,,eng
OL9735986M,288,Hardcover,,,eng
OL9647420M,189,Paperback,,,eng
OL24787705M,189,,,,eng
OL38466569M,,,,,eng
OL38057296M,493,,,,eng
OL38055215M,,,,,eng
OL38052515M,,,,,eng
OL38047166M,,,,,eng
OL38047123M,,,,,eng
OL38045834M,,,,,eng
OL38353888M,,,,,eng
OL29773711M,192,,,,eng
OL29691188M,192,,,,eng
OL29263658M,250,,,,eng
OL29033593M,576,,,,eng
OL28950780M,192,,,,eng
OL10743019M,,Mass Market Paperback,,,
OL10241081M,288,Hardcover,8.3 x 5.5 x 1.1 inches,14.7 ounces,eng
OL18768923M,187,,,,eng
OL38386868M,,,,,eng
OL24238949M,189,,,,eng
OL21223496M,189,,,,eng
OL10691082M,,Paperback,,,eng
OL14981161M,187,,,,eng
OL22726885M,187,,,,eng
OL10690365M,,Mass Market Paperback,,,eng
OL37821190M,191,Paperback,,,eng
OL37821158M,192,Paperback,,,eng
OL19036585M,192,Hardcover,,,eng
OL20775343M,361,,,,eng
OL1873986M,361,,,,eng
OL22824453M,361,,,,eng
OL17221799M,192,Paperback,,,eng
OL10691427M,,Paperback,,,eng
OL14976436M,,,,,eng
OL14981962M,188,,,,eng
OL59468778M,384,paperback,,,ger
OL40218490M,1,audio cd,,,
OL27165844M,364,,,,chi
OL36712634M,,,,,spa
OL36802306M,296,Paperback,,0.33 kilos,spa
OL35455551M,320,paperback,,,tur
OL37747470M,310,,,,eng
OL33987816M,352,,,,eng
OL34478506M,384,,,0.244,eng
OL27144896M,317,,,,eng
OL20717821M,,,,,gre
OL29243014M,192,,,,eng
OL9513552M,320,Audio cassette,,,
OL10280658M,192,Paperback,,,
OL9697441M,288,Hardcover,,,eng
OL9438938M,224,Paperback,,,
OL7421985M,220,,,,eng
OL9361564M,187,Mass Market Paperback,,,eng
OL24381749M,220,Paperback,,,eng
OL22380110M,306,,,,eng
OL10738477M,186,Paperback,6.5 x 4.1 x 0.7 inches,4 ounces,eng
OL14981209M,186,Paperback,,,eng
OL10807106M,306,Hardcover,,,eng
OL38270779M,,,,,eng
OL38357220M,,,,,eng
OL29783129M,192,,,,eng
OL29152053M,192,,,,eng
OL28950418M,186,,,,eng
OL9747566M,186,Paperback,6.8 x 4.2 x 0.6 inches,3.5 ounces,eng
OL9750254M,186,Paperback,6.8 x 4.2 x 0.6 inches,3.5 ounces,eng
OL9745419M,186,Paperback,6.8 x 4.2 x 0.6 inches,3.5 ounces,eng
OL9750790M,288,Hardcover,8.3 x 5.5 x 0.8 inches,1 pounds,eng
OL17207889M,186,,,,eng
OL9748049M,288,Hardcover,8.3 x 5.5 x 0.8 inches,1 pounds,eng
OL31992151M,148,,,,fre
OL9752090M,192,Paperback,,,
OL9749227M,192,Paperback,,,
OL16522162M,,,,,eng
OL9750733M,288,Hardcover,,,eng
OL9748521M,288,Hardcover,,,eng
OL9750715M,189,Paperback,,,eng
OL9745722M,189,Paperback,,,eng
OL9747979M,189,Paperback,,,eng
OL31910825M,,,,,eng
OL29264343M,192,,,,eng
OL16830116M,188,,,,eng
OL17363570M,188,,,,eng
OL10738391M,188,Paperback,,,eng
OL44175236M,,,,,eng
OL22568185M,235,,,,eng
OL17371302M,188,,,,eng
OL10738607M,188,Paperback,,,eng
OL10807085M,254,Hardcover,8.8 x 5.8 x 0.8 inches,13.6 ounces,eng
OL17255651M,187,,,,eng
OL9747434M,187,Paperback,,,eng
OL9746776M,187,Paperback,,,eng
OL9752238M,187,Paperback,,,eng
OL27180374M,706,,,,fre
OL28125626M,608,paperback,,,
OL28125628M,1,audio cd,,,
OL30786654M,608,paperback,,,
OL30786655M,608,paperback,,,
OL31853390M,592,paperback,,,
OL31853389M,592,paperback,,,
OL31853818M,592,paperback,,,
OL31853819M,592,paperback,,,
OL26320905M,584,,,,eng
OL18817745M,,,,,eng
OL21310545M,287,,,,eng
OL10239116M,287,Hardcover,8.6 x 6 x 1.1 inches,13.6 ounces,eng
OL10738506M,188,Paperback,,,eng
OL14978606M,189,,,,eng
OL14981545M,224,,,,und
OL24215468M,189,,,,
OL10738627M,189,Paperback,,,eng
OL29559097M,192,Paperback,,,eng
OL18422297M,188,,,,eng
OL10239725M,288,Hardcover,,,eng
OL17411507M,192,,,,eng
OL9744237M,288,Hardcover,8.5 x 5.8 x 1 inches,15.2 ounces,eng
OL9573269M,187,Paperback,,,eng
OL9734207M,192,Paperback,,,
OL10738115M,190,Paperback,,,eng
OL14977254M,190,,,,eng
OL14980278M,,,,,eng
OL14981361M,190,,,,und
OL35887226M,,,,0.068 ,eng
OL28974110M,188,,,,eng
OL18053351M,188,,,,eng
OL1648661M,188,,,,eng
OL10738857M,,Paperback,,,eng
OL29264439M,192,,,,eng
OL10738648M,,Paperback,,,eng
OL17236886M,187,,,,eng
OL38275638M,,,,,eng
OL38353157M,,,,,eng
OL29798343M,192,,,,eng
OL29151912M,192,,,,eng
OL28950431M,188,,,,eng
OL24843170M,188,,,,eng
OL24755934M,188,,,,eng
OL17404380M,192,,,,eng
OL10240316M,288,Hardcover,8.4 x 5.6 x 1 inches,15 ounces,eng
OL10739112M,188,Paperback,6.8 x 4.2 x 0.8 inches,4 ounces,eng
OL14977575M,188,,,,eng
OL17434943M,188,,,,eng
OL14981585M,192,,,,und
OL9604150M,188,Paperback,,,eng
OL29784098M,192,,,,eng
OL29264502M,192,,,,eng
OL9599446M,188,Paperback,,,eng
OL14976827M,188,,,,eng
OL11383501M,,Audio Cassette,,,eng
OL38271705M,,,,,eng
OL29663919M,384,,,,eng
OL29127386M,220,,,,eng
OL29106550M,192,,,,eng
OL25016349M,345,,,,eng
OL9415471M,186,Paperback,,,eng
OL9420828M,286,Hardcover,8.2 x 5.5 x 0.8 inches,12.8 ounces,eng
OL14977436M,186,,,,eng
OL19412265M,221,,,,eng
OL9378907M,,Mass Market Paperback,,,eng
OL9636933M,285,Textbook Binding,,,
OL7416954M,224,,,,eng
OL29264357M,192,,,,eng
OL28973771M,186,,,,eng
OL9566454M,235,Paperback,,,eng
OL18361887M,190,,,,eng
OL14977564M,186,,,,eng
OL20121316M,186,,,,eng
OL9315113M,186,Mass Market Paperback,,,eng
OL9740569M,250,Paperback,8.5 x 5.5 x 0.6 inches,9.6 ounces,eng
OL10239196M,288,Library Binding,,,eng
OL14981635M,187,,,,eng
OL10691680M,187,Paperback,,,eng
OL15315164M,,,,,pol
OL21376207M,,,,,dut
OL21424536M,,,,,ita
OL21893165M,,,,,chi
OL21259243M,,,,,fin
OL21626286M,,,,,por
OL21626272M,,,,,spa
OL29763354M,192,,,,eng
OL29242971M,192,,,,eng
OL22221985M,187,,,,eng
OL10239203M,288,Hardcover,,,
OL10280681M,192,Paperback,,,
OL18107578M,219,,,,eng
OL10738635M,187,Mass Market Paperback,,,eng
OL24947317M,187,,,,eng
OL29758381M,192,,,,eng
OL29264507M,192,,,,eng
OL17892830M,189,,,,eng
OL9750869M,,Paperback,,,eng
OL18521289M,189,,,,eng
OL9747631M,,Paperback,,,eng
OL18425894M,224,,,,eng
OL9745935M,,Paperback,,,eng
OL9741352M,189,Paperback,,,eng
OL29264481M,192,,,,eng
OL14977653M,192,Hardcover,,,eng
OL14981685M,192,Paperback,,,eng
OL9623680M,192,Paperback,,,eng
OL24950263M,192,Paperback,,,eng
OL38290807M,,,,,eng
OL34872133M,,,,,eng
OL29247535M,192,,,,eng
OL10738274M,191,Paperback,,,eng
OL14977837M,192,,,,eng
OL10239046M,288,Hardcover,,,eng
OL14980839M,192,,,,eng
OL24411167M,191,,,,eng
OL16521982M,187,Paperback,,,eng
OL9736426M,187,Paperback,6.6 x 4 x 0.7 inches,3.2 ounces,eng
OL17433641M,190,,,,eng
OL24951976M,190,,,,eng
OL24972260M,190,,,,eng
OL9746982M,190,Paperback,,,eng
OL9752526M,190,Paperback,,,eng
OL9749628M,190,Paperback,,,eng
OL9747240M,384,Paperback,,,eng
OL9749920M,384,Paperback,,,
OL10738837M,,Paperback,,,eng
OL10280988M,192,Paperback,,,
OL10239724M,288,Hardcover,,,eng
OL44096885M,,,,,eng
OL38352156M,,,,,eng
OL29800729M,192,,,,eng
OL29151671M,192,,,,eng
OL28950958M,187,,,,eng
OL9613118M,187,Paperback,6.8 x 4.2 x 0.8 inches,3.2 ounces,eng
OL9742610M,288,Hardcover,8.4 x 5.6 x 1 inches,13.3 ounces,eng
OL38344800M,,,,,fre
OL38271588M,,,,,eng
OL38357055M,,,,,eng
OL29793484M,192,,,,eng
OL29151999M,192,,,,eng
OL28974638M,187,,,,eng
OL9752484M,288,Hardcover,8.8 x 6 x 1.2 inches,14.4 ounces,eng
OL9749585M,288,Hardcover,8.8 x 6 x 1.2 inches,14.4 ounces,eng
OL9746950M,288,Hardcover,8.8 x 6 x 1.2 inches,14.4 ounces,eng
OL9742578M,,Paperback,7 x 4.2 x 0.8 inches,4 ounces,eng
OL17413527M,192,,,,eng
OL48764246M,,,,,eng
OL32342708M,2608,paperback,,,
OL29697592M,1327,,,,eng
OL39819953M,320,paperback,,,
OL39958356M,,,,,eng
OL37427842M,,,,0.459,eng
OL35031609M,,,,,eng
OL29755235M,388,paperback,,,
OL9751897M,188,Paperback,,,eng
OL9749057M,188,Paperback,,,eng
OL9746541M,188,Paperback,,,eng
OL17396879M,188,,,,eng
OL2704114M,188,,,,eng
OL47620785M,,Web Book,,,eng
OL2675938M,187,,,,eng
OL14980480M,187,,,,eng
OL10738193M,187,Paperback,,,eng
OL24941013M,187,Paperback,,,eng
OL28973935M,189,,,,eng
OL31986854M,187,Paperback,,,eng
OL31986851M,187,Paperback,,,eng
OL24382038M,189,Paperback,,,eng
OL21220705M,192,Hardcover,,,eng
OL29589204M,192,,,,eng
OL29135944M,192,,,,eng
OL28954515M,186,,,,eng
OL9747151M,288,Hardcover,,,eng
OL9749830M,288,Hardcover,,,eng
OL9745102M,288,Hardcover,,,eng
OL9749482M,186,Hardcover,,,
OL9752374M,186,Hardcover,,,
OL9743008M,192,Mass Market Paperback,6.6 x 6.4 x 0.6 inches,3.4 ounces,eng
OL9858486M,192,Mass Market Paperback,6.6 x 4.1 x 0.4 inches,1.6 ounces,eng
OL60840262M,496,,,,eng
OL40033160M,560,Paperback,,,eng
OL46528929M,500,Hardcover,,,eng
OL52216508M,480,Hardcover,,0.010 ,eng
OL38337597M,496,Paperback,,0.300 ,eng
OL37535002M,562,Ebook,,,eng
OL36542796M,560,Paperback,,,eng
OL51330501M,,,,0.548,eng
OL47324904M,1,audio cd,,,
OL47523909M,,paperback,,,
OL49799723M,,,,,pol
OL35651308M,,paperback,,,tur
OL27727196M,,paperback,,,ger
OL33439293M,400,,,,eng
OL35773013M,,,,,eng
OL27809975M,360,,,,
OL26918886M,321,Paperback,,,eng
OL22166304M,187,,,,eng
OL1612903M,187,,,,eng
OL10807204M,265,Hardcover,8.8 x 5.5 x 1 inches,13.6 ounces,eng
OL22593817M,187,,,,eng
OL10738735M,187,Paperback,,,eng
OL38371832M,,,,,eng
OL38368111M,,,,,eng
OL38291165M,,,,,eng
OL29596541M,192,,,,eng
OL29245103M,192,,,,eng
OL28953298M,185,,,,eng
OL28953335M,185,,,,eng
OL9750474M,192,Mass Market Paperback,6.7 x 4 x 0.7 inches,3.2 ounces,eng
OL9745581M,192,Mass Market Paperback,6.7 x 4 x 0.7 inches,3.2 ounces,eng
OL9747778M,192,Mass Market Paperback,6.7 x 4 x 0.7 inches,3.2 ounces,eng
OL9752564M,288,Hardcover,8.6 x 5.3 x 1 inches,14.1 ounces,eng
OL9749664M,288,Hardcover,8.6 x 5.3 x 1 inches,14.1 ounces,eng
OL56884344M,560,,,,spa
OL52553172M,496,,,,eng
OL48447846M,,,,0.371,eng
OL32499504M,,audio cd,,,
OL28300621M,460,paperback,,,eng
OL1610727M,187,,,,eng
OL17370211M,187,,,,eng
OL17300186M,,,,,eng
OL24939200M,187,,,,eng
OL24974171M,187,,,,eng
OL10738712M,187,Paperback,6.6 x 4 x 0.6 inches,3.2 ounces,eng
OL24976491M,187,,,,eng
OL28973600M,189,Hardcover,,,eng
OL10280580M,192,Paperback,,,eng
OL10691226M,,Paperback,,,eng
OL10738553M,187,Paperback,6.6 x 3.7 x 0.4 inches,8 ounces,eng
OL14981397M,190,,,,eng
OL14978485M,,,,,eng
OL28002476M,349,Hardcover,,,dut
OL59126422M,320,,,,heb
OL48258839M,400,,,,eng
OL38538688M,,,,,eng
OL39633592M,,,,,eng
OL32234215M,,audio cd,,,
OL46528859M,385,Kindle,,,eng
OL26940602M,750,[sound recording] /,,,eng
OL26694821M,370,,,,
OL27099606M,416,,,,
OL27292928M,,paperback,,,
OL28153628M,,audio cd,,,
OL28478001M,370,audio cd,,,eng
OL26435884M,370,Hardcover,,,eng
OL29242975M,224,,,,eng
OL28973754M,187,,,,eng
OL2738323M,248,,,,eng
OL18427250M,219,,,,eng
OL20130268M,219,,,,eng
OL14977422M,187,,,,eng
OL9396517M,187,Mass Market Paperback,,,eng
OL24934924M,218,,,,eng
OL37755966M,188,Paperback,,,eng
OL38386625M,,,,,eng
OL10280500M,192,Paperback,,,
OL14975934M,188,,,,eng
OL24238836M,188,,,,eng
OL14980255M,192,,,,und
OL24554218M,188,,,,eng
OL11585382M,,Paperback,,,eng
OL29763294M,192,,,,eng
OL29264363M,192,,,,eng
OL27923306M,187,Paperback,,,eng
OL18356833M,190,Hardcover,,,eng
OL17476629M,190,Paperback,,,eng
OL20121410M,188,Paperback,,,eng
OL10738150M,188,Paperback,,,eng
OL57388938M,421,,,,eng
OL37811712M,,,,,por
OL37811705M,392,,,,por
OL51089078M,,,,0.600 ,eng
OL51152917M,496,,,,ger
OL48197722M,,,,,eng
OL36639394M,496,Paperback,21.4 x 14.1 x 3.5 centimeters,609 grams,spa
OL40201479M,448,,,0.455,eng
OL37986306M,,,,,eng
OL37329271M,,,,0.300,eng
OL36884024M,,,,0.450,eng
OL36357162M,,library binding,,,
OL32642974M,476,paperback,,,
OL30767344M,,preloaded digital audio player,,,
OL27632309M,432,Epub,,,eng
OL27270721M,421,Trade paperback,,,eng
OL29755787M,192,,,,eng
OL29264347M,192,,,,eng
OL14977608M,186,,,,eng
OL22394557M,226,,,,eng
OL20121426M,186,,,,eng
OL22835446M,186,,,,eng
OL24206331M,186,Paperback,,,eng
OL14981682M,192,,,,und
OL11946253M,226,Paperback,,,
OL11900306M,240,Paperback,8.3 x 5.7 x 0.5 inches,7.2 ounces,eng
OL37392594M,,,,,eng
OL38268326M,,,,,eng
OL29127329M,220,,,,eng
OL28950989M,224,,,,eng
OL10691244M,192,Paperback,,,eng
OL24967698M,187,,,,eng
OL10280582M,192,Paperback,,,
OL10282771M,299,Paperback,,,
OL14977156M,187,,,,eng
OL10280402M,285,Hardcover,8.1 x 5.5 x 1 inches,11.2 ounces,eng
OL10746962M,304,Paperback,6.8 x 3.8 x 0.8 inches,4 ounces,eng
OL29264477M,192,,,,eng
OL18352249M,187,,,,eng
OL9418489M,187,Paperback,,,eng
OL24936582M,187,,,,eng
OL24980949M,187,Paperback,,,eng
OL37438695M,,,,,eng
OL29592696M,192,,,,eng
OL29136677M,220,,,,eng
OL9636194M,287,Hardcover,8.2 x 5.3 x 1 inches,13.6 ounces,eng
OL9306847M,224,Paperback,6.8 x 4.2 x 0.6 inches,3.7 ounces,eng
OL18138181M,189,,,,eng
OL24208250M,189,,,,eng
OL14978700M,,,,,eng
OL10282198M,224,Paperback,,,
OL9743615M,288,Hardcover,8.8 x 5.8 x 1.2 inches,15.2 ounces,eng
OL10691074M,,Paperback,,,eng
OL40232570M,412,,,,ger
OL44897339M,416,hardcover,,,rus
OL49294668M,,,,0.830 ,eng
OL40224862M,334,Capa dura,,,
OL46524413M,336,,,,por
OL51108597M,,,,0.296,eng
OL46849212M,287,Ebook,,,
OL41724387M,,hardcover,,,
OL42883035M,,,,,eng
OL37736394M,400,paperback,,,spa
OL35366895M,376,paperback,,,tur
OL36214401M,416,Paperback,21 x 13.5 x 3 centimeters,500 grams,ger
OL35891593M,368,Paperback,20.5 x 13.5 x 2.2 centimeters,,por
OL35256642M,400,Paperback,,,dut
OL32956533M,450,Paperback,17.9 x 11 x 2.2 centimeters,246 grams,fre
OL32956532M,250,eBook,,,por
OL39223386M,536,Paperback,22.86 x 15.24 x 3.81 centimeters,620 grams,eng
OL39479218M,384,trade paperback,20.96 x 13.49 x 2.29 centimeters,295 grams,eng
OL38095018M,400,Paperback,20 x 13 x 2.5 centimeters,340 grams,spa
OL35799667M,384,Paperback,23.4 x 15.3 x  centimeters,,eng
OL36137916M,376,Paperback,2.5 x 13 x 2 centimeters,,eng
OL37048559M,488,Paperback,21 x 14 x 2.4 centimeters,614 grams,kor
OL35292977M,310,Hardcover,22.86 x 15.24 x 1.91 centimeters,585 grams,eng
OL34033919M,352,eBook,,,eng
OL29729888M,384,eBook,,,eng
OL29837601M,448,Mass Market Paperback,17.15 x 10.48 x 2.54 centimeters,,eng
OL30570882M,376,Paperback,,300 grams,tur
OL30570883M,384,Softcover,,,eng
OL27213498M,384,Paperback,20 x 13 x 2.6 centimeters,260 grams,eng
OL28220059M,1,audio cd,,,eng
OL26604553M,358,Softcover,20.5 x 13.5 x 2.5 centimeters,,pol
OL46526687M,384,paperback,,,fre
OL40208522M,384,paperback,,,spa
OL46256805M,,,,,spa
OL40729418M,336,Paperback,,,por
OL40078929M,,hardcover,,,
OL48198961M,,,,,eng
OL49140417M,,,,,eng
OL43624118M,,,,,eng
OL40207502M,497,paperback,,,
OL40005138M,323,,,,
OL37050436M,352,paperback,,,
OL39651255M,,Hardcover,,,eng
OL39209653M,,audio cd,,,eng
OL38323115M,,,,,eng
OL38059274M,,,,,eng
OL37857529M,336,,,,
OL49950513M,,,,,pol
OL42024692M,341,,,,eng
OL48903613M,,,,0.315,eng
OL39272166M,,,,0.300,eng
OL39203166M,384,paperback,,,
OL32560275M,396,paperback,,,
OL31924968M,,mp3 cd,,,
OL28169596M,341,Paperback,,,eng
OL10691179M,,Mass Market Paperback,,,eng
OL10280745M,192,Paperback,,,
OL21220907M,190,,,,eng
OL21084927M,128,,,,spa
OL10691218M,188,Paperback,,,eng
OL14981752M,,,,,eng
OL14980741M,191,,,,eng
OL2704113M,191,,,,eng
OL9679787M,191,Paperback,,,eng
OL61638992M,600,Paperback,,,spa
OL52654002M,,,,,eng
OL59414384M,624,paperback,,,por
OL52556338M,528,,,,eng
OL51621343M,,,,0.369 ,spa
OL49297283M,,,,,eng
OL49296355M,,,,,eng
OL48369768M,,,,,eng
OL48316907M,,,,,eng
OL48262168M,,,,,eng
OL48199602M,,,,,eng
OL51098487M,,,,,eng
OL14977904M,190,,,,eng
OL10280695M,192,Paperback,,,
OL10239055M,288,Hardcover,,,
OL10738301M,190,Paperback,,,eng
OL14976197M,192,Paperback,,,eng
OL14980268M,192,,,,und
OL14979815M,187,Paperback,,,eng
OL24372658M,187,,,,eng
OL61638446M,432,Paperback,,,spa
OL48806102M,371,Ebook,,,eng
OL39194216M,,,,0.136,eng
OL34101901M,375,ebook,,,eng
OL38429115M,512,,,0.010 ,eng
OL56900534M,640,Paperback,,,spa
OL36978097M,,,,,eng
OL37998217M,,,,0.300 ,eng
OL38183720M,,,,,eng
OL36978096M,,,,,eng
OL17558866M,188,,,,eng
OL22727034M,,,,,eng
OL21222645M,,,,,eng
OL1646145M,188,,,,eng
OL10738804M,188,Paperback,,,eng
OL57760120M,336,,,0.177,eng
OL58689742M,400,,,,eng
OL51334480M,,,,,eng
OL38565190M,,paperback,,,por
OL37746151M,304,Taschenbuch,,,ger
OL26963844M,296,Paperback,,,pol
OL38325202M,,,,,eng
OL34076180M,400,,,,eng
OL34912092M,,,,,eng
OL28418464M,419,library binding,,,
OL28688758M,320,,,,eng
OL32191856M,320,paperback,,,
OL32191857M,1,audio cd,,,
OL26961022M,308,,,,eng
OL29264483M,192,,,,eng
OL14978502M,,,,,eng
OL22426445M,,,,,eng
OL9635064M,187,Paperback,,,eng
OL17338824M,192,,,,eng
OL19047839M,187,,,,eng
OL1641194M,187,,,,eng
OL10738884M,,Paperback,,,eng
OL17309819M,,,,,eng
OL14981977M,188,,,,eng
OL14978360M,,,,,eng
OL10738453M,188,Paperback,,,eng
OL60769352M,183,,,,por
OL44177429M,,,,,eng
OL29028525M,192,,,,eng
OL37174975M,,,,,eng
OL24499080M,181,,,,eng
OL32139109M,286,,,,eng
OL29583894M,256,,,,eng
OL29020828M,184,,,,eng
OL24303400M,,eBook,,,eng
OL24308580M,,eBook,,,eng
OL58114645M,576,paperback,,,fre
OL53484656M,463,,,,heb
OL33428668M,480,,,,eng
OL32037491M,416,paperback,,,
OL32037490M,464,hardcover,,,
OL28107930M,480,paperback,,,
OL32037489M,,mp3 cd,,,
OL32037492M,1,audio cd,,,
OL32037493M,,audio cd,,,
OL27549830M,432,mass market paperback,,,
OL26004944M,448,,,,
OL9522109M,448,Paperback,,,eng
OL3475143M,393,,,,eng
OL24265453M,,Electronic resource,,,eng
OL10273554M,416,Paperback,6.4 x 4.2 x 1.2 inches,6.4 ounces,eng
OL10690923M,189,Mass Market Paperback,,,eng
OL10749883M,,Paperback,,,eng
OL14979987M,189,Hardcover,,,eng
OL26419013M,186,Paperback,,4.8 ounces,
OL10738070M,,Paperback,,,eng
OL1560669M,235,,,,eng
OL21366017M,240,,,,eng
OL14977002M,186,,,,eng
OL9827465M,192,Paperback,,,
OL10691603M,187,Paperback,6.6 x 4.1 x 0.7 inches,2.4 ounces,eng
OL17310803M,187,,,,eng
OL10239142M,288,Hardcover,,,eng
OL21424683M,,,,,dut
OL20583155M,,,,,por
OL21376209M,,,,,dut
OL21795599M,,,,,fre
OL21424445M,,,,,ita
OL28973807M,191,Hardcover,,,eng
OL9745124M,191,Paperback,,,eng
OL9747177M,191,Paperback,,,eng
OL9749853M,191,Paperback,,,eng
OL14977691M,191,Paperback,,,eng
OL26335728M,192,,,,eng
OL14979995M,192,,,,eng
OL14976258M,,,,,eng
OL44177351M,,,,,eng
OL28973611M,187,,,,eng
OL10738185M,187,Paperback,,,eng
OL14980492M,187,,,,eng
OL7661727M,,Paperback,,,eng
OL9441025M,544,Hardcover,10 x 6.5 x 1.5 inches,2 pounds,eng
OL22293916M,,,,,eng
OL7649506M,,Paperback,,,eng
OL7664734M,736,Mass Market Paperback,6.7 x 4.2 x 1.3 inches,12 ounces,eng
OL1093010M,,,,,eng
OL7645046M,592,Hardcover,9.7 x 6.6 x 1.6 inches,2 pounds,eng
OL7663758M,538,Paperback,,,eng
OL11074983M,,Paperback,,,eng
OL7790387M,544,Paperback,,,
OL38452M,,,,,eng
OL22945990M,606,,,,rus
OL24947383M,544,,,,eng
OL23064070M,,,,,rus
OL14976737M,191,,,,eng
OL14980462M,192,,,,und
OL10691123M,,Mass Market Paperback,,,eng
OL31856717M,188,Hardcover,,,eng
OL31856620M,188,Paperback,,,eng
OL9564707M,,Mass Market Paperback,,,eng
OL12043679M,,Audio Cassette,9.5 x 7 x 1.2 inches,13.6 ounces,eng
OL14976794M,188,Paperback,,,eng
OL28953433M,192,,,,eng
OL10739841M,250,Paperback,,,eng
OL10240674M,288,Hardcover,8.5 x 5.8 x 1 inches,13.6 ounces,eng
OL10692034M,189,Paperback,6.5 x 4.1 x 0.7 inches,3.2 ounces,eng
OL41377728M,302,paperback,,,
OL40297638M,367,,,,ger
OL26040729M,320,Paperback,20.96 x 13.49 x 2.03 centimeters,249 grams,eng
OL27929152M,,,,,pol
OL35304095M,,paperback,,,tur
OL27428109M,,paperback,,,ger
OL27157205M,287,,,,chi
OL29134756M,320,,,,eng
OL33993307M,320,,,,eng
OL14978382M,,,,,eng
OL22839393M,186,,,,eng
OL10738416M,186,Paperback,,,eng
OL29242968M,192,,,,eng
OL9895090M,187,Paperback,6.5 x 3.9 x 0.7 inches,2.4 ounces,eng
OL18357894M,192,,,,eng
OL24943429M,187,,,,eng
OL29152288M,192,,,,eng
OL28990644M,185,,,,eng
OL28363959M,,hardcover,,,
OL24260394M,,Electronic resource,,,eng
OL9562522M,192,Mass Market Paperback,6.3 x 4.1 x 0.5 inches,3.2 ounces,eng
OL9741669M,256,Mass Market Paperback,6.5 x 4.2 x 0.9 inches,4 ounces,eng
OL10239079M,285,Hardcover,,,eng
OL27717863M,186,Paperback,,,eng
OL17317527M,186,Mass Market Paperback,17 x  x  centimeters,,eng
OL21309872M,285,Hardcover,,,eng
OL18357744M,186,Mass Market Paperback,,,eng
OL10738392M,186,Mass Market Paperback,6.8 x 4.2 x 0.6 inches,4.8 ounces,eng
OL24767736M,186,Mass Market Paperback,,,eng
OL60825897M,624,,,,eng
OL53340128M,624,,,,eng
OL50524432M,,,,,ger
OL48812423M,,,,0.964,eng
OL46776502M,,,,,eng
OL46535310M,592,paperback,,,spa
OL46495064M,,,,0.873,eng
OL42788780M,,,,,eng
OL37077814M,606,paperback,,,
OL41347527M,,hardcover,,,
OL61366359M,352,Paperback,,,dut
OL48152017M,,,,,eng
OL48675455M,,,,,eng
OL49511303M,,,,,eng
OL50655522M,,,,,eng
OL51095009M,338,,,,eng
OL42512520M,,mass market paperback,,,eng
OL37401548M,,,,,eng
OL32216971M,1,mp3 cd,,,
OL28907014M,464,,,,eng
OL27277806M,329,Paperback,,,eng
OL34115689M,368,,,,eng
OL35813696M,,,,,eng
OL27105656M,357,,,,
OL27350901M,448,hardcover,,,eng
OL27781701M,1,audio cd,,,
OL28286358M,464,library binding,,,
OL28769199M,464,,,,eng
OL24917781M,,,,,eng
OL25114382M,,Audio book,,,eng
OL29264413M,192,,,,eng
OL9698566M,,Audio cassette,7.1 x 4.2 x 0.7 inches,,eng
OL9825424M,,Mass Market Paperback,,,eng
OL10282162M,224,Paperback,,,
OL9425484M,221,Paperback,,,eng
OL14977940M,187,,,,eng
OL10280636M,192,Paperback,,,
OL10690366M,,Paperback,,,
OL29727781M,192,,,,eng
OL29264353M,192,,,,eng
OL28973898M,186,,,,eng
OL21309593M,287,,,,eng
OL14978000M,186,,,,eng
OL9750386M,288,Hardcover,,,
OL9747694M,288,Hardcover,,,
OL9734801M,,Paperback,,,eng
OL9745519M,288,Hardcover,,,
OL29264469M,192,,,,eng
OL18213797M,189,,,,eng
OL10738442M,189,Paperback,,,eng
OL24938967M,189,,,,eng
OL24975286M,189,,,,eng
OL29263506M,192,,,,eng
OL28953646M,188,,,,eng
OL28953738M,188,,,,eng
OL9514642M,188,Paperback,6.4 x 4.1 x 0.6 inches,3.2 ounces,eng
OL10745264M,,Paperback,6.7 x 4.2 x 0.4 inches,1.8 ounces,spa
OL9562756M,288,Hardcover,8.4 x 5.6 x 1 inches,13.4 ounces,eng
OL14982019M,188,,,,eng
OL9752685M,288,Hardcover,,,eng
OL18210485M,188,,,,eng
OL9750345M,,Paperback,,,eng
OL60908554M,468,,,,eng
OL52624087M,468,,,0.010,eng
OL52618059M,528,,,0.511,spa
OL51637606M,,,,,eng
OL57537271M,576,,,0.440,eng
OL39723915M,462,,,0.586 ,eng
OL39567977M,468,hardcover,,,
OL39160439M,462,hardcover,,,
OL38579685M,468,paperback,,,
OL61071797M,125,,,,por
OL44170990M,,,,,eng
OL17384310M,187,,,,eng
OL17179427M,189,,,,eng
OL9748351M,189,Paperback,,,eng
OL9751128M,189,Paperback,,,eng
OL18521257M,189,Mass Market Paperback,,,eng
OL22824869M,189,Paperback,,,eng
OL1085631M,244,Paperback,,,eng
OL21364996M,240,,,,eng
OL21364991M,240,Hardcover,,,eng
OL9668551M,189,Paperback,7 x 4.1 x 0.5 inches,3.2 ounces,eng
OL29264499M,192,,,,eng
OL21437817M,192,,,,eng
OL14981210M,189,Paperback,,,eng
OL10738472M,189,Paperback,,,eng
OL48206819M,,,,,eng
OL28973814M,188,,,,eng
OL21222190M,285,,,,eng
OL14977710M,188,,,,eng
OL9615644M,188,Paperback,,,eng
OL9603671M,288,Library Binding,,,eng
OL24959039M,188,,,,eng
OL38290911M,,,,,eng
OL34872144M,,,,,eng
OL29248529M,192,,,,eng
OL9745468M,288,Hardcover,,,
OL9751599M,380,Paperback,,,
OL14977516M,188,,,,eng
OL9750324M,288,Hardcover,,,
OL9745051M,380,Paperback,,,
OL9747626M,288,Hardcover,,,
OL9748793M,380,Paperback,,,
OL9742157M,188,Paperback,,,eng
OL9744667M,,Paperback,6.5 x 4.2 x 0.8 inches,4 ounces,eng
OL9746871M,288,Hardcover,,,eng
OL9752371M,288,Hardcover,,,eng
OL9749480M,288,Hardcover,,,eng
OL17388896M,189,,,,eng
OL10745631M,152,Paperback,,,fre
OL29242998M,192,,,,eng
OL28996772M,288,,,,eng
OL17580167M,219,,,,eng
OL18313345M,189,,,,eng
OL9625957M,288,Hardcover,8.5 x 5.8 x 1 inches,13.6 ounces,eng
OL7418473M,,,,,eng
OL9809483M,189,Mass Market Paperback,6.8 x 4.2 x 0.5 inches,4 ounces,eng
OL24744465M,288,,,,eng
OL47314659M,,paperback,,,chi
OL60303596M,269,,,,heb
OL48120574M,412,Mass Market Paperback,,,spa
OL49586096M,,,,,spa
OL39801379M,368,perfect paperback,21 x 13.5 x 3 centimeters,430 grams,ger
OL27587656M,317,Paperback,,,pol
OL39412651M,,,,,eng
OL39220275M,298,paperback,,,tur
OL39128605M,368,,,,eng
OL38406842M,368,Paperback,22.86 x 15.24 x 2.54 centimeters,386 grams,spa
OL28288027M,368,paperback,,,
OL38448570M,,,,0.736,eng
OL37689762M,368,,,,eng
OL37984861M,,,,0.300,eng
OL28152674M,,mp3 cd,,,
OL36284697M,,,,0.300,eng
OL36038052M,154,Hardcover,11 x 8.5 x 0.4 inches,654 grams,eng
OL36020400M,,,,,eng
OL35611219M,314,Paperback,21 x 14 x 3 centimeters,290 grams,eng
OL27248516M,314,Paperback,,,
OL38269289M,,,,,eng
OL37392595M,,,,,eng
OL29572940M,192,,,,eng
OL29127334M,220,,,,eng
OL9503171M,188,Paperback,,,eng
OL10280675M,190,Paperback,,,
OL9324449M,248,Paperback,8.8 x 5.8 x 0.5 inches,10.4 ounces,eng
OL17389748M,,,,,eng
OL18817321M,221,,,,eng
OL26598972M,188,Paperback,17 x 10.5 x 1.5 inches,,eng
OL7417356M,304,,,,eng
OL29755788M,192,,,,eng
OL29264437M,192,,,,eng
OL28973788M,188,,,,eng
OL14977632M,188,,,,eng
OL14981687M,,,,,eng
OL9741877M,260,Paperback,,,eng
OL9612206M,188,Paperback,,,eng
OL24940664M,188,,,,eng
OL29729604M,192,,,,eng
OL29264457M,192,,,,eng
OL26897377M,192,Paperback,0 x 0 x 0 inches,1 ounces,
OL26897656M,192,Paperback,,,eng
OL14977528M,192,Hardcover,,,eng
OL14981587M,192,Paperback,,,eng
OL9563555M,186,Paperback,,,eng
OL9684000M,192,Mass Market Paperback,6.7 x 4.3 x 0.6 inches,3.5 ounces,eng
OL28828962M,792,,,,spa
OL28327035M,720,paperback,,,eng
OL27293810M,592,paperback,,,
OL27134115M,882,Paperback,,,eng
OL26067791M,881,,,,
OL29548235M,752,paperback,,,
OL32011367M,1,audio cd,,,
OL24423822M,579,,,,eng
OL24604559M,608,Paperback,23.3 x 15.4 x .45 centimeters,790 grams,
OL24973587M,,Audio book,,,
OL25154729M,579,Trade paperback,,,eng
OL10280838M,384,Paperback,,,
OL17507026M,288,,,,eng
OL14981312M,190,,,,eng
OL10738492M,187,Paperback,,,eng
OL10239188M,288,Hardcover,,,
OL17491809M,187,,,,eng
OL10691730M,187,Paperback,,,eng
OL21626274M,,,,,spa
OL21259238M,,,,,fin
OL21376204M,,,,,dut
OL20320876M,,,,,swe
OL21911056M,,,,,nor
OL59829704M,368,paperback,,,eng
OL59067928M,,eBook,,,fre
OL44319740M,,,,,spa
OL47276214M,384,paperback,,,spa
OL43974295M,358,hardcover,,,
OL35152719M,358,,,0.455 ,eng
OL37985553M,,,,0.300 ,spa
OL36615850M,,,,,eng
OL32301034M,358,paperback,,,
OL16541739M,189,,,,eng
OL10738717M,189,Paperback,6.5 x 4.1 x 0.6 inches,3.2 ounces,eng
OL10741160M,186,Paperback,,,eng
OL10240812M,288,Hardcover,,,eng
OL18406544M,186,,,,eng
OL24943652M,186,,,,eng
OL10281841M,192,Paperback,,,
OL9713185M,187,Paperback,,,eng
OL24767764M,187,,,,eng
OL9740601M,,Board book,,,eng
OL9686026M,192,Mass Market Paperback,6.5 x 4.1 x 0.3 inches,4 ounces,eng
OL24249498M,,Electronic resource,,,eng
OL41412949M,,paperback,,,ger
OL36835549M,253,gebundene Ausgabe,,,ger
OL36836595M,256,Taschenbuch,,,ger
OL35386248M,,hardcover,,,tur
OL8910664M,189,Mass Market Paperback,7.1 x 5.1 x 0.4 inches,4.5 ounces,fre
OL52721977M,240,Paperback,21 x 14 x 1.3 centimeters,,por
OL47320132M,1,audio cd,,,
OL47266566M,264,paperback,,,cat
OL46527030M,,paperback,,,
OL43971909M,239,,,,heb
OL35893376M,,,,,eng
OL35423891M,272,library binding,,,
OL27964886M,416,paperback,,,
OL27594438M,251,Hardcover,,,spa
OL27130192M,230,,,,vie
OL24084417M,272,Paperback,7.8 x 5.2 x 0.5 inches,7.2 ounces,
OL24083779M,320,Paperback,6.7 x 4.2 x 0.9 inches,5 ounces,eng
OL26194608M,272,,,,eng
OL25938034M,239,Hardcover,,,spa
OL25440788M,253,,,,
OL24857253M,311,,,,eng
OL7286675M,320,,,,eng
OL7602450M,,,,,eng
OL9241382M,320,Mass Market Paperback,6.6 x 3.9 x 1 inches,5.6 ounces,eng
OL7287403M,320,,,,eng
OL9242110M,320,Mass Market Paperback,,,eng
OL9241980M,,Paperback,6.8 x 4.2 x 0.8 inches,4.8 ounces,eng
OL7287273M,,,,,eng
OL10691242M,189,Mass Market Paperback,,,eng
OL22615764M,189,,,,eng
OL24210332M,189,,,,eng
OL21221046M,189,Hardcover,,,eng
OL29242963M,192,,,,eng
OL29045719M,288,,,,eng
OL14982013M,192,,,,eng
OL22384718M,186,,,,eng
OL7422010M,217,,,,eng
OL9892083M,,Mass Market Paperback,,,eng
OL21224818M,192,,,,und
OL21221285M,188,,,,eng
OL1870961M,211,,,,eng
OL24373757M,188,,,,eng
OL29264424M,192,,,,eng
OL28973917M,190,,,,eng
OL17209250M,190,,,,eng
OL21222002M,190,,,,eng
OL9554965M,190,Paperback,,,eng
