edition_key,description,notes,first_sentence
OL24949890M,"California’s gold country, 1850. A time when men sold their souls for a bag of gold and women sold their bodies for a place to sleep.  

Angel expects nothing from men but betrayal. Sold into prostitution as a child, she survives by keeping her hatred alive. And what she hates most are the men who use her, leaving her empty and dead inside. 

Then she meets Michael Hosea. A man who seeks his Father’s heart in everything, Michael Hosea obeys God’s call to marry Angel and to love her unconditionally. Slowly, day by day, he defies Angel’s every bitter expectation until, despite her resistance her frozen heart begins to thaw. 

But with her unexpected softening come overwhelming feelings of unworthiness and fear. And so Angel runs. Back to the darkness, away from her husband’s pursuing love, terrified of the truth she can no longer deny: Her final healing must come from the One who loves her even more than Michael Hosea does…the One who will never let her go.  

A life-changing story of God’s unconditional, redemptive, all-consuming love.
--back cover",Includes a new six-part study guide: p. 469-479.,
OL24389148M,"In a rough-and-tumble shantytown of shattered dreams and empty pleasures, one man would move mountains to win a woman's heart...

Sold into sin as a child, beautiful, tormented Angel never believed in love. Then Michael Hosea walked into her life. He was a simple man, strong as the rich earth he farmed. And though Angel fought his tenderness tooth and nail, Michael mad her his wife. Through days of hardship and toil and starry nights of shared solitude, he opened her eyes to life's sweetest blessings and slowly melted the ice from her heart. Welcomed by a neighboring family of settlers, Angel discovered a close-knit warmth she'd never known. But there were others who could not forget--or forgive--the woman Angel once was. Now in the teeming city of San Francisco, a difficult destiny awaits her. To be worthy of the husband she adores, Angel must face--and conquer--the darkest demon of her past...
(back cover)",US/CAN edition,
OL668881M,"California’s gold country, 1850. A time when men sold their souls for a bag of gold and women sold their bodies for a place to sleep.  
   Angel expects nothing from men but betrayal. Sold into prostitution as a child, she survives by keeping her hatred alive. And what she hates most are the men who use her, leaving her empty and dead inside.  
   Then she meets Michael Hosea, a man who seeks his Father’s heart in everything. Michael obeys God’s call to marry Angel and to love her unconditionally. Slowly, day by day, he defies Angel’s every bitter expectation, until despite her resistance, her frozen heart begins to thaw.  
   But with her unexpected softening comes overwhelming feelings of unworthiness and fear. And so Angel runs. Back to the darkness, away from her husband’s pursuing love, terrified of the truth she no longer can deny: Her final healing must come from the One who loves her even more than Michael does…the One who will never let her go.  
   A powerful retelling of the story of Gomer and Hosea, Redeeming Love is a life-changing story of God’s unconditional, redemptive, all-consuming love.

--back cover",,
OL8748315M,,,Angel pushed the canvas flap back just enough to look out at the mud street.
OL8847745M,"Sold into prostitution as an orphan, Angel has never believed in love. Then Michael Hosea pursues her, showers her with unconditional love, and marries her. Through his caring, Michael slowly melts Angel's icy heart.",,Angel pushed the canvas flap back just enough to look out at the mud street.
OL8875813M,,,Angel pushed the canvas flap back just enough to look out at the mud street.
OL8989263M,,,Angel pushed the canvas flap back just enough to look out at the mud street.
OL21424688M,,"Originally published as ""No holds barred"", 1984.",
OL21424552M,,"Originally published as ""No holds barred"", 1984.",
OL20501301M,,"Originally published, London: Mills & Boon, 1987.",
OL9774846M,"Page 105 & 106 are missing
The latest pages: from page 132 to the end it was scanned very poorly. The top of all the pages have been cut off.",The latest pages: from page 132 to the end it was scanned very poorly. The top of all the pages have been cut off.,
OL11658583M,,Thorndike Press Large Print Buckinghams,
OL8926729M,,Dales Romance,
OL20161132M,"""A Del Rey book."" The most beautiful girl in the world marries the handsomest prince in the world.","""A Del Rey book.""

""The ""good parts"" version abridged, by William Goldman.""",
OL22184538M,,"""A Del Rey book.""",
OL20947352M,,"Originally published: New York : Harcourt Brace Jovanovich, 1973.

870  Lexile.

Accelerated Reader AR UG 5.8 14.0 60420.",
OL17892075M,"A tale of true love and high adventure, pirates, princesses, giants, miracles, fencing, and a frightening assortment of wild beasts.",Includes reader's guide.,
OL3704385M,,"""Includes a new introduction""--Cover.
Includes reader's guide.",
OL22326873M,,"Originally published, London , Mills & Boon, 1976.",
OL11235141M,,Linford Romance Library,
OL20937110M,,"115,370-LP",
OL61375849M,"IK HEB DE REPUTATIE OPGEBOUWD VAN EEN KOUD, GEVOELLOOS MONSTER DAT VOOR NIETS OF NIEMAND BANG IS EN NERGENS OM GEEFT. MAAR DIT ALLES IS VRESELIJK MISLEIDEND. wANT IN WERKELIJKHEID BEN IK NIET VEEL MEER DAN EEN LAFAARD Terug op de basis van Sector 45 is Warner, de meedogenloze leider van Sector 45, aan het herstellen van zijn bijna dodelijke schotwond. Na de ontsnapping van Juliette, Adam en Kenji moet hij er alles aan doen om zijn gezag terug te krijgen en de beginnende opstand onder de bewoners van Sector 45 te onderdrukken. Maar zijn obsessie voor Juliette wordt met de dag groter en het wordt zijn hoogste prioriteit om haar te vinden. Als Warners vader, de opperbevelhebber van Het Herstel, op de basis arriveert om de fouten van zijn zoon te corrigeren, wordt duidelijk dat hij hele andere plannen heeft voor Juliette. Plannen die Warner simpelweg niet kan toestaan. Het fascinerende en alles onthullende boek Verwoest me is deel 1,5 uit de Touching Juliette-trilogie. Het speelt zich af na Vrees me en voor Breek me en wordt volledig verteld vanuit het persectief van Warner.",,
OL9741616M,,Betty Neels Collector's Editions,
OL24975387M,,"Originally published: Great Britain: Mills & Boon, 1974.",
OL24964296M,,"Originally published: Great Britain: Mills & Boon, 1974.",
OL9611184M,,Betty Neels Largeprint,
OL18293262M,,"Originally published: London : Mills & Boon, 1979.",
OL10280367M,,Betty Neels Largeprint,
OL61188557M,"Felicia sabia que haveria obstáculos a superar quando concordou em ir sozinha ao Kuwait visitar os parentes de seu noivo, Faisal. Ela era uma garota inglesa comum, enquanto ele era um árabe de uma família imensamente rica. Mas havia um problema em particular para o qual Felicia não estava preparada: o tio de Faisal, o sheik Raschid Al Hamid al Sabah. Não era apenas a errônea convicção de Raschid de que ela era uma inescrupulosa caçadora de fortunas que a alarmava. Era também a lenta e relutante percepção de que podia ter se comprometido com o homem errado...",,
OL2726049M,,"""Atlantic romance""--Cover.",
OL21366179M,,"Originally published, London , Mills & Boon, 1981.",
OL22321605M,,Large print ed.,
OL9752646M,"Could East and west love side by side?

They were in love--why shouldn't they be married? But both Felicia and Faisal knew there would be problems. Ordinary English girls just didn't marry wealthy Arabs.

On a cloud of love and optimism, Felicia flew to Kuwait to meet Faisal's family, to gain their trust, love and approval....

But Faisal's dictatorial uncle, Raschid, had no intention of allowing Felicia to marry his nephew, and his methods of driving her away were dishonorable and grossly unfair. Though Felicia resented his prejudiced attitude, she had to admit the man himself fascinated her.

Hero: Faisal al Hamid al Sabah
Heroine: Felicia Gordon",,
OL47391457M,,Source title: Hopeless (edición limitada a precio especial): Tocando el cielo,
OL47391456M,,Source title: Hopeless (edición limitada a precio especial): Tocando el cielo,
OL39332831M,"Dos jóvenes heridos y desorientados aprenderán que, en ocasiones, descubrir la verdad resulta más doloroso que creer las mentiras y que solo el amor puede salvarnos.

A sus diecisiete años, la vida de Sky se ve sacudida por la irrupción de Dean Holder, un chico más conflictivo que ella si cabe, y que es capaz de aterrorizarla y cautivarla a partes iguales con una sola palabra. Pese a que sospecha que la relación solo puede traerle problemas, Sky es incapaz de mantenerse alejada de ese intrigante y atractivo muchacho, conocedor de un secreto que cambiará para siempre la vida de la chica.

Tensión, drama, deseo y amor se mezclan con maestría en esta historia repleta de giros y revelaciones que está a punto de dar el salto a la gran pantalla. Un amor apasionado entre dos jóvenes marcados por un pasado oscuro y turbulento. Sin lugar a dudas, uno de los máximos exponentes del pujante género New Adult.",,
OL35651243M,"Lise son sınıf öğrencisi olan Sky çapkınlığı kendi şanıyla yarışan Dean Holderla tanışır. İlk karşılaştıkları andan itibaren Holder onu hem korkutur hem de cezbeder. Ona dair bir şeyler, Skyın derinlere gömmek için çok uğraştığı sıkıntılı geçmişine ait anılarını ateşler. Sky ondan uzak durmaya kararlı olsa da Holderın kararlı tutumu ve esrarengiz gülümsemesi savunmasını yerle bir edip aralarındaki bağın güçlenmesini sağlar. Ama gizemli Holderın sakladığı sırlar vardır, bu sırlar ortaya çıkar çıkmaz Sky sonsuza kadar değişir ve güven duygusu gerçekler karşısında yenilgiye uğrar.

Sky ve Holder ancak çıplak gerçeklerle cesurca yüzleşerek yaralarını iyileştirebilecek ve sınır tanımadan yaşayıp birbirlerini sevebileceklerdir.

Umutsuz nefesinizi kesecek, merakınızı uyandıracak size ilk aşkınızı hatırlatacak bir roman.",,
OL32419698M,"Sky, 17 ans, vit avec sa mère adoptive Karen. Elle débute sa dernière année de lycée dans un nouvel établissement où elle ne connaît quasiment personne. Peu importe, de toute façon, Sky ne ressent aucune émotion depuis son enfance. Alors, quand elle croise Holder, elle est surprise de l'effet qu'il produit sur elle. D'autant que ce garçon croit la connaître, alors qu'elle n'a aucun souvenir de lui...",Traduction de : Hopeless.,
OL31129806M,"Sky, a senior in high school, meets Dean Holder, a guy with a promiscuous reputation that rivals her own. From their very first encounter, he terrifies and captivates her. Something about him sparks memories of her deeply troubled past, a time she's tried so hard to bury. Though Sky is determined to stay far away from him, his unwavering pursuit and enigmatic smile break down her defenses and the intensity of the bond between them grows. But the mysterious Holder has been keeping secrets of his own, and once they are revealed, Sky is changed forever and her ability to trust may be a casualty of the truth.--From back cover.",,
OL31882114M,"She was still his wife! Frankie thought she'd seen the last of her husband, Santino Vitale - until he breezed back on the scene with some earth shattering news. Their marriage wasn't annulled, and he intended to claim the wedding night they'd never had! He had it all worked out. Within three weeks Frankie would have paid her dues and be free to leave Sardinia and file for divorce. But Santino hadn't reckoned on falling for Frankie all over again - or that now she could be expecting his baby.","Standard print ed. originally published: Richmond, Surrey : Mills & Boon, 1998.

""OCT 12 C2""--Spine.",
OL24929928M,,"""Harlequin""--Cover.",
OL9745793M,,,MATT FINLAY scanned Frankie’s shocked face and gave her a bracing smile. ‘I happen to think that Sardinia could be a very therapeutic trip for you. You could confront your memories of the love of your life and get it all out of your system—’
OL21439489M,,Italian translation of: Lover's touch.,
OL28310441M,,Source title: The Hating Game: A Novel,
OL31967469M,,Source title: The Hating Game: A Novel,
OL27212977M,"For Lucy Hutton and Joshua Templeman, executive assistants to the CEOs of newly merged Bexley-Gamin Publishing, it's hate-at-first-sight. So begins a series of daily passive-aggressive maneuvers, including the staring game, the mirror game, and the HR game, each played with the intensity of the Hunger Games. Their mutual antipathy grows when a new executive position opens at Bexley-Gamin, and both their bosses put their names up for the promotion. Then, the high-stakes games begin! After another 60-hour work week, Lucy logs off her computer and hops on the elevator to head home, as does Joshua. When Joshua hits the emergency button and stops the ride, Lucy is certain her nemesis is going to kill her. Instead, he plants a kiss on her, and Lucy begins to wonder if she really does hate Joshua after all, or if this is yet another game. --",,
OL10691327M,,Harlequin Romance,
OL9644193M,,Soundings S.,
OL21626261M,,"Originally published as ""When the loving stopped"".",
OL21376202M,,"Originally published as ""When the loving stopped"", 1988.",
OL9676949M,,Harlequin Presents,
OL10239517M,,Romance,
OL24937157M,,"""Original hardcover edition published in 1992 by Mills & Boon Limited""--T.p. verso.",
OL22305558M,,"Originally published, 1987.",
OL12053339M,,Soundings S.,
OL21376216M,,Translation of: A first time for everything.,
OL15236069M,,Translation of: A first time for everything.,
OL21626306M,,Translation of: A first time for everything.,
OL20583136M,,Translation of: A first time for everything.,
OL21626291M,,Translation of: A first time for everything.,
OL20583210M,,Translation of: A first time for everything.,
OL60989359M,"Promovendus Olive Smith gelooft in wetenschap, niet in iets onvoorspelbaars als liefde. Maar door een misverstand met haar vriendin Anh wordt ze plotseling gedwongen een relatie te faken. In paniek kust ze de eerste man die ze tegenkomt. Deze kus veroorzaakt niet alleen een reeks irrationele gevoelens, de gekuste persoon blijkt ook Adam Carlsen te zijn: een jonge professor en de grootste laboratoriumtiran van de campus. Al snel komt Olives wetenschappelijke carrière in het gedrang en ontdekt ze dat haar eigen hart onder de loep nemen nog ingewikkelder is dan een hypothese over liefde.",,
OL52455847M,"¡EDICIÓN ESPECIAL CON UN CAPÍTULO ADICIONAL EN EXCLUSIVA! LA COMEDIA ROMÁNTICA MÁS ESPERADA DEL AÑO QUE HA CAUSADO SENSACIÓN EN TIKTOK. Una relación falsa entre dos científicos se topa con la irresistible fuerza de la atracción. Olive Smith es una doctoranda de tercer año que no cree en las relaciones amorosas duraderas, pero su mejor amiga, Ahn, sí, y por eso Olive se ha metido en un lío monumental. A Ahn le gusta el exnovio de Olive, pero jamás daría el primer paso porque es una buena amiga. A Olive no le va a resultar nada fácil convencerla de que ha pasado página, puesto que los científicos necesitan pruebas. Por eso, como cualquier mujer con un mínimo de amor propio, se deja llevar por el pánico y besa al primer hombre con el que se encuentra para que Ahn la vea. Ese hombre es nada más y nada menos que Adam Carlsen, un joven profesor tan reputado por la calidad de su trabajo como por su imbecilidad. Así que Olive se queda de piedra cuando Carlsen accede a mantener su farsa en secreto y ser su novio falso. Sin embargo, después de que un importante congreso científico se convierta en un desastre y Adam vuelva a sorprenderla con su apoyo inquebrantable (y sus inquebrantables abdominales), su pequeño experimento se acerca peligrosamente al punto de combustión. Olive no tarda en descubrir que la única cosa más complicada que una hipótesis sobre el amor es analizar su propio corazón bajo el microscopio.",,
OL38628096M,"**Read This Book** ➸ https://strangerthings.fandom.com/wiki/Amazon_Books_Free

Dottoranda in Biologia, Olive Smith crede nella scienza, non nell'amore. Non le è mai importato granché di avere una relazione e di sicuro non le importa di Jeremy, un ragazzo con cui è uscita un paio di volte in tutto. Si dà il caso, però, che lui piaccia da morire alla sua amica Anh, ed è proprio per convincere quest'ultima che Jeremy appartiene al passato che Olive una sera bacia il primo ragazzo incontrato in laboratorio, fingendo che sia il suo fidanzato. Costui, però, si rivela essere Adam Carlsen, giovanissimo professore sexy, noto per comportarsi sempre da tiranno con tutti. Per questo Olive rimane a bocca aperta quando lui accetta di reggerle il gioco con l'amica, rivelandosi una persona affascinante e gentile. All'improvviso, un appuntamento finto dopo l'altro, il mondo di Olive viene stravolto, tanto che è costretta a mettere il suo cuore sotto un microscopio e ad analizzare i suoi sentimenti per Adam. Riuscirà a comprendere che il teorema dell'amore non segue alcuna dimostrazione?",,
OL20652785M,,"Originally published, London , Mills & Boon, 1982.",
OL21376214M,,Translation of: Hidden heart.,
OL21626275M,,Translation of: Hidden heart.,
OL14978690M,,First published 1989.,
OL20583160M,,Translation of: Farewell to love.,
OL21424648M,,"Originally published as ""Farewell to love"", 1990.",
OL21424562M,,"First published as ""Farewell to love"",1989.",
OL20582985M,,Translation of: Farewell to love.,
OL9735945M,,"""Original hardcover edition published in 1984 by Mills & Boon Limited""--Title page verso.",
OL10738160M,,Harlequin Presents,
OL52236850M,"Unidos por la sangre.

Tentados por el deseo.

Liberados por el destino.

Bryce Quinlan tenía la vida perfecta, trabajando cada día y saliendo cada noche, hasta que un demonio asesinó a sus amigos y la dejó vacía, herida y sola. Cuando el acusado está entre rejas, pero los crímenes continúan, Bryce hará lo que sea para vengar sus muertes.

Hunt Athalar es un ángel caído, esclavo de los arcángeles a los que una vez intentó destronar. Sus brutales habilidades sirven ahora para un solo propósito: acabar con los enemigos de su dueño. Pero entonces Bryce le ofrece un trato irresistible: si la ayuda a encontrar al demonio asesino, su libertad estará al alcance de su mano.

Mientras Bryce y Hunt investigan en las entrañas de Ciudad Medialuna, descubrendos cosas: un poder oscuro que amenaza todo lo que desean proteger y una atracción feroz que podría liberarlos a ambos.

Con personajes inolvidables, un romance apasionado y una trama llena de suspense, esta novela de la autora bestseller Sarah J. Maas te sumergirá en una historia sobre el dolor de la pérdida, el precio de la libertad y el poder del amor.","Edición tapa dura que incluye contenido extra, cantos pintados, mapa y firma digital de la autora.",
OL35618229M,"Unidos por la sangre.
Tentados por el deseo.
Liberados por el destino.

Llega la nueva saga de Sarah J. Maas...

Bryce Quinlan tenía la vida perfecta, trabajando cada día y saliendo cada noche, hasta que un demonio asesinó a sus amigos y la dejó vacía, herida y sola. Cuando el acusado está entre rejas, pero los crímenes continúan, Bryce hará lo que sea para vengar sus muertes.

Hunt Athalar es un ángel caído, esclavo de los arcángeles a los que una vez intentó destronar. Sus brutales habilidades sirven ahora para un solo propósito: acabar con los enemigos de su dueño. Pero entonces Bryce le ofrece un trato irresistible: si la ayuda a encontrar al demonio asesino, su libertad estará al alcance de su mano.

Mientras Bryce y Hunt investigan en las entrañas de Ciudad Medialuna, descubren dos cosas: un poder oscuro que amenaza todo lo que desean proteger# y una atracción feroz que podría liberarlos a ambos.

Con personajes inolvidables, un romance apasionado y una trama llena de suspense, la nueva novela de la autora bestseller Sarah J. Maas te sumergirá en una historia sobre el dolor de la pérdida, el precio de la libertad y el poder del amor.",Source title: Casa de tierra y sangre (Ciudad Medialuna 1),
OL35361326M,"Sevgiyle, her şey mümkündür.

Kanla bağlandı.
Arzuyla baştan çıkarıldı.
Kaderle serbest bırakıldı.

Bryce’ın yaşamı kusursuzdu, bütün gün çalışır, gece de partilerdi, ta ki bir iblis en yakın arkadaşını öldürene kadar. Suçlu parmaklıklar ardında olmasına rağmen cinayetler devam edince Bryce kendini büyük bir soruşturmanın merkezinde buldu.

Hunt ise düşmüş bir melekti. Bir zamanlar devirmeye çalıştığı Başmelekler tarafından köleleştirildi. Artık acımasız becerilerini tek bir amaç için kullanıyordu, patronunun düşmanlarına suikast yapmak… Ancak bir gün, Bryce’ın davasını çözerse özgürlüğüne bir adım atabileceğini fark etti.

Bryce ve Hunt, Hilal Şehir’in derinliklerine inerken, her şeyi tehdit eden karanlık gücü ve alev alev yanan tutkuyu keşfederler.",,
OL28562969M,,Source title: Dom Ziemi i Krwi (Tom 1) KsiÄĹzycowe miasto. CzÄĹÄ 1 - J. Maas Sarah [KSIÄĹťKA],
OL30342532M,"Con personajes inolvidables, un romance apasionante y un suspenso adictivo, esta nueva e inventiva serie de fantasía por la autora #1 del New York Times Sarah J. Maas explora el dolor de la pérdida, el precio de la libertad... y el poder del amor.

Bryce Quinlan tenía una vida perfecta, trabajando todo el día y divirtiéndose toda la noche, hasta que un demonio asesina a sus mejores amigos, dejándola herida y sola. Cuando el culpable está detrás de las rejas pero los crímenes continúan, Bryce se encuentra a sí misma en el corazón de la investigación... y hará lo que sea necesario para vengar la muerte de sus amigos.

Hunt Athalar es un importante Ángel Caído que ahora se encuentra esclavizado por los Arcángeles a los que alguna vez trató de derrocar. Sus habilidades brutales y su fuerza descomunal han sido moldeadas con un solo propósito: asesinar a los enemigos de su amo sin hacer ni una sola pregunta. Cuando un demonio causa pánico en la ciudad, le ofrecen un trato irresistible: ayudar a Bryce a encontrar al asesino, y su libertad estará al alcance de su mano.

Mientras Bryce y Hunt exploran las profundidades de Ciudad Medialuna, descubren un poder oscuro que amenaza a todo lo que aman, y encuentran en el otro una pasión deslumbrante #una que los podría liberar, si lo permitieran. Con personajes inolvidables, un romance apasionante y un suspenso adictivo, esta nueva e inventiva serie de fantasía por la autora #1 del New York Times Sarah J. Maas explora el dolor de la pérdida, el precio de la libertad... y el poder del amor.",,
OL27925074M,"Köti a vér. Kísérti a vágy.
Szabadjára ereszti a sors.

Bryce Quinlan nappal kemény munkával, éjszakánként pedig bulizással töltött élete egészen addig tökéletes volt, amíg egy démon meg nem gyilkolta a legjobb barátait, magára hagyva őt a veszteségével és a fájdalmával. A tettes rács mögött ül ugyan, a gyilkosságok mégis folytatódnak, és Bryce hirtelen egy nyomozás kellős közepén találja magát. Bármire kész, hogy megbosszulja a barátai halálát.

Hunt Athalar, a hírhedt bukott angyal most kényszerből azokat az arkangyalokat szolgálja, akiket egykor le akart taszítani trónjukról. Brutális képességeit és elképesztő erejét egyetlen ügy szolgálatába állították – meg kell gyilkolnia a főnöke ellenségeit, vitának helye nincs. Amikor démon dúlja fel a városukat, ellenállhatatlan ajánlatot kap: ha segít Bryce-nak megtalálni a gyilkost, karnyújtásnyira kerülhet a szabadsága. Miközben Bryce és Hunt Crescent City legsötétebb részein nyomozva rájön, hogy egy gonosz erő minden egyes, a szívüknek kedves személyt és dolgot halálos veszéllyel fenyeget, arra is rádöbbennek, hogy perzselő szenvedély lakozik a másikban, ami mindkettejüket felszabadíthatja – már ha hagyják.",,
OL27925078M,"The first book in Sarah J. Maas's #1 bestselling Crescent City series.

Bryce Quinlan had the perfect life-working hard all day and partying all night-until a demon murdered her closest friends, leaving her bereft, wounded, and alone. When the accused is behind bars but the crimes start up again, Bryce finds herself at the heart of the investigation. She'll do whatever it takes to avenge their deaths.

Hunt Athalar is a notorious Fallen angel, now enslaved to the Archangels he once attempted to overthrow. His brutal skills and incredible strength have been set to one purpose-to assassinate his boss's enemies, no questions asked. But with a demon wreaking havoc in the city, he's offered an irresistible deal: help Bryce find the murderer, and his freedom will be within reach.

As Bryce and Hunt dig deep into Crescent City's underbelly, they discover a dark power that threatens everything and everyone they hold dear, and they find, in each other, a blazing passion-one that could set them both free, if they'd only let it.

With unforgettable characters, sizzling romance, and page-turning suspense, this richly inventive new fantasy series by #1 bestselling author Sarah J. Maas delves into the heartache of loss, the price of freedom-and the power of love.
Source: [bloomsbury.com](https://www.bloomsbury.com/us/house-of-earth-and-blood-9781635574050/)",,
OL11235259M,,Linford Romance Library,
OL10281731M,,Romance,
OL37749967M,"Valancy, 29 years old and never married, has never contradicted her overbearing mother and troublesome aunt. However, one fateful day a letter arrives from Doctor Trent, and Valancy decides she must do and say exactly what she wishes.","""A Bantam-Seal book.""

""Seal books.""",
OL35330489M,,"Standard print edition originally published: London: Hesperus, 2013.",
OL29072077M,,Source title: The Blue Castle (Annotated),
OL27160911M,"In early 1920s Canada, drastic circumstances give Valancy, a twenty-nine-year-old unmarried woman resigned to being an ""old maid,"" the courage to defy her controlling family and escape to a life of her own choosing.","Originally published by McClelland & Stewart in 1926.

10 and up.",
OL8547796M,"Valancy Stirling, an inhibited twenty-nine-year-old spinster, undergoes a total personality change when a doctor tells her she has no more than one year to live.",,
OL32734086M,,Source title: The Blue Castle (Japanese Edition),
OL15388701M,,King Collection copy with author's autographed note pasted on front endpaper,
OL19889860M,,Series from dust jacket.,
OL19746209M,,1,
OL23247589M,,"""A Bantam Starfire book.""

RL 7, IL age 12 and up.",
OL22098412M,,6,
OL20026585M,,Originally published as 'Stranger from the past'.,
OL27184908M,"""Tessa has everything to lose. Hardin has nothing to lose… except her.

After a tumultuous beginning to their relationship, Tessa and Hardin were on the path to making things work. Tessa knew Hardin could be cruel, but when a bombshell revelation is dropped about the origins of their relationship—and Hardin’s mysterious past—Tessa is beside herself.

Hardin will always be… Hardin. But is he really the deep, thoughtful guy Tessa fell madly in love with despite his angry exterior—or has he been a stranger all along? She wishes she could walk away. It’s just not that easy. Not with the memory of passionate nights spent in his arms. His electric touch. His hungry kisses.

Still, Tessa’s not sure she can endure one more broken promise. She put so much on hold for Hardin—school, friends, her mom, a relationship with a guy who really loved her, and now possibly even a promising new career. She needs to move forward with her life.

Hardin knows he made a mistake, possibly the biggest one of his life. He’s not going down without a fight. But can he change? Will he change for love?""","""Gallery original fiction trade.""",
OL22379761M,,Originally published 1987.,
OL22400323M,,"Previous ed, London , Mills & Boon, 1982.",
OL10691317M,,Harlequin Romance,
OL11235181M,,Linford Romance Library,
OL52982047M,"New York – Los Angeles, und dazwischen die große Liebe

Ausgerechnet am Abend, bevor sie von Los Angeles nach New York zieht, lernen sie sich kennen: die 18-jährige  Fallon, Tochter eines bekannten Filmschauspielers, und der gleichaltrige Ben, der davon träumt, Schriftsteller zu werden. Beide verlieben sich auf den ersten Blick ineinander und verbringen die Stunden vor dem Abflug zusammen. Doch wie soll es weitergehen? Wollen sie sich wirklich auf eine Fernbeziehung einlassen und ihren Alltag nur halbherzig leben? Um das zu verhindern, beschließen die beiden, sich die nächsten fünf Jahr  jedes Jahr am selben Novembertag zu treffen, dazwischen jedoch auf jeglichen Kontakt zu verzichten. Und wer weiß, vielleicht, so die Hoffnung, klappt es am Ende der fünf Jahre ja mit einem Happyend.

Doch fünf Jahre sind eine lange Zeit - und so kommt ihnen trotz aller intensiven Gefühle, die bei jedem Treffen der beiden hochkochen, ganz einfach das Leben dazwischen …",,
OL43407856M,"Fallon meets Ben, an aspiring novelist, the day of her scheduled cross-country move. Their untimely attraction leads them to spend Fallon's last day in L.A. together, and her eventful life becomes the creative inspiration Ben has always sought for his novel. Over time, and amidst the various relationships and tribulations of their own separate lives, they continue to meet on the same day every year. Until one day Fallon becomes unsure if Ben has been telling her the truth or fabricating a perfect reality for the sake of the ultimate plot twist. Can Ben's relationship with Fallon - and simultaneously his novel - be considered a love story if it ends in heartbreak?",,
OL38862658M,,Source title: November 9: A Novel,
OL27440166M,,Source title: November 9: A Novel,
OL24375627M,"Angelo Riccardi didn't fo love. Because he'd been denied it a long time ago...

When Angelo sought revenge Gwenna Hamilton added another, delicious dimension. Innocent and pretty, she had no chance when the Italian tycoon offered her the devil's bargain: pay for her father's freedom with her body.

In her naivete, Gwenna thought that Angelo would tire of her and her innocence very quickly. But he had more in mind than just one night...",,
OL10690365M,,Fifth printing (June 1977) of Harlequin edition originally published December 1966,
OL20775343M,,"Originally published: London : Mills and Boon, 1966.",
OL1873986M,,"""Curley large print""--P. [4] of cover.",
OL10691427M,"""Why do I fall in love with the wrong men?""

Emma couldn't bear to sit idly by while her boyfriend and her best friend fell helplessly in love with each other.

So she headed for Dorset, only to get in an accident and find herself having the time of her life looking after the injured woman's three adorable children. Why did she have to spoil things by falling in love--truly in love this time--with the children's uncle Ross?

Was Emma fated to always love a man who only had eyes for someone else?

Hero: Ross Daumaury
Heroine: Emma Leigh",,
OL59468778M,"Nach dem Unfalltod ihres Vaters zieht die 18-jährige Layken mit ihrer Mutter und ihrem Bruder von Texas nach Michigan. Nie hätte Layken gedacht, dass sie sich dort bereits am ersten Tag Hals über Kopf verliebt. Und dass diese Liebe mit derselben Intensität erwidert wird. Es sind die ganz großen Gefühle zwischen Layken und Will. Das ganz große Glück - drei Tage lang. Denn dann stellt das Leben sich ihrer Liebe mit aller Macht in den Weg…",Source title: Weil ich Layken liebe: Roman,
OL40218490M,,"Source title: Slammed: A Novel (The Slammed Series) (Slammed, 1)",
OL27165844M,"因为父亲半年前猝然离世，家庭的经济支柱轰然倒塌，刚过完18岁生日的她，和妈妈、弟弟一起搬离了自己出生并居住至今的家，来到密歇根。

蕾克不喜欢密歇根，不喜欢这儿的寒冷，不喜欢陌生的街道和陌生的房间。可是，就在她搬来的第一天，遇见了住在街对面的男生威尔。威尔让她从长达半年的悲伤中第一次解脱出来，他让她感到了久违的快乐。

不过，世界总是爱跟我们开玩笑。当蕾克在新的学校再次遇见威尔时，所有的快乐土崩瓦解，她的生活再次遭遇动荡。

今年，猝然离世的父亲教会了我，英雄并不总是无敌，奇迹就藏在我身体里。

今年，我的母亲教会了我。她教会我去质疑，教会我决不后悔，教会我挑战自己的极限。

今年，一个男孩教会了我，无论遭遇怎样的变故，最重要的是我们如何去面对生活。","Translation of: Slammed.

Xiao shuo.",
OL36802306M,"¿Preferirías no enamorarte jamás o enamorarte de alguien a quien no puedes tener? A veces en la vida te ocurren cosas que no habías planeado. Lo único que puedes hacer es decidir cómo vivirlas. Sin haber superado aún el duro golpe que supuso la muerte de su padre, Layken y su hermano Kel deben mudarse a Michigan, donde su madre ha encontrado trabajo como enfermera. Nada más llegar, Layken congenia con el vecino de enfrente, Will. Entre los dos surge algo especial que no son capaces de poner en palabras… todavía. Tras una primera cita, Lake ve a Michigan con otros ojos y está dispuesta a darle una oportunidad, pero cuando empiezan las clases en el nuevo instituto descubre que Will es su profesor de poesía…",,
OL37747470M,"An engaging novel that intertwines heartache with humor, desires with ethics, and ultimately proves that the harsh reality of death can sometimes be overcome by the beauty of life.","""A novel.""",
OL27144896M,"Following the unexpected death of her father, eighteen-year-old Layken is forced to be the rock for both her mother and her younger brother. Outwardly, she appears resilient and tenacious, but inwardly, she's losing hope. One young man brings change to all of this. After moving across the country, Layken meets her attractive twenty-one-year-old neighbor who has an intriguing passion for slams. Within days of their introduction, Will and Layken form an intense connection, leaving Layken with a renewed sense of hope. Not long after a heart-stopping first date, they are slammed to the core when a chocking revelation forces their new relationship to a sudden halt. Daily interactions become impossibly painful as they struggle to find a balance between the feelings that pull them together and the forces that tear them apart.",,
OL20717821M,,Translation of: A savage adoration.,
OL22380110M,,"Originally published, Mills & Boon, 1986.",
OL10807106M,,Magna Popular Series (Large Print),
OL10807085M,,Limited Edition,
OL27180374M,,Translation of: After we collided.,
OL28125626M,,Source title: After (1) (The After Series),
OL28125628M,,"Source title: After: The After Series, book 1 (Wattpad)",
OL30786654M,,Source title: After (The After Series),
OL30786655M,,Source title: After (The After Series),
OL31853390M,,Source title: After (1) (The After Series),
OL31853389M,,Source title: After (1) (The After Series),
OL31853818M,,Source title: After (Serie After 1) (Bestseller) (Spanish Edition),
OL31853819M,,Source title: After (Serie After 1) (Bestseller) (Spanish Edition),
OL26320905M,"There was the time before Tessa met Hardin, and then there’s everything AFTER... Life will never be the same. #Hessa

Tessa is a good girl with a sweet, reliable boyfriend back home. She’s got direction, ambition, and a mother who’s intent on keeping her that way.

But she’s barely moved into her freshman dorm when she runs into Hardin. With his tousled brown hair, cocky British accent, and tattoos, Hardin is cute and different from what she’s used to.

But he’s also rude—to the point of cruelty, even. For all his attitude, Tessa should hate Hardin. And she does—until she finds herself alone with him in his room. Something about his dark mood grabs her, and when they kiss it ignites within her a passion she’s never known before.

He'll call her beautiful, then insist he isn’t the one for her and disappear again and again. Despite the reckless way he treats her, Tessa is compelled to dig deeper and find the real Hardin beneath all his lies. He pushes her away again and again, yet every time she pushes back, he only pulls her in deeper.

Tessa already has the perfect boyfriend. So why is she trying so hard to overcome her own hurt pride and Hardin's prejudice about nice girls like her?

Unless...could this be love?",,
OL10239116M,,Large Print Harlequin,
OL17404380M,,,"THE telephone started ringing as Rachel was coming downstairs after putting the twins to bed. She muttered something not very complimentary, hitched six-monthold Michael further up her hip, and rushed the final few steps which brought her to the hall extension—then stopped dead with her hand hovering half an inch above the telephone receiver, her attention caught by the reflection in the mirror on the wall behind the telephone table."
OL9604150M,,Harlequin Presents,
OL9740569M,,Dales Romance,
OL15315164M,,Translation of: To stay forever.,
OL21376207M,,Translation of: To stay forever.,
OL21424536M,,"Originally published as ""To stay forever"", 1989.",
OL21893165M,,"Originally published as ""To stay forever"", 1989.",
OL21259243M,,Translation of: To stay forever.,
OL21626286M,,Translation of: To stay forever.,
OL21626272M,,"Originally published as ""To stay forever"".",
OL18107578M,,First published 1989.,
OL24947317M,,"""40th Anniversary edition""--Cover.",
OL9736426M,,Harlequin Presents,
OL9742610M,"This edition is borrowable,  but
When borrowed it shows up as 
""Physics analysis of the juggernaut reactor"" 
In your history",,"JANUARY had arrived with an absolute vengeance. Standing in the window behind her father’s desk, Mia watched the way the wind was hurling the rain against the glass in fiercely gusting squalls—while behind her a different kind of storm was raging, one where two very powerful men pitched angry insults at each other."
OL38344800M,"Dominic Stanton...
Quatre ans après leur rupture, la seule mention de ce nom suffit encore à faire battre le coeur de Madeline à coups redoublés. Pourtant, au cours de ces quatres années, elle a tout fait pour oublier ses brèves fiançailles avec l'irrésistible héros de son adolescence : elle est allée jusqu'à quitter le pays et couper les ponts avec tous ses amis dans l'espoir de guérir son terrible chagrin d'amour.
y est-elle parvenue ? elle ne va pas tarder à le découvrir : en effet, elle vient de recevoir une lettre de sa soeur la suppliant de venir en Angleterre pour assiter à son mariage. Nul doute qu'elle sera alors amenée à revoir Dominic...
L'heure de vérité à sonné !",,
OL32342708M,,"Source title: Shatter Me Series 6-Book Box Set: Shatter Me, Unravel Me, Ignite Me, Restore Me, Defy Me, Imagine Me",
OL39819953M,,"Source title: Priest (Priest, 1)",
OL29755235M,,Source title: Priest: A Love Story,
OL47620785M,"Since the day Serenity got hitched to a stranger on their blind date, she had assumed married life would be ordinary but respectful and mundane. It never crossed her mind that her new husband would be clingy like a piece of gum stuck to the bottom of a shoe. To her utmost surprise, he could make her troubles disappear whenever she was in a fix. Despite her questioning, her husband would always pass it off as luck. Until one day, she watched an interview with a local billionaire known for fussing over his wife. That was when she noticed the uncanny resemblance of the billionaire to her husband. The wife whom he was showering attention on turned out to be her!",,
OL10738193M,,Harlequin Presents,
OL31986854M,,,"The rolling tide of summer grass had engulfed the small meadow in a sweet smelling flood of lambs’ tails, coltsfoot, feverfew, the drifting pollen from them like pale yellow dust on Linden’s bare arms as she lay full length among them."
OL31986851M,,,"The rolling tide of summer grass had engulfed the small meadow in a sweet smelling flood of lambs’ tails, coltsfoot, feverfew, the drifting pollen from them like pale yellow dust on Linden’s bare arms as she lay full length among them."
OL24382038M,,,"The rolling tide of summer grass had engulfed the small meadow in a sweet smelling flood of lambs’ tails, coltsfoot, feverfew, the drifting pollen from them like pale yellow dust on Linden’s bare arms as she lay full length among them."
OL21220705M,,,"The rolling tide of summer grass had engulfed the small meadow in a sweet smelling flood of lambs' tails, coltsfoot, feverfew, the drifting pollen from them like pale yellow dust on Linden's bare arms as she lay full length among them."
OL9743008M,"Sebasten Contaxis: a gorgeous Greek billionaire. Reputedly, to him women are just for decoration.

Lizzie Denton: misunderstood and miserable. She's been wrongly labeled as a heartbreaker.

Sebasten decides he'll get his own unique brand of revenge -- and takes Lizzie's virginity.

So now it's Lizzie Denton, misunderstood and pregnant. And Sebasten Contaxis, gorgeous Greek billionaire...and father-to-be!",,
OL35651308M,,Source title: YENİ BİR UMUT (Turkish Edition),
OL56884344M,"Los sueños son deseos del corazón; las pesadillas, mi obsesión.
Erika
Cuando lo tengo cerca tiemblo. De miedo y deseo.

Michael Crist, el hermano mayor de mi exnovio, es como una de esas películas que, aunque den miedo, no puedes dejar de ver. Guapo, fuerte e intimidante, lo he observado durante años, deseando estar más cerca para comprobar si lo que se dice de él es verdad. Es la estrella del equipo de basquetbol de su universidad, jamás había reparado en mí y apenas me había mirado… hasta ahora. Tiene algo en mente, lo noto, casi puedo saborearlo pero, sabiendo todo lo que sé, ¿realmente quiero averiguar qué tiene planeado?

Michael
Quiero vengarme. Casi tanto como poseerla.

Su nombre es Erika Fane, pero todos la llaman Rika. Podría decirse que creció en mi casa, siempre ha estado cerca. Mira a otro lado cuando entro en una habitación y se queda quieta cuando estoy cerca. Puedo sentir la tensión que desprende, sus ganas de más; no tengo su cuerpo pero sé que he atrapado su mente. Y ahora, la oportunidad de vengarme por lo que pasó hace unos años es demasiado buena para ser verdad. He sido paciente. He esperado el momento. Hasta la última de sus pesadillas se hará realidad.

Cuando la pasión y el peligro se mezclan, todo puede ocurrir.",,
OL17300186M,,"Originally published, 1989.",
OL28002476M,,Source title: De wrede prins: Deel 1 van de Elfhame-serie,
OL32234215M,,"Source title: The Cruel Prince (The Folk of the Air, 1)",
OL26940602M,"Jude was seven years old when her parents were murdered and she and her two sisters were stolen away to live in the treacherous High Court of Faerie. Ten years later, Jude wants nothing more than to belong there, despite her mortality. But many of the fey despise humans. Especially Prince Cardan, the youngest and wickedest son of the High King. To win a place at the Court, she must defy him, and face the consequences.","Title from web page.

Compact discs.

Read by Caitlin Kelly.",
OL28153628M,,Source title: The Cruel Prince (The Folk of the Air (1)),
OL28478001M,,Source title: The Cruel Prince: 1 (The Folk of the Air),
OL26435884M,"Jude, seventeen and mortal, gets tangled in palace intrigues while trying to win a place in the treacherous High Court of Faerie, where she and her sisters have lived for a decade.",,
OL17476629M,,,"Leonie looked up as her friend and associate came excitedly into the room, waving a letter about under her nose."
OL20121410M,,,"Leonie looked up as her friend and associate came excitedly into the room, waving a letter about under her nose."
OL10738150M,,,"LEONIE looked up as her friend and associate came excitedly into the room, waving a letter about under her nose."
OL57388938M,"First Son Alex Claremont-Diaz, with his sister and the Veep's genius granddaughter, are the White House Trio, a beautiful millennial marketing strategy for his mother, President Ellen Claremont. Then photos of a confrontation with his longtime nemesis Prince Henry at a royal wedding leak to the tabloids. The plan for damage control: stage a fake friendship between the First Son and the Prince. Alex soon discovers that beneath Henry's Prince Charming veneer, there's a soft-hearted eccentric with a dry sense of humor and more than one ghost haunting him. As President Claremont kicks off her reelection bid, Alex finds himself hurtling into a relationship with Henry that could derail the campaign and upend two nations. -- adapted from back cover",,
OL36639394M,"**A veces, el amor puede ser una cuestión de Estado.** 

Alex Clarademont-Díaz, el hijo millennial de la presidenta de los Estados Unidos, es un tesoro para el *marketing* de la Casa Blanca: atractivo, carismático e inteligente. Lo que nadie sabe es que no soporta al príncipe Henry, el hijo de la reina de Inglaterra. Así que, cuando la prensa sensacionalista se hace con una fotografía que refleja un altercado entre Alex y Henry, las relaciones entre Estados Unidos y el Reino Unido se enfrían.

Ambos países trazan un plan para paliar los daños. Lo que empieza como una falsa amistad, publicada en Instagram, se va transformando en algo más profundo de lo que Alex y Henry podrían haber imaginado.

**¿Puede el amor cambiar el mundo?**","Source title: Rojo, blanco y sangre azul / Red, White & Royal Blue (Spanish Edition)",
OL27632309M,"What happens when America's First Son falls in love with the Prince of Wales?

When his mother became President, Alex Claremont-Diaz was promptly cast as the American equivalent of a young royal. Handsome, charismatic, genius—his image is pure millennial-marketing gold for the White House. There's only one problem: Alex has a beef with the actual prince, Henry, across the pond. And when the tabloids get hold of a photo involving an Alex-Henry altercation, U.S./British relations take a turn for the worse.

Heads of family, state, and other handlers devise a plan for damage control: staging a truce between the two rivals. What at first begins as a fake, Instragramable friendship grows deeper, and more dangerous, than either Alex or Henry could have imagined. Soon Alex finds himself hurtling into a secret romance with a surprisingly unstuffy Henry that could derail the campaign and upend two nations and begs the question: Can love save the world after all? Where do we find the courage, and the power, to be the people we are meant to be? And how can we learn to let our true colors shine through? Casey McQuiston's Red, White & Royal Blue proves: true love isn't always diplomatic.
[(source)](https://us.macmillan.com/books/9781250316783)",,
OL22394557M,,"Originally published, London: Mills and Boon, 1982.",
OL10691244M,,Harlequin Romance,
OL10746962M,,Reader's Choice,
OL10282198M,,Betty Neels Collector's Editions,
OL40232570M,"Eine Achterbahn der Gefühle

Als Lily Ryle kennenlernt, scheinen all ihre Träume wahr zu werden: eine neue Stadt, der erste Job und dann noch Ryle – überaus attraktiv, überaus wohlhabend und überaus erfolgreich. Vergessen scheint Lilys schwierige Kindheit. Vergessen auch Atlas, ihre erste Liebe, der gegenüber von Lily squattete – bis ihr Vater die beiden erwischte und Atlas von heute auf morgen verschwand. Und dann steht Atlas auf einmal vor ihr. Als Ryle von ihrer gemeinsamen Vorgeschichte erfährt, weckt dies seine Eifersucht …",,
OL44897339M,"Иногда тот, кого ты любишь, причиняет тебе сильнейшую боль.

Но отношения Лили и Райла слишком хороши, чтобы она задумывалась о таких вещах.

Райл напорист и упрям, отлично выглядит и умеет сопереживать. Достойный мужчина, которого Лили однажды предпочла своей тайной первой любви, человеку, от которого была без ума.

Но когда этот ""другой"" вновь появляется в ее жизни, Лили вдруг замечает: с каждым днем Райл все больше меняется.",,
OL40224862M,"Para meu pai, que deu o seu melhor para não ser pior.
E para a minha mãe, que garantiu que nunca víssemos no seu pior.",Source title: Isto Acaba Aqui (Portuguese Edition),"Aqui sentada, com uma perna de cada lado do parapeito, a olhar para baixo, 12 andares acima das ruas de Boston, não consigo deixar de pensar em suicídio."
OL41724387M,,Source title: It Ends With Us (versione italiana),
OL42883035M,,,"For my father, who tried his very best not to be his worst. And for my mother, who made sure we never saw him at his worst."
OL37736394M,"A veces, quien más te quiere es quién más daño te hace.
Lily no siempre lo ha tenido fácil. Por eso, su idílica relación con un magnífico neurocirujano llamado Ryle Kincaid, parece demasiado buena para ser verdad. Cuando Atlas, su primer amor, reaparece repentinamente y Ryle comienza a mostrar su verdadera cara, todo lo que Lily ha construido con él se ve amenazado.",,
OL36214401M,"Als Lily Ryle kennenlernt, scheinen all ihre Träume wahr zu werden: eine neue Stadt, der erste Job und dann noch Ryle - überaus attraktiv, überaus wohlhabend und überaus erfolgreich. Vergessen scheint Lilys schwierige Kindheit. Vergessen auch Atlas, ihre erste Liebe, der gegenüber von Lily squattete - bis ihr Vater die beiden erwischte und Atlas von heute auf morgen verschwand. Und dann steht Atlas auf einmal vor ihr. Als Ryle von ihrer gemeinsamen Vorgeschichte erfährt, weckt dies seine Eifersucht.",Source title: Nur noch ein einziges Mal: Roman,
OL35891593M,"Um romance sobre as escolhas corretas nas situações mais difíceis. As coisas não foram sempre fáceis para Lily, mas isso nunca a impediu de conquistar a vida tão sonhada. Ela percorreu um longo caminho desde a infância, em uma cidadezinha no Maine: se formou em marketing, mudou para Boston e abriu a própria loja. Então, quando se sente atraída por um lindo neurocirurgião chamado Ryle Kincaid, tudo parece perfeito demais para ser verdade. Ryle é confiante, teimoso, talvez até um pouco arrogante e se sente atraído por Lily. Porém, sua grande aversão a relacionamentos é perturbadora. Além de estar sobrecarregada com as questões sobre seu novo relacionamento, Lily não consegue tirar Atlas Corrigan da cabeça — seu primeiro amor e a ligação com o passado que ela deixou para trás. Ele era seu protetor, alguém com quem tinha grande afinidade. Quando Atlas reaparece de repente, tudo que Lily construiu com Ryle fica em risco. Com um livro ousado e extremamente pessoal, Colleen Hoover conta uma história arrasadora, mas também inovadora, que não tem medo de discutir temas como abuso e violência doméstica. Uma narrativa inesquecível sobre um amor que custa caro demais.",Source title: E Assim que Acaba (Em Portugues do Brasil),
OL35256642M,"‘Nooit meer’ van Colleen Hoover vertelt het aangrijpende verhaal van Lily, die verliefd wordt op de knappe neurochirurg Ryle. Hij is assertief, koppig en een tikje arrogant, maar ook gevoelig, briljant en dol op Lily. De opbloeiende nieuwe relatie brengt herinneringen terug aan Atlas, haar eerste liefde. Als hij weer in haar leven verschijnt, komt alles wat Lily heeft opgebouwd in gevaar. Dan komt het eropaan dat ze de kracht in zichzelf vindt om te zorgen dat de toekomst geen herhaling wordt van het verleden. Colleen Hoover schreef met ‘Nooit meer’ een persoonlijk emotioneel verhaal met universele zeggingskracht.",,
OL32956533M,"Lily Blossom Bloom n'a pas eu une enfance très facile, entre un père violent et une mère qu'elle trouve soumise, mais elle a su s'en sortir dans la vie et est à l'aube de réaliser le rêve de sa vie : ouvrir, à Boston, une boutique de fleurs. Elle vient de rencontrer un neurochirurgien, Lyle, charmant, ambitieux, visiblement aussi attiré par elle qu'elle l'est par lui. Le chemin de Lily semble tout tracé.

Elle hésite pourtant encore un peu : il n'est pas facile pour elle de se lancer dans une histoire sentimentale, avec des parents comme les siens et Atlas, ce jeune homme qu'elle avait rencontré adolescente, lui a laissé des souvenirs à la fois merveilleux et douloureux. Est-ce que le chemin de Lily est finalement aussi simple ? Les choix les plus évidents sont-ils les meilleurs ?",,
OL32956532M,"Um romance sobre as escolhas corretas nas situações mais difíceis. As coisas não foram sempre fáceis para Lily, mas isso nunca a impediu de conquistar a vida tão sonhada. Ela percorreu um longo caminho desde a infância, em uma cidadezinha no Maine: se formou em marketing, mudou para Boston e abriu a própria loja. Então, quando se sente atraída por um lindo neurocirurgião chamado Ryle Kincaid, tudo parece perfeito demais para ser verdade. Ryle é confiante, teimoso, talvez até um pouco arrogante e se sente atraído por Lily. Porém, sua grande aversão a relacionamentos é perturbadora. Além de estar sobrecarregada com as questões sobre seu novo relacionamento, Lily não consegue tirar Atlas Corrigan da cabeça — seu primeiro amor e a ligação com o passado que ela deixou para trás. Ele era seu protetor, alguém com quem tinha grande afinidade. Quando Atlas reaparece de repente, tudo que Lily construiu com Ryle fica em risco. Com um livro ousado e extremamente pessoal, Colleen Hoover conta uma história arrasadora, mas também inovadora, que não tem medo de discutir temas como abuso e violência doméstica. Uma narrativa inesquecível sobre um amor que custa caro demais.",,
OL39479218M,,Source title: It Ends with Us: A Novel (1),
OL38095018M,"A veces, quien más te quiere es quién más daño te hace.

Lily no siempre lo ha tenido fácil. Por eso, su idílica relación con un magnífico neurocirujano llamado Ryle Kincaid, parece demasiado buena para ser verdad. Cuando Atlas, su primer amor, reaparece repentinamente y Ryle comienza a mostrar su verdadera cara, todo lo que Lily ha construido con él se ve amenazado.",,
OL37048559M,"전 세계 틱톡 유저들이 사랑에 빠진 로맨스 소설, 15초 영상 세대도 열광한 페이지 터너 콜린 후버의 《우리가 끝이야》가 드디어 국내에 출간되었다. 릴리는 죽음을 생각하던 어느 밤, 운명처럼 한 남자를 만난다. 모든 것이 완벽한 그와의 관계가 깊어질수록 드러나는 짙은 어둠. 두렵지만 피할 수 없고, 사랑하지만 용서할 수 없는 연인의 비밀 앞에서 릴리가 마침내 입을 연다. “우리가 끝이야.” 한번 손에 쥐면 마지막 장을 덮기 전까지 절대로 내려놓을 수 없는 책, 책을 덮은 후에도 결코 놓여날 수 없는 강렬한 마성의 러브 스토리다.",,
OL30570882M,"Ailesinden ona miras kalan öğrenilmiş çaresizliğe başkaldıran Lily’nin tüm acılara rağmen yeniden doğuşunun ümit ve sevgi dolu hikâyesi...

İçine doğdukları aileyi seçememenin yarattığı acının üstesinden beraber gelmeye çalışan Lily ile Atlas’ın hayatlarındaki ve hayallerindeki dönüşüm hayranlık uyandırıyor. İlginç tesadüflerle bezeli bu romanı okurken kendinizden bir parça bulacaksınız.

Bizimle Başladı Bizimle Bitti, asla vazgeçmeyen ve “yüzmeye devam etmek” isteyenlerin kitabı; başkaldırının ve empatinin yazıya dökülmüş hâli...",,
OL46526687M,"Lily, depuis que sa fille Emerson est née, lui a promis que le cycle de la violence s'arrêterait avec elles. Que jamais plus, les femmes de leur famille n'endureraient des abus. Alors elle a pris la décision de quitter son mari et père de sa petite fille. Elle ne s'attendait pas à croiser Atlas, son amour d'adolescente par hasard, et elle ne sait pas quelle place il pourrait occuper dans sa vie. A-t-elle seulement envie de le revoir ? D'avoir à nouveau une vie sentimentale ? De recommencer sa vie et de croire à l'amour éternel, elle qui a appris de la plus dure des façons qu'il était bien difficile à trouver. Atlas n'est plus du tout le même que l'adolescent en perdition qu'elle a connu. Il a un restaurant, a passé de longues années loin d'elle. Leur histoire peut-elle recommencer là où elle s'était arrêtée ?",,
OL40208522M,,Source title: Volver a empezar (It Starts with Us),
OL40729418M,"Lily Bloom continua administrando uma floricultura. Seu ex-marido abusivo, Ryle Kincaid, ainda é um cirurgião. Mas agora os dois estão oficialmente divorciados e dividem a guarda da filha, Emerson.

Quando Lily esbarra em Atlas ― com quem não fala há quase dois anos ―, parece que finalmente chegou o momento de retomar o relacionamento da adolescência, já que ele também está solteiro e parece retribuir os sentimentos de Lily. Mas apesar de divorciada, Lily não está exatamente livre de Ryle. Culpando Atlas pelo fim de seu casamento, Ryle não está nada disposto a aceitar o novo relacionamento de Lily, ainda mais com Atlas, o último homem que aceitaria ver perto de sua filha e da ex-esposa.

Alternando entre os pontos de vista de Atlas e Lily, É assim que começa retoma logo após o epílogo de É assim que acaba. Revelando mais sobre o passado de Atlas e acompanhando a jornada de Lily para abraçar a sua segunda chance, no amor enquanto lida com um ex-marido ciumento, É assim que começa prova que ninguém entrega uma leitura mais emocionante do que Colleen Hoover.",,
OL41889877M,,"It is a sequel to collen hoover's best selling book ""it ends with us""",
OL40005138M,,,The way ass whole is misspelled in red spray paint across the back door of Bib's makes me think of my mother.
OL37050436M,"Before It Ends with Us, it started with Atlas. Colleen Hoover tells fan favorite Atlas’s side of the story and shares what comes next in this long-anticipated sequel to the “glorious and touching” (USA TODAY) #1 New York Times bestseller It Ends with Us

Switching between the perspectives of Lily and Atlas, It Starts with Us picks up right where the epilogue for the “gripping, pulse-pounding” (Sarah Pekkanen, author of Perfect Neighbors) bestselling phenomenon It Ends with Us left off. Revealing more about Atlas’s past and following Lily as she embraces a second chance at true love while navigating a jealous ex-husband, it proves that “no one delivers an emotional read like Colleen Hoover” (Anna Todd, New York Times bestselling author).",,
OL42024692M,"From New York Times Bestselling Author, Penelope Douglas, comes the latest standalone love-hate romance...""We were perfect together. Until we met."" MishaI can’t help but smile at the lyrics in her letter. She misses me.In fifth grade, my teacher set us up with pen pals from a different school. Thinking I was a girl, with a name like Misha, the other teacher paired me up with her student, Ryen. My teacher, believing Ryen was a boy like me, agreed.It didn’t take long for us to figure out the mistake. And in no time at all, we were arguing about everything. The best take-out pizza. Android vs. iPhone. Whether or not Eminem is the greatest rapper ever…And that was the start. For the next seven years, it was us.Her letters are always on black paper with silver writing. Sometimes there’s one a week or three in a day, but I need them. She’s the only one who keeps me on track, talks me down, and accepts everything I am.We only had three rules. No social media, no phone numbers, no pictures. We had a good thing going. Why ruin it?Until I run across a photo of a girl online. Name’s Ryen, loves Gallo’s pizza, and worships her iPhone. What are the chances?F*ck it. I need to meet her.I just don’t expect to hate what I find.RyenHe hasn’t written in three months. Something’s wrong. Did he die? Get arrested? Knowing Misha, neither would be a stretch.Without him around, I’m going crazy. I need to know someone is listening. It’s my own fault. I should’ve gotten his phone number or picture or something.He could be gone forever.Or right under my nose, and I wouldn’t even know it.*Punk 57 is a stand alone New Adult romance. It is suitable for ages 18+.",,
OL21084927M,,Translation of: The other woman.,
OL61638992M,"**Ella es lo que él ha pasado toda su vida cazando.**

**Él es todo lo que ella ha pasado la vida fingiendo ser.**

Solo lo extraordinario pertenece al reino de Ilya: los excepcionales, los poderosos, los élites.

Aquellos que nacieron vulgares son solo eso: vulgares. Y cuando el rey decreta que todos los vulgares serán eliminados para preservar su sociedad de élite, carecer de poder se vuelve un crimen, convirtiendo a Paedyn Gray en una criminal por destino y en una ladrona por necesidad. Se hace pasar por psíquica en la ciudad real, pasando desapercibida para seguir viva y fuera de peligro.

Cuando Paedyn inesperadamente salva a uno de los príncipes de Ilya, se ve arrojada a las Pruebas de la Purga. La brutal competición existe para exhibir los poderes de los élites, algo de lo que Paedyn carece. Si la Purga y sus rivales no la matan, lo hará el príncipe cuando descubra lo que ella es en realidad...",,
OL59414384M,,Source title: Powerless: Édition reliée,
OL49297283M,"Only the extraordinary belong in the kingdom of Ilya—the exceptional, the empowered, the Elites.

The powers these Elites have possessed for decades were graciously gifted to them by the Plague, though not all were fortunate enough to both survive the sickness and reap the reward. Those born Ordinary are just that—ordinary. And when the king decreed that all Ordinaries be banished in order to preserve his Elite society, lacking an ability suddenly became a crime—making Paedyn Gray a felon by fate and a thief by necessity.

Surviving in the slums as an Ordinary is no simple task, and Paedyn knows this better than most. Having been trained by her father to be overly observant since she was a child, Paedyn poses as a Psychic in the crowded city, blending in with the Elites as best she can in order to stay alive and out of trouble. Easier said than done.

When Paeydn unsuspectingly saves one of Ilyas princes, she finds herself thrown into the Purging Trials. The brutal competition exists to showcase the Elites’ powers—the very thing Paedyn lacks. If the Trials and the opponents within them don’t kill her, the prince she’s fighting feelings for certainly will if he discovers what she is—completely Ordinary.",,
OL61638446M,"Nada interfiere en el juego de la estrella del hockey profesional Shane Hollander.

Ahora que es capitán de los Montreal Voyageurs, no permitirá que nada lo ponga en peligro, y mucho menos su sexy rival, a quien le encanta odiar.

El capitán de los Boston Bears, Ilya Rozanov, es todo lo que Shane no es. Autoproclamado rey del hielo, es tan arrogante como talentoso. Nadie puede vencerlo, excepto Shane. En público, son enemigos. En privado, no pueden dejar de tocarse.

¿Lo más inteligente? Alejarse, una vez que unos cuantos encuentros secretos se convierten en una lucha por mantener su relación fuera de la prensa. La verdad podría arruinarlos a ambos. Pero para Shane e Ilya, el secreto pronto deja de ser una opción...",,
OL48806102M,,EPUB 3 (DRM-Free),
OL56900534M,"Él la odia... casi tanto como la desea.

 Josh Chen es ambicioso, arrogante y ninguna mujer se le resiste. Ninguna excepto Jules Ambrose. La enemistad entre ellos es tan obvia como lo es el deseo que, desde que se conocen, no hace más que aumentar. Cuando la tensión por fin estalle, Josh propondrá un trato imposible de rechazar: un acuerdo entre enemigos con derechos y tres sencillas reglas: 

Sin celos. Sin condiciones. Y, por supuesto, sin enamorarse.
Extrovertida y ambiciosa, Jules Ambrose ha dejado atrás un pasado de desenfreno para enfocarse en un objetivo: convertirse en abogada. En este momento, lo último que necesita es iniciar una relación con un hombre que es tan insufrible como atractivo. Pero con el paso del tiempo, se dará cuenta de que Josh es mucho más de lo que aparenta: 

El hermano de su mejor amiga. Su némesis. Y su único refugio. 
Forman una pareja hecha en el infierno y, cuando los demonios de su pasado los alcancen, se enfrentarán a verdades que podrían salvarlos… o destruirlos por completo.",,
OL38565190M,,Source title: Todas As Suas Im-perfeicoes (Em Portugues do Brasil),
OL26963844M,"Quinn i Graham przysięgali sobie miłość, wierząc, że wspólnie poradzą sobie z wszelkimi przeciwnościami losu. Ma to upamiętniać szkatułka, którą Graham podarował ukochanej w dniu ślubu.

Przez kilka następnych lat wzajemne przyrzeczenia stają się źródłem rozczarowań. W życiu małżonków zaczyna królować rutyna, a marzenia o założeniu rodziny stają się nieosiągalne. Oddalający się od siebie Quinn i Graham zaczynają wątpić w sens swojego związku.

Przyszłość ich małżeństwa kryje się jednak w śladach z przeszłości zamkniętych w szkatułce – pod sekretami, błędami i niedopowiedzeniami...

Historia Quinn i Grahama rozpoczyna się w momencie, gdy oboje rozstają się ze swoimi partnerami. Czy taki los spotka również ich związek?

Colleen Hoover z dobrze znaną czytelniczkom szczerością i wnikliwością opisuje parę pogrążoną w kryzysie. I szuka odpowiedzi na pytanie: czy albo kiedy przestać walczyć o ocalenie małżeństwa, które przecież miało trwać wiecznie?",,
OL28418464M,,Source title: All Your Perfects (Thorndike Press Large Print Women's Fiction),
OL32191856M,,Source title: All Your Perfects: A Novel,
OL32191857M,,Source title: All Your Perfects: A Novel,
OL26961022M,"""The #1 New York Times bestselling author of It Ends with Us--whose writing is ""emotionally wrenching and utterly original"" (Sarah Shepard, New York Times bestselling author of the Pretty Little Liars series)--delivers a tour de force novel about a troubled marriage and the one old forgotten promise that might be able to save it. Quinn and Graham's perfect love is threatened by their imperfect marriage. The memories, mistakes, and secrets that they have built up over the years are now tearing them apart. The one thing that could save them might also be the very thing that pushes their marriage beyond the point of repair. All Your Perfects is a profound novel about a damaged couple whose potential future hinges on promises made in the past. This is a heartbreaking page-turner that asks: Can a resounding love with a perfect beginning survive a lifetime between two imperfect people?""--",,
OL60769352M,"O bilionário russo Sergei Antonovich era conhecido por ter sempre atrizes e modelos estonteantes ao seu redor. Mas nenhuma delas parecia ser uma noiva adequada. Desse modo, como ele poderia realizar o grande desejo de sua avó e lhe dar um bisneto? Havia somente uma alternativa: encarar o desafio como um negócio. Sem emoção, com um contrato que possibilitaria a Sergei o acordo perfeito: uma mulher para casar, para lhe dar um filho… e ser esquecida para sempre!",,"Sergei Antonovich, magnata do petróleo, viajava no banco traseiro do luxuoso veiculo e observava através dos vidros escuros das janelas do carro."
OL24499080M,"""Russian billionaire Sergei Antonovich was famous for being knee-deep in stunning supermodels and aspiring actresses. But not one was suitable bride material. Would he ever grant his aging babushka her dearest wish and present her with a grandchild? So, why not handle this challenge as a business? Without emotion, but with a contract of convenience that would grant Sergei the perfect deal: a wife he'd bed, wed, get pregnant...and then discard""--Cover verso.","""Pregnant brides"".",
OL32139109M,"Sergei Antonovich, a Russian billionaire, was famous for being knee-deep in stunning supermodels and aspiring actresses. But none were suitable bride material. Would he ever grant his aging babushka her dearest wish of a grandchild? So why not handle this challenge as business? No emotion, just a contract of convenience that granted him the perfect deal: a wife he'd bed, wed, get pregnant ... and then discard ...",,
OL32037491M,,Source title: Dark Lover (Black Dagger Brotherhood Series),
OL32037490M,,"Source title: Dark Lover (Black Dagger Brotherhood, Book 1)",
OL32037489M,,Source title: Dark Lover (The Black Dagger Brotherhood),
OL32037492M,,Source title: Dark Lover (The Black Dagger Brotherhood Series),
OL27549830M,,Source title: Dark Lover: The First Novel of the Black Dagger Brotherhood,
OL9522109M,,,"Darius looked around the club, taking in the teeming, half-naked bodies on the dance floor."
OL3475143M,,"""A Signet Eclipse book.""",
OL10273554M,,,"Darius looked around the club, taking in the teeming, half-naked bodies on the dance floor."
OL26419013M,"Link on Amazon.com:
https://www.amazon.com/Betrayal-Harlequin-Presents-Sally-Wentworth/dp/0373103964/ref=sr_1_1?ie=UTF8&qid=1516563156&sr=8-1&keywords=Sally+Wentworth+-+Betrayal+in+Bali",,
OL1560669M,,"""Atlantic romance""--Cover.",
OL9827465M,,Harlequin Presents,
OL21424683M,,"Originally published as ""Unfriendly alliance"", 1987.",
OL20583155M,,Translation of: Unfriendly alliance.,
OL21376209M,,Translation of: Unfriendly alliance.,
OL21795599M,,"Originally published in English as ""Unfriendly alliance"", 1987.",
OL21424445M,,"Originally published in English as ""Unfriendly alliance"", 1987.",
OL14979995M,,Originally published: 1975.,
OL10738185M,,Harlequin Presents,
OL7661727M,,,"As their elegant travelling chaise rocked and swayed along the rutted country road, Lady Anne Gilbert leaned her cheek against her husband's shoulder and heaved a long, impatient sigh."
OL9441025M,,,"As their elegant travelling chaise rocked and swayed along the rutted country road, Lady Anne Gilbert leaned her cheek against her husband's shoulder and heaved a long, impatient sigh."
OL7649506M,,,"As their elegant travelling chaise rocked and swayed along the rutted country road, Lady Anne Gilbert leaned her cheek against her husband's shoulder and heaved a long, impatient sigh."
OL7664734M,,,"As their elegant travelling chaise rocked and swayed along the rutted country road, Lady Anne Gilbert leaned her cheek against her husband's shoulder and heaved a long, impatient sigh."
OL7645046M,,,"As their elegant travelling chaise rocked and swayed along the rutted country road, Lady Anne Gilbert leaned her cheek against her husband's shoulder and heaved a long, impatient sigh."
OL7663758M,,,"As their elegant travelling chaise rocked and swayed along the rutted country road, Lady Anne Gilbert leaned her cheek against her husband's shoulder and heaved a long, impatient sigh."
OL11074983M,,,"As their elegant travelling chaise rocked and swayed along the rutted country road, Lady Anne Gilbert leaned her cheek against her husband's shoulder and heaved a long, impatient sigh."
OL7790387M,,,"As their elegant travelling chaise rocked and swayed along the rutted country road, Lady Anne Gilbert leaned her cheek against her husband's shoulder and heaved a long, impatient sigh."
OL22945990M,,"Translation of: Whitney, my love.",
OL12043679M,,Story Sound,
OL10739841M,,Harlequin Romance Larger Print,
OL10240674M,,Romance,
OL40297638M,"Die große Liebesgeschichte von Will & Layken geht weiter: Dieses mal erzählt Will aus seiner Perspektive. Es ist jetzt über ein Jahr her, dass Will Layken zum ersten Mal begegnet ist. Und ihre Liebe scheint täglich stärker zu werden. Doch als Will im neuen Studienjahr auf seine Ex-Freundin Vaughn trifft, beschließt er, Layken nichts davon zu erzählen. Ein fataler Fehler, denn als Layken die beiden zufällig sieht, missversteht sie die Situation.",,
OL26040729M,"Layken and Will's relationship has endured through hardships, heartache, and a cruel twist of fate, further solidifying the fact that they belong together. But the two lovers could not have expected that the things that brought them together may ultimately be the things that tear them apart. Their connection is on the brink of being destroyed forever and it will take an extraordinary amount of willpower to keep their love afloat.",,
OL27929152M,"Layken i Willa łączy więcej niż typowe młode pary. Mają za sobą podobne doświadczenia, podobne potrzeby. Oboje stracili rodziców i muszą poradzić sobie z wychowaniem młodszego rodzeństwa.

Wygląda na to, że są dla siebie stworzeni.

Ich związek rozpada się jednak, gdy na drodze Willa pojawia się jego dawna miłość Vaughn. Chłopak utrzymuje z nią kontakt, chociaż wie, że Layken może mu nie wybaczyć kłamstw.

Czasami dwoje ludzi musi się rozstać, by zdać sobie sprawę z tego, jak bardzo siebie potrzebują. Czy Willowi uda się naprawić to, co zniszczył, zanim rozstaną się z Layken na zawsze i już nigdy więcej nie zobaczą?",,
OL35304095M,"Bazen birbirimize ne kadar ihtiyaç duyduğumuzu anlamamız için yollarımızın ayrılması gerekir…

Çarpılma'yla milyonlarca okuyucu büyüleyen Colleen Hoover, zorlukları aştıkça aşkları daha da güçlenen Layken ile Will'in hikâyesini anlatmaya devam ediyor.

Will'in geçmişiyle ilgili çarpıcı ve beklenmedik bir gerçek, genç çiftin birbiri hakkında bildiği her şeyi sorgulatacaktır. İlişkileri böyle önemli bir noktadayken Will ile Layken beraber yaşayacakları bir gelecek için savaşıp savaşmayacaklarına karar vermek zorundadırlar. Yoksa yalnızlık ve kalp kırıklığıyla dolu bir hayata doğru yol alacaklardır.

Tabii bu sırada yaşamın onlar için çok daha tehlikeli planları vardır.",,
OL27428109M,"Es ist jetzt über ein Jahr her, dass sich Will und Layken zum ersten Mal begegnet sind. Und ihre Liebe scheint täglich stärker zu werden. Doch als Will im neuen Studienjahr auf seine Ex-Freundin Vaughn trifft, beschließt er, Layken nichts davon zu erzählen. Ein Fehler mit fatalen Folgen, wie sich schon bald herausstellt – denn als Layken die beiden zufällig zusammen sieht, deutet sie die Situation völlig falsch.",Source title: Weil ich Will liebe: Roman,
OL27157205M,"""母親離開後，湖兒一肩負起照顧弟弟的責任；失去親人令人心痛，但有了威爾的陪伴、互相照應，  四個人看起來就像一個真正的家庭。然而他們心裡也明白，彼此還年輕，永遠還有很長的路要走。  威爾前女友的出現，讓這份感情再次接受考驗，也讓湖兒不得不面對思索已久的問題：若不是彼此  處境如此相似，威爾還會愛她嗎？若今天命運將他們帶往不同的方向，威爾是否依舊會去爭取兩人  的未來，還是像之前那樣默默放手？就在威爾確認心意的那個夜晚，一輛巨大卡車朝他們的命運疾駛而來....""--P. [4] of cover.","Translation of: Point of retreat.

Xiao shuo.",
OL28363959M,,Source title: The Marriage Possession (Romance Large),
OL10239079M,Photo is of actual book.,,
OL21309872M,,Photo is of actual book.,
OL18357744M,,Photo is of actual book.,
OL10738392M,,Photo is of actual book.,
OL46535310M,,Source title: Haunting Adeline: Nunca te dejaré (edición en español),
OL61366359M,"Ik ben een monster - Ik heb een gave

'Je kunt me niet aanraken,'
fluister ik.
Ik lieg,
hij kan me aanraken,
maar dat zal ik nooit vertellen.
Raak me alsjeblieft aan,
is wat ik wil zeggen.
Er gebeuren dingen als mensen me aanraken.
Vreemde dingen.
Slechte dingen.
Dode dingen.

Niemand weet waarom de aanraking van Juliette dodelijk is, maar Het Herstel heeft grootse plannen met haar. Ze willen haar gebruiken als wapen in hun strijd voor een alleenheerschappij.
Maar Juliette heeft haar eigen plannen.
Ze vindt voor het eerst in haar leven de kracht om terug te vechten, en om aan een toekomst te denken met de jongen van wie ze dacht dat ze hem voor altijd kwijt was.",,
OL42512520M,,Source title: Shatter Me: Shatter Me series 1,
OL32216971M,,"Source title: Shatter Me: The Shatter Me Series, book 1 (Shatter Me Series, 1)",
OL27350901M,"Ostracized or incarcerated her whole life, seventeen-year-old Juliette is freed on the condition that she use her horrific abilities in support of The Reestablishment, a postapocalyptic dictatorship, but Adam, the only person ever to show her affection, offers hope of a better future.",,
OL27781701M,,"Source title: Shatter Me: The Shatter Me Series, book 1 (Shatter Me Series, 1)",
OL28286358M,,Source title: Shatter Me (Turtleback School & Library Binding Edition),
OL24917781M,"Ostracized or incarcerated her whole life, seventeen-year-old Juliette is freed on the condition that she use her horrific abilities in support of The Reestablishment, a post-apocalyptic dictatorship, but Adam, the only person ever to show her affection, offers hope of a better future.",,
OL9698566M,,Harlequin Romance Audio,
OL9825424M,,,I REALIZED-THE MINUTE WE WERE REUNITED-WE WERE ALREADY BASKING IN THE GLOW OF MICROS ...
OL9425484M,,,I REALIZED-THE MINUTE WE WERE REUNITED-WE WERE ALREADY BASKING IN THE GLOW OF MICROS ...
OL10280636M,,,I REALIZED-THE MINUTE WE WERE REUNITED-WE WERE ALREADY BASKING IN THE GLOW OF MICROS ...
OL39567977M,,Source title: God of Malice: A Dark College Romance (Legacy of Gods),
OL39160439M,,Source title: God of Malice: Special Edition Print (Legacy of Gods Special Edition),
OL38579685M,,Source title: God of Malice: A Dark College Romance (Legacy of Gods),
OL61071797M,"Destino: Brasil 
Atrações: vitória-régia, rio Negro, densas florestas... e um homem que não sabia amar. 

Abigail se casou com Vítor de Carvalho e aceitou viver com ele no interior do Amazonas porque simplesmente o adorava, apesar de ele ter deixado bem claro que não correspondia a esse sentimento.Para ele, o casamento era apenas uma forma de se vingar da mulher que o abandonara. Que futuro esperava Abigail? O que lhe traria a vida em comum? Felicidade ou tristeza?",,
OL17179427M,"""Marry me, querida. Be my wife.""

Vasco da Carvalho's proposal came as a dream. Even in her wildest fantasies about the Brazilian rancher, Abigail had not dared to expect this!

Until yesterday, this exotic male has been engaged to her cousin. Now . . . well, Abigail could only interpret Vasco's actions as those of a man doing the honorable thing.

Because last night Abby had comforted him in his rage. And while she could never regret their unplanned moment of passion, how could she share a lifetime with a man who felt obligated to marry her?",,
OL1085631M,,Cover photo is of actual book.,
OL17580167M,,First published: 1993.,
OL47314659M,,Source title: Verity (Chinese Edition),
OL60303596M,"תקציר:
לואן אשלי היא סופרת בתחילת דרכה על סף קריסה כלכלית. יום אחד פונה אליה ג´רמי קרופורד, שאשתו וריטי - סופרת פופולרית – מרותקת למיטה, ומציע לה להשלים את כתיבתה של סדרת ספרים רבת-מכר בשם אשתו. ללואן אין ברירה אלא להסכים. היא מגיעה לבית משפחת קרופורד בכוונה להישאר שם לילה אחד או שניים – די זמן למיין את אי־הסדר בחדר העבודה של וריטי ולאסוף את כל החומר הדרוש לה לכתיבת הספר הבא בסדרה. אלא שהימים חולפים בחברתו של ג´רמי, והיא פחות ממהרת לעזוב. במהלך שהותה שם לואן מגלה כתב יד חבוי, אוטוביוגרפיה המכילה הודאות מצמררות שווריטי תיכננה לקחת איתה לקברה, ובהן גם האמת מאחורי האירועים שהפכו על פיהם את חייהם של בני הזוג. אמת שאם תתגלה לג´רמי, תמוטט עוד יותר את האב המתאבל. לואן מחליטה לשמור בסוד את קיומו של כתב היד ולהניח לג´רמי להמשיך להאמין שווריטי היא רק קורבן תמים ביש מזל של הנסיבות. אבל ככל שרגשותיה לאב ולבעל המסור מעמיקים, היא מתחילה לתהות אם זה נבון מבחינתה להמשיך לשמור את הסוד הזה. אחרי הכול, אם ג´רמי יקרא את האוטוביוגרפיה של אשתו, הוא לא יוכל להמשיך לאהוב אותה. -- מאתר צומת ספרים",,
OL48120574M,"Adictiva, impredecible y altamente perturbadora. Suspense de alto voltaje. Colleen Hoover. Un fenómeno imparable. Por la autora de Romper el círculo.

Lowen Ashleigh recibe un encargo que le cambiará la vida: Jeremy, el flamante marido de Verity Crawford, una de las autoras más importantes del momento, la contrata para terminar la serie de libros en la que trabajaba su mujer antes de sufrir un grave accidente que la ha dejado en coma. Cuando Lowen se instala en la mansión del matrimonio para poder trabajar con los materiales de Verity, descubre una autobiografía escondida en la que Verity hace confesiones escalofriantes. Lowen decide ocultarle el manuscrito a Jeremy, pero a medida que sus sentimientos por él co­mienzan a intensificarse, se da cuenta que ella podría beneficiarse si Jeremy leyera las palabras de su mujer.",,
OL57485262M,"Lowen Ashleigh is a struggling writer on the brink of financial ruin when she accepts the job offer of a lifetime. Jeremy Crawford, husband of bestselling author Verity Crawford, has hired Lowen to complete the remaining books in a successful series his injured wife is unable to finish.",,
OL39801379M,"Die Jungautorin Lowen Ashleigh bekommt ein Angebot, das sie unmöglich ablehnen kann: Sie soll die gefeierten Psychothriller von Starautorin Verity Crawford zu Ende schreiben. Diese ist seit einem Autounfall, der unmittelbar auf denTod ihrer beiden Töchter folgte, nicht mehr ansprechbar und ein dauerhafter Pflegefall.

Lowen akzeptiert – auch, weil sie sich zu Veritys Ehemann Jeremy hingezogen fühlt. Während ihrer Recherchen im Haus der Crawfords findet sie Veritys Tagebuch und darin offenbart sich Lowen Schreckliches ...",,
OL27587656M,"Verity Crawford, sławna autorka thrillerów, zostaje sparaliżowana wskutek tragicznego wypadku. Jej mąż zatrudnia pisarkę Lowen Ashleigh, by dokończyła bestsellerową serię książek chorej żony.

Podczas przygotowań do pracy w posiadłości Crawfordów Lowen w stosie notatek znajduje niepublikowany dotąd materiał. Tekst, który miał na zawsze pozostać tajemnicą, okazuje się wstrząsającą spowiedzią Verity.

Odkrywając sekrety autorki, Lowen coraz bardziej pogrąża się w mroku i niebezpiecznie zbliża się do jej męża Jeremy’ego. Aż w pewnym momencie staje się częścią życia Crowfordów, jeszcze bardziej niepokojącego niż thrillery Verity...

Szokująca opowieść o małżeństwie, obsesji i manipulacji.",,
OL39220275M,"Lowen Asleigh, yaşadığı finansal krizin ardından evini kaybetmek üzere olan bir yazardır. Büyük bir umutsuzluk içinde olduğu sırada beklenmedik bir teklif alır. Geçirdiği kaza sebebiyle kitap yazamayacak durumdaki ünlü yazar Verity Crawford'ın çoksatan serisini tamamlayacak ve karşılığında Verity'nin eşi Jeremy'den hayatını tamamen değiştirecek yüklü miktarda bir ödeme alacaktır.

Lowen kendini kısa süre içinde Verity'nin gözlerden uzak evinde bulur. Göl kıyısındaki bu muhteşem malikanede onun seriye dair tuttuğu notlarını okuyacak ve serinin devamını yazacaktır. Ne var ki Lowen bilinci yerinde olmayan Verity'nin notları arasında onun acımasız bir dürüstlükle yazdığı otobiyografisini de bulur. Gerilim türünde bir başyapıt sayılabilecek bu otobiyografide iki kızını da kaybeden Verity kızlarının gerçekte nasıl öldüğünü anlatmıştır. Lowen okudukça dehşete kapıldığı bu taslağı, Verity'nin her şeyden habersiz eşine göstermekle yok etmek arasında bir seçim yapmak zorundadır.

Colleen Hoover içgüdülerimize, bilinçaltımıza ve gerçeğe meydan okuyor.",Source title: Verity: Gercegin Diger Kiyisi,
OL38406842M,"Un autor, que escribe sobre un autor que lee sobre otro autor, la sensación constante de que alguien te está mintiendo, pero ¿quién es?.
Lowen Ashleigh, autora al borde de la bancarrota, recibe un encargo que le cambiará la vida: Jeremy, el flamante marido de Verity Crawford, una de las autoras más importantes del momento, la contrata para terminar la serie de libros en la que trabajaba su mujer antes de sufrir un grave accidente que la ha dejado en coma. Lowen se instala en la mansión del matrimonio para poder trabajar en las notas en las que trabajaba Verity, con la esperanza de encontrar material suficiente para empezar con su encargo, pero lo que no esperaba descubrir en la caótica oficina es una autobiografía de la propia Verity, escondida para que nunca salga a la luz. Un autor, que escribe sobre un autor que lee sobre otro autor, la sensación constante de que alguien te está mintiendo, pero ¿quién es?.",,
OL28288027M,,Source title: Verity. La sombra de un engaño (Planeta Internacional) (Spanish Edition),
OL18817321M,,Originally published: 1988.,
OL9563555M,,Photo is of actual book.,
OL9684000M,,Harlequin Presents,
OL29548235M,,Source title: A Discovery of Witches (Movie Tie-In): A Novel (All Souls Series),
OL24423822M,"Witch and Yale historian Diana Bishop discovers an enchanted manuscript, attracting the attention of 1,500-year-old vampire Matthew Clairmont. The orphaned daughter of two powerful witches, Bishop prefers intellect, but relies on magic when her discovery of a palimpsest documenting the origin of supernatural species releases an assortment of undead who threaten, stalk, and harass her.",,
OL17507026M,,"Originally published, 1986.",
OL21626274M,,Translation of: Passport to happiness.,
OL21259238M,,Translation of: Passport to happiness.,
OL21376204M,,"Originally published as ""Passport to happiness"".",
OL20320876M,,Translation of: Passport to happiness.,
OL21911056M,,Translation of: Passport to happiness.,
OL59829704M,,Source title: Twisted Love: English Edition by LYX,
OL59067928M,"Il a un cœur de glace… mais pour elle, il brûlerait le monde. Alex Volkov est un diable doté d’un visage d’ange. Poussé par une tragédie qui l’a hanté pendant la majeure partie de sa vie, sa quête impitoyable de succès et de vengeance laisse peu de place aux affaires de cœur.

Mais quand il est contraint de s’occuper de la sœur de son meilleur ami, il commence à sentir quelque chose dans sa poitrine :

Une fissure.

Une fissure. Un feu.

Un feu qui pourrait mettre fin au monde dans lequel il a toujours évolué.

 

Ava Chen est un esprit libre piégé par les cauchemars d’une enfance dont elle ne se souvient pas. Mais malgré son passé brisé, elle n’a jamais cessé de voir la beauté dans le monde… y compris le cœur sous le visage froid d’un homme qu’elle ne devrait pas désirer :

Le meilleur ami de son frère.

Son voisin.

Son sauveur et sa perte.

Quand leur histoire commence à prendre forme, elle révèle des secrets qui pourraient les détruire tous les deux… et tout ce qui leur est cher.",,
OL32301034M,,Source title: Twisted Love: A Brother's Best Friend Romance,
OL10741160M,,Harlequin Romance,
OL10240812M,,Mills & Boon Large Print Series,
OL9740601M,,Harlequin Romance I - Large Print,
OL47320132M,,"Source title: The Awakening (Vampire Diaries , Book 1) (The Vampire Diaries)",
OL46527030M,,Source title: O Despertar - Diarios Do Vampiro - Vol. 1 (Book in Portuguese),
OL35423891M,,Source title: The Awakening (Turtleback School & Library Binding Edition) (Vampire Diaries),
OL27964886M,,Source title: The Awakening: Book 1 (The Vampire Diaries),
OL27130192M,"A deadly love triangle. Elena: beautiful and popular, the girl who can have any boy she wants. Stefan: brooding and mysterious, desperately trying to resist his desire for Elena ... for her own good. Damon: sexy, dangerous, and driven by an urge for revenge against Stefan, the brother who betrayed him. Elena finds herself drawn to both brothers . . .who will she choose?",Translation of: The awakening.,
OL24084417M,,Book 1,
OL24083779M,,Book 1,
OL25938034M,"Stefan Salvatore, el nuevo alumno de Fell's Church, arrastra con él un misterioso pasado y también a alguien que sólo desea venganza, su hermano Damon: son más que hermanos de sangre y su odio excede las barreras del tiempo... Ahora tratan de reproducir un mortífero triángulo amoroso que tiene en su centro a Elena, la chica más popular del instituto. Esta recomendada su lectura a partir de 14 años.",,
OL24857253M,"Two vampire brothers compete for high stakes--the love of Elena Gilbert, a beautiful high school senior who is searching for excitement.",,
OL7286675M,,,Elena Gilbert stopped writing.
OL7602450M,,,Elena Gilbert stopped writing.
OL9241382M,,,Elena Gilbert stopped writing.
OL7287403M,,,Elena Gilbert stopped writing.
OL9242110M,,,Elena Gilbert stopped writing.
OL9241980M,,,Elena Gilbert stopped writing.
OL7287273M,,,Elena Gilbert stopped writing.
OL1870961M,,"""Atlantic romance""--Cover.",
