edition_key,work_key,title,subtitle,edition_name
OL29788367M,OL3775449W,Taggart's Woman,,
OL29264472M,OL3775449W,Taggart's Woman,,
OL10280664M,OL3775449W,Taggart's Woman,,
OL9682571M,OL3775449W,Taggart's Woman / Secret Passion,,
OL22612896M,OL3775449W,Taggart's woman.,,
OL9853763M,OL3775449W,Taggart's Woman,,
OL10691112M,OL17311801W,Bargain Wife,,2290 edition
OL39576746M,OL21435W,Amor Redentor,,
OL39581919M,OL21435W,Amor Redentor,,
OL33470829M,OL21435W,Amor Redentor,Una NovelaA Novel,
OL29873195M,OL21435W,Redeeming Love,the Companion Study,
OL29164291M,OL21435W,Redeeming Love,,
OL29492164M,OL21435W,Redeeming Love,,
OL28504945M,OL21435W,Redeeming Love,,
OL27928962M,OL21435W,Redeeming Love,,
OL9049218M,OL21435W,Die Liebe ist stark,,
OL8748409M,OL21435W,Redeeming Love Drive Time Audio(tm),,Abridged edition
OL18420160M,OL21435W,Amor redentor,una novela,
OL24949890M,OL21435W,Redeeming Love,a novel,printing (32)
OL24389148M,OL21435W,Redeeming Love,,1st printing
OL1405352M,OL21435W,Redeeming love,,
OL9788228M,OL21435W,Redeeming Love,,Unabridged edition
OL668881M,OL21435W,Redeeming Love,,"""Redeemed"" version (3)"
OL18285347M,OL21435W,Redeeming Love,A Novel,2007-1st hardcover ed.
OL8748315M,OL21435W,Redeeming Love,,
OL24293314M,OL21435W,Redeeming Love,,
OL8847745M,OL21435W,Redeeming Love,,Paperback with Study Guide edition
OL8875813M,OL21435W,Redeeming Love [Large Print],,Lrg edition
OL8989263M,OL21435W,Redeeming Love,,
OL24975909M,OL2959270W,Pattern of Deceit,,Harlequin romance 1st ed.
OL24939124M,OL2959270W,Pattern of deceit,,Harlequin romance 1st ed.
OL22618271M,OL2959270W,Pattern of Deceit,,
OL1982402M,OL2959270W,Pattern of deceit,,
OL17390856M,OL2959270W,Pattern of Deceit,,
OL22415407M,OL2959270W,Pattern of Deceit,,Large Print Edition
OL10691736M,OL2959270W,Pattern of Deceit,,
OL18357600M,OL3845168W,No holds barred.,,
OL10239059M,OL3845168W,No Holds Barred,,Largeprint edition
OL14978087M,OL3845168W,No holds barred.,,
OL10738330M,OL3845168W,No Holds Barred,,
OL21424688M,OL3845168W,Door trots gebroken.,,
OL21424552M,OL3845168W,Le sorprese non finiscono mai.,,
OL29734595M,OL11327953W,Levelling the Score,,
OL29243038M,OL11327953W,Levelling the Score,,
OL22384649M,OL11327953W,Levelling the score,,
OL9636898M,OL11327953W,Levelling The Score,,
OL20501301M,OL11327953W,Levelling the score,,Large print ed.
OL1882868M,OL11327953W,Levelling the score,,
OL9507637M,OL11327953W,Levelling the Score,,
OL10691234M,OL5236199W,Temple of Fire,,1st edition
OL17215320M,OL5236199W,Temple of Fire,,
OL28974140M,OL4233175W,Dark Side of Desire,,
OL9750982M,OL4233175W,"The Dark Side of Desire (Harlequin Presents, 1533)",,
OL9748216M,OL4233175W,"The Dark Side of Desire (Harlequin Presents, 1533)",,
OL9745901M,OL4233175W,"The Dark Side of Desire (Harlequin Presents, 1533)",,
OL19699246M,OL4233175W,The Dark Side of Desire,,Large Print ed.
OL1776472M,OL4233175W,The Dark Side of Desire,,
OL22619243M,OL11277315W,Twist of fate.,,
OL9587185M,OL11277315W,Twist of Fate,,Largeprint edition
OL21220748M,OL11277315W,Twist of fate,,
OL9774846M,OL11277315W,Twist of Fate,,Harlequin Presents #358
OL11658583M,OL11277315W,Twist of Fate,,Lrg edition
OL8926729M,OL11277315W,Twist of Fate,,Lrg edition
OL20161132M,OL486967W,The princess bride,S. Morgenstern's classic tale of true love and high adventure,
OL377544M,OL486967W,The princess bride,"S. Morgenstern's classic tale of true love and high adventure : the ""good parts"" version abridged",1st Ballantine Books hardcover ed.
OL10686514M,OL486967W,The Princess Bride,,
OL15125290M,OL486967W,The princess bride,,
OL16771051M,OL486967W,The princess bride,"S. Morgenstern's classic tale of true love and high adventure, the ""good parts"" version",
OL7961810M,OL486967W,The Princess Bride,,25 Anniversary Ed edition
OL10683605M,OL486967W,The Princess Bride,,
OL18504626M,OL486967W,The princess bride,S. Morgenstern's classic tale of true love and high adventure,1st Harvest mass market ed.
OL7973920M,OL486967W,Princess Bride,S. Morgenstern's Classic Tale of True Love and High Adventure,Rebound paperback edition
OL9639148M,OL486967W,The Princess Bride,,
OL11558534M,OL486967W,Princess Bride,,
OL8603363M,OL486967W,The Princess Bride,,
OL22184538M,OL486967W,The princess bride,"S. Morgenstern's classic tale of true love and high adventure : the ""good parts"" version",1st Ballantine Books ed.
OL10682557M,OL486967W,The Princess Bride,,
OL9682652M,OL486967W,The Princess Bride,S. Morgenstern's Classic Tale of True Love and High Adventure,Reprint edition
OL8276771M,OL486967W,Princess Bride,S. Morgenstern's Classic Tale of True Love and High Adventure,
OL9598700M,OL486967W,The Princess Bride,S. Morgenstern's Classic Tale of True Love and High Adventure,Reprint edition
OL21920251M,OL486967W,The Princess Bride,"S. Morgenstern's classic tale of true love and high adventure : the ""good parts"" version, abridged",
OL8845011M,OL486967W,The Princess Bride,,Abridged edition
OL18587170M,OL486967W,The princess bride,S. Morgenstern's classic tale of true love and high adventure,1st Harvest mass market ed.
OL7866886M,OL486967W,Princess Bride,,New Ed edition
OL11000892M,OL486967W,Princess Bride,,
OL20947352M,OL486967W,The  Princess Bride,"S. Morgenstern's Classic Tale of True Love and High Adventure : the ""good parts"" version, abridged",1st Ballantine Books mass market ed.
OL23273991M,OL486967W,The princess bride,"S. Morgenstern's classic tale of true love and high adventure : the ""good parts"" version abridged",1st Ballantine Books hardcover ed.
OL7961854M,OL486967W,The Princess Bride,,New Ed edition
OL10684301M,OL486967W,The Princess Bride,,
OL9844175M,OL486967W,The Princess Bride,S Morgenstern's Classic Tale of True Love and High Adventure,25th anniversary edition
OL17892075M,OL486967W,The princess bride,S. Morgenstern's classic tale of true love and high adventure,
OL3704385M,OL486967W,The princess bride,S. Morgenstern's classic tale of true love and high adventure,"30th anniversary ed., 1st trade pbk. ed."
OL10682161M,OL486967W,The Princess Bride,,
OL9738841M,OL486967W,The Princess Bride,S. Morgenstern's Classic Tale of True Love and High Adventure,Reprint edition
OL16378884M,OL8315362W,Perilous Refuge,,
OL16521973M,OL8315362W,Perilous Refuge,,
OL9746575M,OL8315362W,Perilous Refuge,,Largeprint edition
OL9748768M,OL8315362W,Perilous Refuge,,Largeprint edition
OL16522155M,OL8315362W,Perilous Refuge,,
OL9751943M,OL8315362W,Perilous Refuge,,Largeprint edition
OL9737447M,OL8315362W,Perilous Refuge,,
OL22326873M,OL10530605W,Sweet promise,,Large print ed.
OL14979972M,OL10530605W,Sweet promise.,,
OL14976354M,OL10530605W,Sweet promise,,
OL14980601M,OL10530605W,Sweet promise,,
OL24281415M,OL10530605W,Sweet Promise,,
OL10750217M,OL10530605W,Sweet Promise,,
OL7421869M,OL10530605W,Sweet Promise,,
OL7421949M,OL10530605W,Sweet Promise,,
OL11235141M,OL10530605W,Sweet Promise,,
OL21377203M,OL10530605W,Eens zal het morgen zijn.,,
OL10692087M,OL3754725W,The Bartered Bride,,
OL10241180M,OL3754725W,The Bartered Bride,,Large Print Edition
OL28973603M,OL5236260W,North of Capricorn,,
OL9739293M,OL5236260W,North of Capricorn,,
OL20937110M,OL5236260W,North of Capricorn,,Large Print Edition
OL10238995M,OL5236260W,North of Capricorn,,Larger Print Edition?
OL18356685M,OL5236260W,North of Capricorn,,
OL24404777M,OL5236260W,North of Capricorn,,
OL29243052M,OL11327950W,Inward Storm,,
OL29020961M,OL11327950W,The Inward Storm,,Large Print Edition
OL28973870M,OL11327950W,Inward Storm,,
OL14977908M,OL11327950W,The Inward Storm,,
OL20130251M,OL11327950W,The inward storm.,,
OL12053381M,OL11327950W,The Inward Storm,,
OL10738297M,OL11327950W,The Inward Storm,,
OL61375849M,OL21775531W,Verwoest me,Ze is van mij,
OL37330446M,OL21775531W,Destroy Me,,
OL39221697M,OL21775531W,Destroy Me,,
OL29651281M,OL21775531W,Amarás a un estraño,,
OL10738099M,OL16481385W,Second-Best Bride,,
OL61516905M,OL25515697W,Twisted Games (Collector's Edition),,
OL53379022M,OL25515697W,Twisted Games,,
OL52946971M,OL25515697W,Twisted Games,,
OL47276158M,OL25515697W,Twisted 2. Twisted Games,,
OL47806732M,OL25515697W,Twisted 2. Twisted Games,,2. Auflage 2023
OL49295009M,OL25515697W,Twisted 2. Twisted Games,,
OL42621549M,OL25515697W,Twisted Games - Special Edition,,
OL35082870M,OL25515697W,Twisted Games,,Special Edition
OL38152029M,OL25515697W,Twisted Games,,
OL38010864M,OL25515697W,Twisted Games,TikTok Made Me Buy It! Fall into a World of Addictive Romance...,
OL34224724M,OL25515697W,Twisted Games,,
OL38268897M,OL3457756W,Heaven Is Gentle,,
OL37392566M,OL3457756W,Heaven Is Gentle,,
OL29127319M,OL3457756W,Heaven Is Gentle,,
OL9741616M,OL3457756W,Heaven Is Gentle,,New edition
OL24975387M,OL3457756W,Heaven is Gentle,,Large print ed.
OL24964296M,OL3457756W,Heaven is gentle,,Large print ed.
OL9608917M,OL3457756W,Heaven is Gentle,,
OL14976091M,OL3457756W,Heaven is gentle.,,
OL14980305M,OL3457756W,Heaven is Gentle,,
OL9634468M,OL3457756W,"Heaven Is Gentle (Harlequin Romance: Magna Romance, 1921)",,Largeprint edition
OL9611184M,OL3457756W,Heaven Is Gentle,,Large Print edition
OL9770302M,OL3457756W,Heaven Is Gentle,,The Best of Betty Neels
OL38294416M,OL3457845W,The Promise of Happiness,,
OL29632106M,OL3457845W,The Promise of Happiness,,
OL29127381M,OL3457845W,The Promise of Happiness,,
OL29106556M,OL3457845W,The Promise of Happiness,,
OL10280561M,OL3457845W,The Promise of Happiness,,
OL18293262M,OL3457845W,The Promise of Happiness,,
OL17151468M,OL3457845W,The Promise of Happiness,,
OL10748313M,OL3457845W,The Promise of Happiness,,
OL23168142M,OL3457845W,The Promise of Happiness,,
OL10691122M,OL3457845W,The Promise of Happiness,,
OL10280367M,OL3457845W,The Promise of Happiness,,Large Print Edition
OL10746574M,OL3457845W,The Promise of Happiness (Best of Betty Neels),,
OL10748936M,OL3457845W,Promesa De Felicidad,(Promise Of Happiness) (Harlequin Jazmin (Spanish)),
OL10239030M,OL8032345W,Forbidden Wine,,Large Print Ed edition
OL14977704M,OL8032345W,Forbidden wine,,
OL21222186M,OL8032345W,Forbidden wine,,Large print ed.
OL10738255M,OL8032345W,Forbidden Wine,,
OL29758385M,OL3775475W,Hidden Love,,
OL29264351M,OL3775475W,Hidden Love,,
OL14977598M,OL3775475W,Hidden Love,,First Edition
OL18596961M,OL3775475W,Hidden Love,,Mills & Boon Best Seller Romance #620
OL14980553M,OL3775475W,Hidden Love,,Mills & Boon Romance #2021
OL9741953M,OL3775475W,Hidden Love,,Harlequin Presents #587
OL24943438M,OL3775475W,Hidden Love,,Harlequin Presents #587
OL61188557M,OL11327987W,Cativa,,
OL29663909M,OL11327987W,Falcon's Prey,,
OL29243056M,OL11327987W,Falcon's Prey,,
OL29106576M,OL11327987W,Falcon's Prey,,
OL24333336M,OL11327987W,Falcon's Prey,,
OL24333338M,OL11327987W,Falcon's Prey,,Large Print Edition
OL2726049M,OL11327987W,Falcon's Prey,,Large print ed.
OL14977285M,OL11327987W,Falcon's Prey,,
OL18050045M,OL11327987W,Falcon's Prey,,
OL21366179M,OL11327987W,Falcon's Prey,,
OL24333337M,OL11327987W,Falcon's Prey,,
OL22321605M,OL11327987W,Falcon's Prey,,
OL9752646M,OL11327987W,Falcon's Prey,,
OL54181319M,OL20564687W,Hopeless,,
OL47391457M,OL20564687W,Hopeless,Tocando el cielo,
OL47407550M,OL20564687W,Hopeless,,
OL47391456M,OL20564687W,Hopeless,Tocando el cielo,
OL49672019M,OL20564687W,Hopeless,,
OL49672018M,OL20564687W,Hopeless,,
OL39765219M,OL20564687W,Hopeless,,
OL39332831M,OL20564687W,Hopeless. Tocando el Cielo / Hopeless,,
OL35651243M,OL20564687W,Umutsuz,,
OL32419698M,OL20564687W,Hopeless,,
OL33023688M,OL20564687W,Hopeless,,
OL31870730M,OL20564687W,Hopeless,,
OL31129806M,OL20564687W,Hopeless,a novel,First Atria paperback edition.
OL29173419M,OL20564687W,Hopeless,,
OL27809972M,OL20564687W,Hopeless,,
OL38278522M,OL7990767W,Reluctant Husband,,
OL37388997M,OL7990767W,Reluctant Husband,,
OL31882114M,OL7990767W,The Reluctant Husband,,Large Print Edition
OL29263659M,OL7990767W,The Reluctant Husband,,
OL28950684M,OL7990767W,The Reluctant Husband,,
OL28950902M,OL7990767W,The Reluctant Husband,,
OL24929928M,OL7990767W,The Reluctant Husband,,Large Print Edition
OL9747915M,OL7990767W,The Reluctant Husband,,Large Print Edition
OL9750627M,OL7990767W,The Reluctant Husband,,Large Print Edition
OL9745793M,OL7990767W,The Reluctant Husband,,Large Print Edition
OL9739060M,OL7990767W,The Reluctant Husband,,
OL38386758M,OL3771297W,Take What You Want,,
OL38291056M,OL3771297W,Take What You Want,,
OL34872146M,OL3771297W,Take What You Want,,
OL29247921M,OL3771297W,Take What You Want,,
OL16522180M,OL3771297W,Take What You Want,,
OL14976194M,OL3771297W,Take What You Want,,
OL17212915M,OL3771297W,Take What You Want,,
OL24927897M,OL3771297W,Take What You Want,,
OL29264333M,OL3759116W,Lovers Touch,,
OL28951071M,OL3759116W,Lovers Touch,,
OL18308656M,OL3759116W,Lovers touch.,,
OL9805839M,OL3759116W,Lover's Touch,,
OL7421983M,OL3759116W,Lover's Touch,,
OL21439489M,OL3759116W,L' importanza di essere donna,,
OL28310441M,OL20032935W,The Hating Game,A Novel,
OL29731467M,OL20032935W,Hating Game,A Novel,
OL29985498M,OL20032935W,Hating Game,,
OL31967469M,OL20032935W,The Hating Game,A Novel,
OL32220697M,OL20032935W,Hating Game,,
OL32220696M,OL20032935W,Hating Game,,
OL33555204M,OL20032935W,Hating Game,,
OL34621338M,OL20032935W,Hating Game,,
OL36097786M,OL20032935W,Hating Game [Movie Tie-In],A Novel,
OL27212977M,OL20032935W,The Hating Game,,First edition.
OL14980575M,OL3845131W,Distrust her shadow,,
OL10239018M,OL3845131W,Distrust Her Shadow,,
OL14977571M,OL3845131W,Distrust her shadow,,
OL10691327M,OL3845131W,Distrust Her Shadow,,
OL38274819M,OL2959250W,Marriage Betrayed,,
OL37388634M,OL2959250W,Marriage Betrayed,,
OL29151702M,OL2959250W,Marriage Betrayed,,
OL28951716M,OL2959250W,Marriage Betrayed,,
OL18598574M,OL2959250W,A Marriage Betrayed,,
OL9567614M,OL2959250W,A Marriage Betrayed,,Large Print Edition
OL9737119M,OL2959250W,A Marriage Betrayed,,
OL9644193M,OL2959250W,A Marriage Betrayed,,Unabridged edition
OL9904143M,OL2959250W,A Marriage Betrayed,,
OL17216230M,OL3845101W,When the Loving Stopped,,
OL10239435M,OL3845101W,When the Loving Stopped (Mills & Boon Large Print),,Largeprint edition
OL10691657M,OL3845101W,When the Loving Stopped,,Harlequin romance 1st ed. May 1989.
OL21626261M,OL3845101W,Cuando el amor se acaba.,,
OL21376202M,OL3845101W,Een huis vol dromen.,,
OL44177240M,OL3467487W,Wife Against Her Will,,
OL43642300M,OL3467487W,Wife Against Her Will,,
OL29573546M,OL3467487W,Wife Against Her Will,,
OL25414034M,OL3467487W,Wife Against Her Will,,
OL9676949M,OL3467487W,Wife Against Her Will,,
OL9744160M,OL3467487W,Wife Against Her Will (Romance Large),,Large Print Ed edition
OL24251009M,OL3467487W,Wife Against Her Will,,
OL7416546M,OL3467487W,Contra Su Voluntad,(Against Her Will) (Harlequin Bianca (Spanish)),
OL10239517M,OL8030401W,Intangible Dream,,Large Prnt Edition
OL24937157M,OL8030401W,Intangible Dream,,Harlequin presents 1st ed.
OL17125057M,OL8030401W,Intangible Dream,,
OL10280802M,OL8030401W,Intangible Dream,,
OL10738945M,OL8030401W,Intangible Dream,,
OL9599269M,OL3498543W,An Awakening Desire,,
OL17465055M,OL3498543W,An awakening desire,,
OL9740707M,OL3498543W,An Awakening Desire,,Largeprint edition
OL14978548M,OL3498543W,An awakening desire.,,
OL17359659M,OL3498543W,An Awakening Desire,,
OL26001087M,OL11327970W,The Six-Month Marriage,,Large Print Edition
OL29797992M,OL11327970W,The Six-Month Marriage,,
OL29243039M,OL11327970W,The Six-Month Marriage,,
OL14978188M,OL11327970W,The Six-Month Marriage,,
OL17398318M,OL11327970W,The Six-Month Marriage,,
OL10738362M,OL11327970W,The Six-Month Marriage,,Harlequin Presents #809
OL61516907M,OL27818823W,Twisted Lies (Collector's Edition),,
OL38446297M,OL27818823W,Twisted Lies,,
OL56904047M,OL27818823W,Twisted Lies,Él Hará lo Que Sea para Tenerla... Incluso Mentir,
OL52564084M,OL27818823W,Twisted 4. Twisted Lies,,
OL51006348M,OL27818823W,Twisted Lies,,
OL42830813M,OL27818823W,Twisted lies ,,
OL39730646M,OL27818823W,Twisted Lies - Limited Edition,,
OL38574449M,OL27818823W,Twisted Lies - Special Edition,,
OL39441146M,OL27818823W,Twisted Lies,,
OL38010863M,OL27818823W,Twisted Lies,TikTok Made Me Buy It! Fall into a World of Addictive Romance...,
OL38275167M,OL3775504W,To Woo a Wife,,
OL37388599M,OL3775504W,To Woo a Wife,,
OL10739302M,OL3775504W,To Woo A Wife (Bachelor Brothers),,
OL29151676M,OL3775504W,To Woo a Wife,,
OL28951147M,OL3775504W,To Woo a Wife,,
OL9622099M,OL3775504W,To Woo a Wife,,
OL12053383M,OL3775504W,To Woo a Wife,,
OL18344871M,OL3775504W,To woo a wife,,
OL10241223M,OL3775504W,To Woo a Wife,,Large Print Edition
OL22305558M,OL11277304W,Out of control.,,Large print ed.
OL22330308M,OL11277304W,Out of control.,,
OL10738580M,OL11277304W,Out of Control,,
OL12053339M,OL11277304W,Out of Control,,
OL10739716M,OL3845179W,A First Time for Everything (easyread pring Harlequin Romance),,First edition
OL10239259M,OL3845179W,A First Time for Everything,,
OL10239263M,OL3845179W,A First Time for Everything,,Large Print Ed edition
OL10280696M,OL3845179W,A First Time For Everything,,
OL10691770M,OL3845179W,A First Time for Everything,,
OL24617972M,OL3845179W,A First Time for Everything,,Harlequin romance easyread ed.
OL21376216M,OL3845179W,Een spannende uitdaging.,,
OL15236069M,OL3845179W,Passion dans la vallée des Rois.,,
OL21626306M,OL3845179W,A primeira vez,,
OL20583136M,OL3845179W,Il cuore ha messo le ali.,,
OL21626291M,OL3845179W,La primera vez.,,
OL20583210M,OL3845179W,O Aprovleptos kurios Tein.,,
OL29264373M,OL11327991W,Island of the Dawn,,
OL14980434M,OL11327991W,Island of the Dawn.,,
OL14977513M,OL11327991W,Island of the Dawn,,
OL10738248M,OL11327991W,Island of the Dawn,,
OL14981750M,OL11327991W,Island of the Dawn,,
OL11946196M,OL11327991W,Island of the Dawn,,Largeprint edition
OL61578578M,OL24178205W,Love Hypothesis,,
OL60989359M,OL24178205W,De liefdeshypothese,Liefde is een aantrekkingskracht die zelfs de wetenschap niet kan verklaren.,
OL52455847M,OL24178205W,La hipótesis del amor,,Edición especial
OL40232607M,OL24178205W,La hipótesis del amor,,
OL44945594M,OL24178205W,A hipótese do amor,,
OL57520854M,OL24178205W,Love Hypothesis,Collector's Edition,
OL44767085M,OL24178205W,The Love Hypothesis ,,
OL38628096M,OL24178205W,The Love Hypothesis,Il teorema dell'amore,
OL37803633M,OL24178205W,The Love Hypothesis,,
OL36010073M,OL24178205W,The Love Hypothesis,,
OL35582292M,OL24178205W,Love Hypothesis,,
OL35469268M,OL24178205W,The Love Hypothesis,,
OL31917995M,OL24178205W,The Love Hypothesis,,
OL14977532M,OL4084680W,Between Pride And Passion,,
OL20652785M,OL4084680W,Between pride and passion,,Large print ed.
OL10280621M,OL4084680W,Between Pride and Passion,,
OL24940339M,OL4084680W,Between Pride and Passion,,
OL10738180M,OL4084680W,Between Pride and Passion,,
OL11900295M,OL3294436W,Retribution,,Lrg edition
OL11658471M,OL3294436W,Retribution,,
OL21224157M,OL3294436W,Retribution.,,
OL21221097M,OL3294436W,Retribution.,,
OL9743312M,OL3294436W,Retribution,,
OL21224336M,OL5236219W,Hunter's Moon,,
OL21221546M,OL5236219W,Hunter's Moon,,
OL10691328M,OL5236219W,Hunter's Moon,,Harlequin Romance #2556
OL10807049M,OL3770471W,Fatal Deception,,
OL14978295M,OL3770471W,Fatal Deception,,
OL17309835M,OL3770471W,Fatal Deception,Mills & Boon Romance #2444,
OL10738381M,OL3770471W,Fatal Deception,,
OL10239236M,OL3845160W,Hidden Heart,,
OL10280690M,OL3845160W,Hidden Heart,,
OL10239225M,OL3845160W,Hidden Heart,,Large Print Ed edition
OL10691758M,OL3845160W,Hidden Heart,,
OL24737464M,OL3845160W,Hidden heart,,Harlequin romance 1st ed.
OL21376214M,OL3845160W,Verwarrende waarheid.,,
OL21626275M,OL3845160W,Corazon oculto.,,
OL14978690M,OL3845170W,Farewell to love,,Large print ed.
OL17380494M,OL3845170W,Farewell to love.,,
OL10281526M,OL3845170W,Farewell to Love,,
OL1975549M,OL3845170W,Farewell to love,,
OL10691702M,OL3845170W,Farewell To Love,,
OL24943721M,OL3845170W,Farewell to Love,Harlequin Romance - 3041,
OL20583160M,OL3845170W,Adeus ao amor.,,
OL21424648M,OL3845170W,Adiós al amor.,,
OL21424562M,OL3845170W,Innamorarsi e poi.,,
OL20582985M,OL3845170W,[Korean translation].,,
OL29264362M,OL11327893W,Darker Side of Desire,,
OL28973644M,OL11327893W,Darker Side of Desire,,
OL14978035M,OL11327893W,Darker side of desire,,
OL9735945M,OL11327893W,Darker Side of Desire,,
OL1641193M,OL3981187W,An inconvenient marriage,,
OL14981892M,OL3981187W,An inconvenient marriage.,,
OL10738849M,OL3981187W,An Inconvenient Marriage,,
OL14977398M,OL11327153W,Bitter revenge,,
OL10280610M,OL11327153W,Bitter Revenge,,
OL10738160M,OL11327153W,Bitter Revenge,,
OL52236850M,OL20650912W,Casa de Tierra y Sangre,,
OL46573795M,OL20650912W,House of Earth and Blood,The Epic New Fantasy Series from Multi-Million and #1 New York Times Bestselling Author Sarah J. Maas,
OL45128496M,OL20650912W,House of Earth and Blood,,
OL35618229M,OL20650912W,Ciudad Medialuna,Casa de tierra y sangre,
OL35361326M,OL20650912W,Hilal Şehir,Toprak ve kan hanesi,2. baskı
OL28562969M,OL20650912W,Księżycowe Miasto,Dom Ziemi i Krwi. Część 1,
OL35866018M,OL20650912W,House of Earth and Blood,A Crescent City novel,
OL32388174M,OL20650912W,Crescent City,House of Earth and Blood,
OL32388173M,OL20650912W,Crescent City,House of Earth and Blood,Unabridged Audio book
OL32388170M,OL20650912W,House of Earth and Blood,,
OL34724098M,OL20650912W,House of Earth and Blood,A Crescent City Novel,
OL30342532M,OL20650912W,Casa de tierra y sangre,,
OL30157071M,OL20650912W,House of Earth and Blood,,
OL31979042M,OL20650912W,Crescent City,House of Earth and Blood,
OL27925074M,OL20650912W,Föld és vér háza,,
OL28343065M,OL20650912W,Crescent City,House of Earth and Blood,
OL27925078M,OL20650912W,House of Earth and Blood,,
OL27924119M,OL20650912W,Crescent City,House of Earth and Blood,
OL38352639M,OL4233121W,Gold Ring of Betrayal,,
OL29802508M,OL4233121W,Gold Ring of Betrayal,,
OL29151880M,OL4233121W,Gold Ring of Betrayal,,
OL28953437M,OL4233121W,Gold Ring of Betrayal,,
OL9569343M,OL4233121W,Gold Ring of Betrayal,,
OL9742514M,OL4233121W,Gold Ring of Betrayal,,Large Print Edition
OL9561823M,OL5236211W,The Butterfly and the Baron,,
OL24238814M,OL5236211W,The Butterfly and the Baron,,
OL14980183M,OL5236211W,The Butterfly and the Baron,,
OL14976844M,OL5236211W,The butterfly and the Baron,,
OL11235259M,OL5236211W,The Butterfly and the Baron,,Large
OL17330896M,OL3498690W,Tempt me not.,,Large print ed.
OL1343883M,OL3498690W,Tempt Me Not,,
OL9743108M,OL3498690W,Tempt Me Not,,
OL18406513M,OL8315317W,Never a stranger,,
OL10240389M,OL8315317W,Never a Stranger,,Lrg edition
OL10281731M,OL8315317W,Never a Stranger,,New edition
OL45650119M,OL77775W,CHATEAU DE MES REVES,,
OL38481543M,OL77775W,Blue CastleClassic(Illustarted),,
OL52070693M,OL77775W,Blue Castle,,
OL52176980M,OL77775W,Blue Castle,,
OL52185147M,OL77775W,Blue Castle,,
OL51128368M,OL77775W,Blue Castle,,
OL51133569M,OL77775W,Blue Castle,,
OL50453514M,OL77775W,The Blue Castle,,
OL48967223M,OL77775W,Blue Castle,,
OL49132718M,OL77775W,Blue Castle,,
OL48767515M,OL77775W,Blue Castle,,
OL49088870M,OL77775W,Blue Castle,,
OL49088919M,OL77775W,Blue Castle,,
OL49114124M,OL77775W,Blue Castle,,
OL49118561M,OL77775W,Blue Castle,,
OL49148166M,OL77775W,Blue Castle,,
OL49177628M,OL77775W,Blue Castle,,
OL49179177M,OL77775W,Blue Castle,,
OL48591623M,OL77775W,The Blue Castle,,
OL48432425M,OL77775W,Blue Castle,,
OL48528323M,OL77775W,Blue Castle,,
OL51627348M,OL77775W,Blue Castle,The Original Manuscript,
OL48328499M,OL77775W,Blue Castle,,
OL48386433M,OL77775W,Blue Castle,,
OL48387758M,OL77775W,Blue Castle,,
OL48397648M,OL77775W,Blue Castle,,
OL48176521M,OL77775W,Blue Castle,,
OL48282353M,OL77775W,Blue Castle,Large Print,
OL48282387M,OL77775W,Blue Castle,,
OL48295143M,OL77775W,The Blue Castle,,
OL48326431M,OL77775W,Blue Castle,,
OL48337086M,OL77775W,The Blue Castle,,
OL46930495M,OL77775W,The Blue Castle,,
OL46776834M,OL77775W,Blue Castle Novel by Lucy Maud Montgomery,,
OL46730496M,OL77775W,Blue Castle,Finest Annotation,
OL46650744M,OL77775W,Blue Castle by L. M. Montgomery,,
OL46625241M,OL77775W,Blue Castle,,
OL46673214M,OL77775W,Blue Castle,,
OL46703777M,OL77775W,Blue Castle,,
OL47269657M,OL77775W,The Blue Castle,,
OL46474612M,OL77775W,Blue Castle : a Novel,Elegance Premium Edition,
OL46401036M,OL77775W,Blue Castle (Warbler Classics Annotated Edition),,
OL46494887M,OL77775W,Blue Castle (Warbler Classics Annotated Edition),,
OL46289146M,OL77775W,Blue Castle,Finest Annotation,
OL46514802M,OL77775W,Blue Castle,,
OL46675618M,OL77775W,Blue Castle,,
OL46123118M,OL77775W,Blue Castle,,
OL46158576M,OL77775W,Blue Castle,,
OL44289585M,OL77775W,Blue Castle,Lucy Maud Montgomery,
OL43376919M,OL77775W,The Blue Castle,,
OL8075060M,OL77775W,The Blue Castle,,2nd edition
OL43025732M,OL77775W,The Blue Castle,,
OL42798320M,OL77775W,Blue Castle,Finest Illustration,
OL42618077M,OL77775W,Blue Castle Amazing Classical,Romance,
OL42341405M,OL77775W,Blue Castle,,
OL42345219M,OL77775W,Blue Castle,Large Print,
OL42466114M,OL77775W,Blue Castle,Large Print,
OL42475222M,OL77775W,Blue Castle,,
OL42094570M,OL77775W,Blue Castle,,
OL41988248M,OL77775W,Blue Castle,Large Print,
OL42131194M,OL77775W,Blue Castle,Pocket Edition - Beyond World's ClassicsLucy Maud Montgomery,
OL42267740M,OL77775W,Blue Castle,,
OL41869111M,OL77775W,Blue Castle,,
OL41904646M,OL77775W,Blue Castle,Large Print,
OL42180447M,OL77775W,Blue Castle,Large Print,
OL42201236M,OL77775W,Blue Castle,,
OL42207204M,OL77775W,Blue Castle,Large Print,
OL42209548M,OL77775W,Blue Castle,,
OL42229628M,OL77775W,Blue Castle,,
OL42337277M,OL77775W,Blue Castle,,
OL41771554M,OL77775W,Blue Castle,,
OL41842916M,OL77775W,Blue Castle,Large Print,
OL41931022M,OL77775W,Blue Castle,,
OL41021946M,OL77775W,Blue Castle,,
OL41036726M,OL77775W,Blue Castle,,
OL41187607M,OL77775W,Blue Castle,,
OL41195720M,OL77775W,Blue Castle,,
OL41210794M,OL77775W,Blue Castle,,
OL41241089M,OL77775W,The Blue Castle,,
OL41241694M,OL77775W,Blue Castle,Large Print,
OL41296251M,OL77775W,Blue Castle,,
OL41320228M,OL77775W,Blue Castle,Large Print,
OL41570716M,OL77775W,Blue Castle,,
OL41603034M,OL77775W,Blue Castle,Large Print,
OL40888130M,OL77775W,Blue Castle,Large Print,
OL40960708M,OL77775W,Blue Castle,,
OL41037507M,OL77775W,Blue Castle,,
OL41037856M,OL77775W,Blue Castle,Large Print,
OL41079796M,OL77775W,Blue Castle,,
OL41083306M,OL77775W,Blue Castle,,
OL41135368M,OL77775W,Blue Castle,Large Print,
OL41149501M,OL77775W,Blue Castle,,
OL41150606M,OL77775W,Blue Castle,Large Print,
OL41151918M,OL77775W,Blue Castle,Large Print,
OL41165264M,OL77775W,Blue Castle,,
OL41197260M,OL77775W,Blue Castle,Large Print,
OL41215909M,OL77775W,Blue Castle,,
OL41241084M,OL77775W,The Blue Castle,,
OL40798457M,OL77775W,Blue Castle,,
OL40874175M,OL77775W,Blue Castle,,
OL40877725M,OL77775W,Blue Castle,,
OL40878358M,OL77775W,Blue Castle,,
OL40883989M,OL77775W,Blue Castle,Larg Print,
OL40934960M,OL77775W,Blue Castle,,
OL40717023M,OL77775W,Blue Castle : (Humour and Romance),,
OL40658878M,OL77775W,Blue Castle,,
OL40666130M,OL77775W,Blue Castle,,
OL40553870M,OL77775W,Blue Castle,,
OL40554042M,OL77775W,Blue Castle,,
OL40604783M,OL77775W,Blue Castle,,
OL40607906M,OL77775W,Blue Castle,,
OL40130462M,OL77775W,Blue Castle,A Novel,
OL40155009M,OL77775W,Blue Castle,,
OL40471869M,OL77775W,Blue Castle,,
OL40478226M,OL77775W,Blue Castle,,
OL39783219M,OL77775W,Blue Castle: (Finest Annotation Book),,
OL39675563M,OL77775W,Blue Castle,,
OL38559029M,OL77775W,Blue Castle(annotated),,
OL38553648M,OL77775W,Blue Castle Annotated,,
OL38545000M,OL77775W,Blue Castle Annotated,,
OL38537632M,OL77775W,Blue Castle Annotated,,
OL38529941M,OL77775W,Blue Castle Annotated,,
OL38527987M,OL77775W,Blue Castle,,
OL38523570M,OL77775W,Blue Castle Annotated,,
OL38506400M,OL77775W,Blue Castle Annotated,,
OL38503176M,OL77775W,Blue Castle Annotated,,
OL38498652M,OL77775W,Blue Castle,Large Print,
OL38512856M,OL77775W,Blue Castle,Classic,
OL38518967M,OL77775W,Blue Castle,From the Canadian Authoress of Green Gables Fame,
OL38530504M,OL77775W,Blue Castle,Classic Edition,
OL38530998M,OL77775W,Blue Castle,Classic Edition,
OL38548543M,OL77775W,Blue Castle,Classic Edition,
OL38550552M,OL77775W,Blue Castle,,
OL39176886M,OL77775W,Blue Castle,,
OL38479757M,OL77775W,Blue Castle Annotated,,
OL38486949M,OL77775W,Blue Castle Annotated,,
OL38492609M,OL77775W,Blue Castle Annotated,,
OL38467859M,OL77775W,Blue Castle-(Annotated),,
OL38462604M,OL77775W,Blue Castle Annotated,,
OL38474713M,OL77775W,Blue Castle Annotated,,
OL38462304M,OL77775W,Blue Castle L. M. Montgomery(illustrated Edition),,
OL38467768M,OL77775W,Blue Castle L. M. Montgomery(illustrated Edition),,
OL38493906M,OL77775W,Blue Castle L. M. Montgomery(illustrated Edition),,
OL38501619M,OL77775W,Blue Castle L. M. Montgomery(illustrated Edition),,
OL38503532M,OL77775W,Blue Castle L. M. Montgomery(illustrated Edition),,
OL38548514M,OL77775W,Blue Castle L. M. Montgomery(illustrated Edition),,
OL38438132M,OL77775W,Blue Castle Annotated,,
OL38443781M,OL77775W,Blue Castle Annotated,,
OL38444353M,OL77775W,Blue Castle Annotated,,
OL38435685M,OL77775W,Blue Castle,,
OL38414633M,OL77775W,Blue Castle,Classic Edition,
OL38415839M,OL77775W,Blue Castle,Classic Edition,
OL38421174M,OL77775W,Blue Castle,Classic Edition,
OL38189675M,OL77775W,Blue Castle (Annotated),,
OL38165273M,OL77775W,Blue Castle,,
OL38170264M,OL77775W,Blue Castle,,
OL38143518M,OL77775W,Blue Castle Annotated,,
OL38133361M,OL77775W,Blue Castle,,
OL38106735M,OL77775W,Blue Castle Annotated,,
OL38108712M,OL77775W,Blue Castle Annotated,,
OL37749967M,OL77775W,The blue castle,,Seal ed.
OL37729084M,OL77775W,Blue Castle,,
OL37729451M,OL77775W,Blue Castle,,
OL37710476M,OL77775W,Blue Castle Illustrated,,
OL37702994M,OL77775W,Blue Castle L. M. Montgomery(illustrated Edition),,
OL38198710M,OL77775W,Blue Castle L. M. Montgomery(illustrated Edition),,
OL37630060M,OL77775W,Blue Castle,,
OL37727167M,OL77775W,Blue Castle,,
OL37516823M,OL77775W,Blue Castle by L. M. Montgomery,,
OL37485229M,OL77775W,Blue Castle,Large Print,
OL37008904M,OL77775W,Blue Castle,Classic Edition,
OL37002149M,OL77775W,Blue Castle:(illustrated Edition),,
OL36980071M,OL77775W,Blue Castle Annotated Norton Critical Edition,,
OL36979981M,OL77775W,Blue Castle Annotated,,
OL37004211M,OL77775W,Blue Castle Annotated,,
OL36965726M,OL77775W,Blue Castle,,
OL36987497M,OL77775W,Blue Castle,Classic Edition,
OL36993945M,OL77775W,Blue Castle,Classic Edition(Annotated,
OL36912483M,OL77775W,Blue Castle,,
OL36901439M,OL77775W,Blue Castle (Annotated),,
OL36888633M,OL77775W,Blue Castle Annotated,,
OL36897594M,OL77775W,Blue Castle Annotated,,
OL36856307M,OL77775W,Blue Castle,Classic Edition,
OL36853095M,OL77775W,Blue Castle (Annotated),,
OL36503508M,OL77775W,Blue Castle,,
OL35717544M,OL77775W,Le château de mes rêves,,
OL35330489M,OL77775W,The Blue Castle,,
OL29072077M,OL77775W,The Blue Castle,,
OL27688125M,OL77775W,The Blue Castle,,
OL27160911M,OL77775W,The Blue Castle,,
OL8547796M,OL77775W,The Blue Castle,,
OL7824443M,OL77775W,The Blue Castle (L.M. Montgomery Books),,
OL52248106M,OL77775W,The blue castle,,
OL22921691M,OL77775W,Lan se cheng bao,,Chu ban
OL37723059M,OL77775W,Blue Castle Annotated,,
OL37695223M,OL77775W,Blue Castle,Classic Edition,
OL37656292M,OL77775W,Blue Castle Annotated,,
OL37663250M,OL77775W,Blue Castle Annotated,,
OL37668867M,OL77775W,Blue Castle Annotated,,
OL37591864M,OL77775W,Blue Castle Annotated,,
OL37608040M,OL77775W,Blue Castle Annotated,,
OL37548645M,OL77775W,Blue Castle Amazing Classical  Edison,Romance,
OL37528995M,OL77775W,Blue Castle (Annotated),,
OL37518255M,OL77775W,Blue Castle,Classic Edition,
OL37522875M,OL77775W,Blue Castle,Classic Edition,
OL37523668M,OL77775W,Blue Castle,,
OL37523741M,OL77775W,Blue Castle,Large Print,
OL37516984M,OL77775W,Blue Castle Annotated,,
OL37524351M,OL77775W,Blue Castle Annotated,,
OL37528616M,OL77775W,Blue Castle Annotated,,
OL36987236M,OL77775W,Blue Castle L. M. Montgomery(illustrated Edition),,
OL36964460M,OL77775W,Blue Castle Illustrated,,
OL36486651M,OL77775W,Blue Castle,SeaWolf Press Classic,
OL36486652M,OL77775W,Blue Castle,SeaWolf Press Classic,
OL36719800M,OL77775W,Blue Castle,,
OL36776178M,OL77775W,Blue Castle,,
OL36085169M,OL77775W,Blue Castle,,
OL36115757M,OL77775W,Blue Castle,,
OL36334826M,OL77775W,Blue Castle,,
OL35503359M,OL77775W,Blue Castle,,
OL36035450M,OL77775W,Blue Castle,,
OL34817704M,OL77775W,Blue Castle,,
OL33467124M,OL77775W,Blue Castle,,
OL34125258M,OL77775W,Blue Castle,,
OL36601113M,OL77775W,Blue Castle Annotated,,
OL36594695M,OL77775W,Blue Castle,Classic Edition,
OL36494660M,OL77775W,Blue Castle Annotated,,
OL36494671M,OL77775W,Blue Castle Annotated,,
OL36508198M,OL77775W,Blue Castle Annotated,,
OL36511489M,OL77775W,Blue Castle Annotated,,
OL36463509M,OL77775W,Blue Castle,Literary Fiction,
OL36473533M,OL77775W,Blue Castle,Classic Edition,
OL36496937M,OL77775W,Blue Castle,,
OL36366758M,OL77775W,Blue Castle Annotated,,
OL36388502M,OL77775W,Blue Castle Annotated,,
OL36449356M,OL77775W,Blue Castle Annotated,,
OL36164531M,OL77775W,Blue Castle:(illustrated Edition),,
OL36123559M,OL77775W,Blue Castle Illustrated,,
OL36173474M,OL77775W,Blue Castle Illustrated,,
OL36117787M,OL77775W,Blue Castle (Illustrated),,
OL36116168M,OL77775W,Blue Castle Annotated,,
OL36121113M,OL77775W,Blue Castle Annotated,,
OL36125456M,OL77775W,Blue Castle Annotated,,
OL36148760M,OL77775W,Blue Castle Annotated,,
OL36112487M,OL77775W,Blue Castle,Classic Edition,
OL36120568M,OL77775W,Blue Castle,Classic Edition,
OL36076192M,OL77775W,Blue Castle (annotated),,
OL36033247M,OL77775W,Blue Castle,Classic Edition,
OL36033160M,OL77775W,Blue Castle Annotated,,
OL35973962M,OL77775W,Blue Castle (Annotated),,
OL35222165M,OL77775W,Blue Castle,Classic Edition,
OL35121412M,OL77775W,Blue Castle-(Annotated),,
OL35064630M,OL77775W,Blue Castle Annotated,,
OL35180289M,OL77775W,Blue Castle Annotated,,
OL35192408M,OL77775W,Blue Castle Annotated,,
OL35041920M,OL77775W,Blue Castle,Classic Edition,
OL34347964M,OL77775W,Blue Castle Annotated,,
OL34349410M,OL77775W,Blue Castle Annotated,,
OL34307879M,OL77775W,Blue Castle[Annotated],,
OL34290658M,OL77775W,Blue Castle-(Annotated),,
OL34294054M,OL77775W,Blue Castle-(Annotated),,
OL34314453M,OL77775W,Blue Castle-(Annotated),,
OL34261768M,OL77775W,Blue Castle,Classic Edition,
OL34279982M,OL77775W,Blue Castle[Annotated],,
OL34252853M,OL77775W,Blue Castle by Lucy Maud Montgomery,a Classic Illustrated Edition,
OL34244747M,OL77775W,Blue Castle Annotated,,
OL34288533M,OL77775W,Blue Castle Annotated,,
OL34201054M,OL77775W,Blue Castle,,
OL32734086M,OL77775W,The Blue Castle,,
OL31853905M,OL77775W,The Blue Castle,,
OL30744945M,OL77775W,The Blue Castle,,
OL30275467M,OL77775W,Blue Castle 'Annotated',,
OL30221213M,OL77775W,Blue Castle Annotated,,
OL30240049M,OL77775W,Blue Castle Annotated,,
OL30190568M,OL77775W,Blue Castle,,
OL30357114M,OL77775W,Blue Castle,Large Print,
OL27594308M,OL77775W,The Blue Castle,,
OL25648985M,OL77775W,The blue castle,,
OL15388701M,OL77775W,The blue castle,a novel,
OL14584199M,OL77775W,The blue castle,a novel,
OL18119812M,OL77775W,The blue castle,a novel,
OL23750346M,OL77775W,The blue castle,,
OL16236596M,OL77775W,The Blue Castle.,,
OL19889860M,OL77775W,The blue castle,a novel,
OL19746209M,OL77775W,The blue castle,,
OL23750345M,OL77775W,The blue castle,a novel,
OL23247589M,OL77775W,The blue castle,,Bantam ed.
OL8258400M,OL77775W,Blue Castle,,
OL17421552M,OL77775W,The blue castle,,
OL8188838M,OL77775W,Blue Castle,,
OL8076176M,OL77775W,Blue Castle,,
OL22098412M,OL77775W,The blue castle,a novel,
OL22146128M,OL77775W,The blue castle.,,
OL8076181M,OL77775W,Blue Castle,,
OL32144703M,OL3759338W,Stranger from the past,,
OL10748302M,OL3759338W,Stranger From The Past (Harlequin Collector's Edition),,
OL29243029M,OL3759338W,Stranger from the Past,,
OL10738963M,OL3759338W,Stranger from the Past,,
OL20130357M,OL3759338W,Stranger from the past.,,
OL18687307M,OL3759338W,Stranger from the Past,,
OL1307847M,OL3759338W,Stranger from the past,,
OL12053357M,OL3759338W,Stranger from the Past,,Unabridged edition
OL20026585M,OL3759338W,Pote xana,,
OL37815228M,OL20004814W,After we collided,,
OL30600896M,OL20004814W,After We Collided,,
OL29427102M,OL20004814W,After We Collided,,
OL29249952M,OL20004814W,After We Collided,,
OL29236910M,OL20004814W,After We Collided,,
OL28279108M,OL20004814W,After we collided,,
OL28278745M,OL20004814W,After we collided,,
OL27184908M,OL20004814W,"After We Collided (After Series, Book 2)",,First Gallery Books trade paperback edition.
OL9738681M,OL8315347W,A Lingering Melody,,Large Print Edition
OL17359484M,OL8315347W,A Lingering Melody,,
OL9734607M,OL8315347W,A Lingering Melody,,
OL22379761M,OL8315347W,A Lingering Melody,,Large print ed.
OL9614536M,OL8315347W,A Lingering Melody,,
OL16522168M,OL8315354W,Stormy Surrender,,
OL10239227M,OL8315354W,Stormy Surrender,,Large Print Edition
OL10280691M,OL8315354W,Stormy Surrender,,
OL10738835M,OL8315354W,Stormy Surrender,,
OL32132143M,OL3759349W,Past Passion,,Large Print Edition
OL29243000M,OL3759349W,Past Passion,,
OL9750450M,OL3759349W,Past Passion,,
OL9747758M,OL3759349W,Past Passion,,
OL21272914M,OL3759349W,Past Passion,,
OL9749242M,OL3759349W,Past Passion,,Large Pr edition
OL9749741M,OL3759349W,Past Passion,,Large Pr edition
OL9746686M,OL3759349W,Past Passion,,Large Pr edition
OL9745567M,OL3759349W,Past Passion,,
OL9737071M,OL3759349W,Past Passion,,
OL9750265M,OL2959374W,The Velvet Tiger,,Lrg edition
OL9749331M,OL2959374W,The Velvet Tiger,,Lrg edition
OL17411916M,OL2959374W,The velvet tiger,,
OL18051267M,OL2959374W,The velvet tiger,,
OL9749069M,OL2959374W,"The Velvet Tiger (Harlequin Presents, No 1496)",,
OL9751910M,OL2959374W,"The Velvet Tiger (Harlequin Presents, No 1496)",,
OL9746549M,OL2959374W,The Velvet Tiger,,
OL9621410M,OL3773973W,The Spanish Groom,,
OL28951466M,OL3773973W,Spanish Groom,,
OL28951394M,OL3773973W,Spanish Groom,,
OL29263501M,OL3773973W,Spanish Groom,,
OL9643887M,OL3773973W,The Spanish Groom,,Largeprint edition
OL10738310M,OL8869211W,Fidelity,,
OL11966304M,OL8869211W,Fidelity,,
OL14977954M,OL8869211W,Fidelity,,
OL17214495M,OL8869211W,Fidelity,,
OL9745249M,OL8315355W,Dark Illusion,,Largeprint edition
OL9747335M,OL8315355W,Dark Illusion,,Largeprint edition
OL9750014M,OL8315355W,Dark Illusion,,Largeprint edition
OL18879270M,OL8315355W,Dark illusion,,
OL16522153M,OL8315355W,Dark Illusion,,
OL9744332M,OL8315355W,Dark Illusion,,
OL22400323M,OL4225414W,House of mirrors,,Large print ed.
OL14977519M,OL4225414W,House of mirrors,,
OL10691317M,OL4225414W,House of Mirrors,,
OL11235181M,OL4225414W,House of Mirrors,,Lrg edition
OL43581194M,OL20018811W,November 9,,
OL52982047M,OL20018811W,Nächstes Jahr am selben Tag,Roman,
OL57743660M,OL20018811W,November 9,,
OL60629690M,OL20018811W,November 9,,
OL43407856M,OL20018811W,November 9,,
OL36858187M,OL20018811W,November 9,,
OL38862658M,OL20018811W,November 9,A Novel,
OL33498539M,OL20018811W,November 9,,
OL35499270M,OL20018811W,November 9,,
OL27824009M,OL20018811W,November 9,,
OL29273817M,OL20018811W,November 9,A Novel,
OL27440166M,OL20018811W,November 9,A Novel,
OL27198876M,OL20018811W,November 9,a novel,First Atria Books trade paperback edition.
OL29243019M,OL3759318W,Beyond Compare,,
OL9741286M,OL3759318W,Beyond Compare,,
OL20501381M,OL3759318W,Beyond compare,,Large print ed.
OL14981600M,OL3759318W,Beyond compare.,,
OL9747731M,OL3759318W,"Beyond Compare (Nightingale Series, Harlequin # 1282)",,Largeprint edition
OL9746097M,OL3759318W,"Beyond Compare (Nightingale Series, Harlequin # 1282)",,Largeprint edition
OL9751253M,OL3759318W,"Beyond Compare (Nightingale Series, Harlequin # 1282)",,Largeprint edition
OL29264414M,OL11328452W,Bittersweet Passion,,
OL17214476M,OL11328452W,Bittersweet Passion.,,
OL14978532M,OL11328452W,Bittersweet Passion,,
OL9754135M,OL11328452W,Bittersweet Passion,Harlequin Romance Subscription - 15,
OL38280428M,OL3773934W,Italian's Inexperienced Mistress,,
OL34412821M,OL3773934W,Italian's Inexperienced Mistress,,
OL53832955M,OL3773934W,The Italian's Inexperienced Mistress,,
OL24375627M,OL3773934W,The Italian's Inexperienced Mistress,,
OL29671278M,OL3773934W,Italian's Inexperienced Mistress,,
OL29671682M,OL3773934W,Italian's Inexperienced Mistress,,
OL29687232M,OL3773934W,Italian's Inexperienced Mistress,,
OL29263505M,OL3773934W,The Italian's Inexperienced Mistress,,
OL28988882M,OL3773934W,The Italian's Inexperienced Mistress,,
OL28741427M,OL3773934W,Italian's Inexperienced Mistress,,
OL9736765M,OL3773934W,The Italian's Inexperienced Mistress (Romance Large),,Large Print Ed edition
OL24265169M,OL3773934W,The Italian's Inexperienced Mistress,,
OL9675337M,OL3773934W,The Italian's Inexperienced Mistress,,
OL29242984M,OL11327979W,Without Trust,,
OL29053848M,OL11327979W,Without Trust,,
OL28973668M,OL11327979W,Without Trust,,
OL14978632M,OL11327979W,Without trust.,,
OL14982026M,OL11327979W,Without trust,,New ed.
OL9570177M,OL11327979W,Without Trust,,
OL1980277M,OL8315268W,Bond of Destiny,,
OL17299110M,OL8315268W,Bond of Destiny,,
OL9735986M,OL8315268W,Bond of Destiny (Harlequin Large Print),,Large Prnt edition
OL9647420M,OL8315268W,Bond of Destiny,,
OL24787705M,OL8315268W,Bond of Destiny,,
OL38466569M,OL27838518W,From Blood and Ash,,
OL38057296M,OL27838518W,From Blood and Ash,,
OL38055215M,OL27838518W,From Blood and Ash,,
OL38052515M,OL27838518W,From Blood and Ash,,
OL38047166M,OL27838518W,From Blood and Ash,,
OL38047123M,OL27838518W,From Blood and Ash,A Blood and Ash Novel,
OL38045834M,OL27838518W,From Blood and Ash,A Blood and Ash Novel,
OL38353888M,OL3773994W,Married to a Mistress,,
OL29773711M,OL3773994W,Married to a Mistress,,
OL29691188M,OL3773994W,Married to a Mistress,,
OL29263658M,OL3773994W,Married to a Mistress,,
OL29033593M,OL3773994W,Married to a Mistress,,
OL28950780M,OL3773994W,Married to a Mistress,,
OL10743019M,OL3773994W,Married to a Mistress,,
OL10241081M,OL3773994W,Married to a Mistress,The Husband Hunters Book 1,Large Print Edition
OL18768923M,OL3773994W,Married to a mistress,,
OL38386868M,OL3771180W,Sweet Revenge,,
OL24238949M,OL3771180W,Sweet Revenge,,
OL21223496M,OL3771180W,Sweet Revenge,,
OL10691082M,OL5236243W,"Wake the Sleeping Tiger (Harlequin Romance, #2258)",,
OL14981161M,OL5236243W,Wake the Sleeping Tiger,,
OL22726885M,OL5236243W,Wake the Sleeping Tiger,,
OL10690365M,OL3754835W,Terrace in the Sun,,
OL37821190M,OL3754835W,Terrace In The Sun,,
OL37821158M,OL3754835W,Terrace In The Sun,,
OL19036585M,OL3754835W,Terrace In The Sun,,
OL20775343M,OL3754835W,Terrace in the sun,,Large print ed.
OL1873986M,OL3754835W,Terrace In The Sun,,
OL22824453M,OL3754835W,Terrace in the sun.,,
OL17221799M,OL3754835W,Terrace In The Sun,,
OL10691427M,OL11277296W,Kingfisher Morning,"Yesterday - 11, Harlequin Romance - 2696",
OL14976436M,OL11277296W,Kingfisher morning.,,
OL14981962M,OL11277296W,Kingfisher morning.,,
OL59468778M,OL19964677W,Weil ich Layken liebe,Roman,
OL40218490M,OL19964677W,Slammed,A Novel,
OL27165844M,OL19964677W,因为深爱，所以放手,所有的幸福与不幸都让人成长,Di 1 ban
OL36712634M,OL19964677W,Amor en Verso,Una Novela,
OL36802306M,OL19964677W,Amor en Verso,,
OL35455551M,OL19964677W,Çarpılma,,
OL27809970M,OL19964677W,Pułapka uczuć,,
OL37747470M,OL19964677W,Slammed,,
OL33987816M,OL19964677W,Slammed,A Novel,
OL34478506M,OL19964677W,Slammed,,
OL27929153M,OL19964677W,Slammed,,
OL27144896M,OL19964677W,Slammed,a novel,1st Atria Books trade paperback ed.
OL20717821M,OL3759348W,E aporrıpse.,,
OL29243014M,OL3759348W,Savage Adoration,,
OL9513552M,OL3759348W,A Savage Adoration,,
OL10280658M,OL3759348W,A Savage Adoration,,
OL9697441M,OL3759348W,A Savage Adoration,,Largeprint edition
OL9438938M,OL3759348W,A Savage Adoration,,
OL7421985M,OL3759348W,A Savage Adoration,,
OL9361564M,OL3759348W,A Savage Adoration,,
OL24381749M,OL3759348W,A Savage Adoration,,Collector's Edition
OL22380110M,OL4215998W,To speak of love,,Large print ed.
OL10738477M,OL4215998W,To Speak of Love,Harlequin Presents #969,
OL14981209M,OL4215998W,To Speak Of Love,Mills & Boon Romance #2562,
OL10807106M,OL4215998W,To Speak of Love,,Lrg edition
OL38270779M,OL4233186W,Slave to Love,,
OL38357220M,OL4233186W,Slave to Love,,
OL29783129M,OL4233186W,Slave to Love,,
OL29152053M,OL4233186W,Slave to Love,,
OL28950418M,OL4233186W,Slave to Love,,
OL9747566M,OL4233186W,"Slave To Love (Harlquin Presents, No 1776)",,
OL9750254M,OL4233186W,"Slave To Love (Harlquin Presents, No 1776)",,
OL9745419M,OL4233186W,Slave to Love,,
OL9750790M,OL4233186W,Slave to Love,,Largeprint edition
OL17207889M,OL4233186W,Slave to Love,,
OL9748049M,OL4233186W,Slave to Love,,Largeprint edition
OL31992151M,OL8315358W,Apprentie comtesse,,
OL9752090M,OL8315358W,The Gift of Loving,,
OL9749227M,OL8315358W,The Gift of Loving,,
OL16522162M,OL8315358W,The gift of loving.,,
OL9750733M,OL8315358W,The Gift of Loving,,Largeprint edition
OL9748521M,OL8315358W,The Gift of Loving,,Largeprint edition
OL9750715M,OL8315358W,"The Gift of Loving (Harlequin Presents, No. 1469)",,
OL9745722M,OL8315358W,"The Gift of Loving (Harlequin Presents, No. 1469)",,
OL9747979M,OL8315358W,"The Gift of Loving (Harlequin Presents, No. 1469)",,
OL31910825M,OL3759069W,Exorcism,,
OL29264343M,OL3759069W,Exorcism,,
OL16830116M,OL3759069W,Exorcism.,,
OL17363570M,OL3759069W,Exorcism.,,
OL10738391M,OL3759069W,Exorcism,,
OL44175236M,OL11327658W,Devil and the Deep Sea,,
OL22568185M,OL11327658W,Devil and the Deep Sea,,Large Print Edition
OL17371302M,OL11327658W,Devil and the Deep Sea,,
OL10738607M,OL11327658W,Devil and the Deep Sea,,
OL10807085M,OL11327658W,Devil and the Deep Sea,,Large Prnt Edition
OL17255651M,OL8315359W,Impossible bargain.,,
OL9747434M,OL8315359W,"Impossible Bargain (Harlequin Presents, No 1125)",,
OL9746776M,OL8315359W,"Impossible Bargain (Harlequin Presents, No 1125)",,
OL9752238M,OL8315359W,"Impossible Bargain (Harlequin Presents, No 1125)",,
OL27180374M,OL17719508W,After,,
OL28125626M,OL17719508W,After,,
OL28125628M,OL17719508W,After,"The After Series, book 1",
OL30786654M,OL17719508W,After,,
OL30786655M,OL17719508W,After,,
OL31853390M,OL17719508W,After,,
OL31853389M,OL17719508W,After,,
OL31853818M,OL17719508W,After,,
OL31853819M,OL17719508W,After,,
OL37815226M,OL17719508W,After,,
OL26320905M,OL17719508W,"After (After Series, Book 1)",,First Gallery books trade paperback edition.
OL18817745M,OL11327660W,The Marriage Deal,,
OL21310545M,OL11327660W,The marriage deal,,Large Print Ed.
OL10239116M,OL11327660W,The Marriage Deal,,Large Prnt edition
OL10738506M,OL11327660W,Marriage Deal,,
OL14978606M,OL11277302W,No more lonely nights.,,
OL14981545M,OL11277302W,No More Lonely Nights.,,
OL24215468M,OL11277302W,No More Lonely Nights,,Harlequin presents 1st ed. May 1989.
OL10738627M,OL11277302W,No More Lonely Nights,,
OL29559097M,OL3476087W,Such Dark Magic,,
OL18422297M,OL3476087W,Such dark magic,,
OL10239725M,OL3476087W,Such Dark Magic,,Largeprint edition
OL17411507M,OL3476087W,Such Dark Magic,,
OL9744237M,OL8315332W,A Secret Understanding,,Large Print Edition
OL9573269M,OL8315332W,A Secret Understanding,,Harlequin presents 1st ed. Oct. 1990.
OL9734207M,OL8315332W,A Secret Understanding,,
OL10738115M,OL4342701W,Confirmed Bachelor,,
OL14977254M,OL4342701W,Confirmed bachelor,,
OL14980278M,OL4342701W,Confirmed bachelor.,,
OL14981361M,OL4342701W,Confirmed Bachelor.,,
OL35887226M,OL3771243W,Such Sweet Poison,,Large Print Edition
OL28974110M,OL3771243W,Such Sweet Poison,,
OL18053351M,OL3771243W,Such sweet poison,,
OL1648661M,OL3771243W,Such Sweet Poison,,
OL10738857M,OL3771243W,Such Sweet Poison,,
OL29264439M,OL3759185W,Potential Danger,,
OL10738648M,OL3759185W,Potential Danger,,
OL17236886M,OL3759185W,Potential Danger,,
OL38275638M,OL4233169W,Ultimate Betrayal,,
OL38353157M,OL4233169W,Ultimate Betrayal,,
OL29798343M,OL4233169W,Ultimate Betrayal,,
OL29151912M,OL4233169W,Ultimate Betrayal,,
OL28950431M,OL4233169W,Ultimate Betrayal,,
OL24843170M,OL4233169W,The Ultimate Betrayal,,
OL24755934M,OL4233169W,The Ultimate Betrayal,,
OL17404380M,OL4233169W,The Ultimate Betrayal,,Large Print Edition
OL10240316M,OL4233169W,The Ultimate Betrayal,,Large Print Edition
OL10739112M,OL4233169W,Ultimate Betrayal (Wedlocked!),,
OL14977575M,OL3476079W,Mansion For My Love,,
OL17434943M,OL3476079W,Mansion for My Love,,
OL14981585M,OL3476079W,Mansion for My Love,,
OL9604150M,OL3476079W,Mansion for My Love,,
OL29784098M,OL3775489W,Savage Interlude,,
OL29264502M,OL3775489W,Savage Interlude,,
OL9599446M,OL3775489W,Savage Interlude,,
OL14976827M,OL3775489W,Savage Interlude,,
OL11383501M,OL3775489W,Savage Interlude,,
OL38271705M,OL3457959W,A Girl to Love,,
OL29663919M,OL3457959W,A Girl to Love,,
OL29127386M,OL3457959W,A Girl to Love,,
OL29106550M,OL3457959W,A Girl to Love,,
OL25016349M,OL3457959W,A Girl to Love,,Large Print Edition
OL9415471M,OL3457959W,A Girl to Love,,
OL9420828M,OL3457959W,A Girl to Love,,Large Print Edition
OL14977436M,OL3457959W,A Girl to Love,,
OL19412265M,OL3457959W,A Girl to Love,,
OL9378907M,OL3457959W,A Girl to Love,,
OL9636933M,OL3457959W,A Girl to Love,,Large Print Edition
OL7416954M,OL3457959W,A Girl to Love,,The Best of Betty Neels
OL29264357M,OL3759285W,Bought with His Name,,
OL28973771M,OL3759285W,Bought with His Name,,
OL9566454M,OL3759285W,Bought With His Name,,Large Prnt edition
OL18361887M,OL3759285W,Bought with his name.,,
OL14977564M,OL3759285W,Bought with his name,,
OL20121316M,OL3759285W,Bought with his name,,
OL9315113M,OL3759285W,Bought with His Name,,Harlequin Presents #562
OL9740569M,OL3759285W,Bought With His Name,,Lrg edition
OL10239196M,OL3845178W,To Stay Forever,,Large Print Ed edition
OL14981635M,OL3845178W,To stay forever.,,
OL10691680M,OL3845178W,To Stay Forever,,
OL15315164M,OL3845178W,Pozostać na zawsze.,,
OL21376207M,OL3845178W,Reis naar de zon.,,
OL21424536M,OL3845178W,Una sola eccezione....,,
OL21893165M,OL3845178W,[Chinese].,,
OL21259243M,OL3845178W,Päättymätön matka.,,
OL21626286M,OL3845178W,Tua para sempre.,,
OL21626272M,OL3845178W,Tuya para siempre.,,
OL29763354M,OL11327962W,Reason for Being,A Second Chance Romance,
OL29242971M,OL11327962W,Reason for Being,,
OL22221985M,OL11327962W,A reason for being,CC.,
OL10239203M,OL11327962W,A Reason for Being,,Large Print Ed edition
OL10280681M,OL11327962W,A Reason For Being,,
OL18107578M,OL11327962W,A reason for being,,
OL10738635M,OL11327962W,A Reason for Being,,
OL24947317M,OL11327962W,A Reason for Being,,Harlequin presents 1st ed. June 1989.
OL29758381M,OL3775471W,Glass Slippers and Unicorns,,
OL29264507M,OL3775471W,Glass Slippers and Unicorns,,
OL17892830M,OL3775471W,Glass slippers and unicorns,,
OL9750869M,OL3775471W,Glass Slippers and Unicorns (G K Hall Large Print Book Series),,Largeprint edition
OL18521289M,OL3775471W,Glass slippers and unicorns,,Newed.
OL9747631M,OL3775471W,Glass Slippers and Unicorns (G K Hall Large Print Book Series),,Largeprint edition
OL18425894M,OL3775471W,Glass slippers and unicorns,,Large print ed.
OL9745935M,OL3775471W,Glass Slippers and Unicorns (G K Hall Large Print Book Series),,Largeprint edition
OL9741352M,OL3775471W,Glass Slippers and Unicorns,,
OL29264481M,OL3775418W,Captive Loving,,
OL14977653M,OL3775418W,Captive Loving,,First Edition
OL14981685M,OL3775418W,Captive Loving,,Mills & Boon Best Seller Romance #627
OL9623680M,OL3775418W,Captive Loving,,Mills & Boon Romance #2055
OL24950263M,OL3775418W,Captive Loving,,Harlequin Presents #603
OL38290807M,OL3771293W,Sirocco,,
OL34872133M,OL3771293W,Sirocco,,
OL29247535M,OL3771293W,Sirocco,,
OL10738274M,OL3771293W,Sirocco,,
OL14977837M,OL3771293W,Sirocco,,
OL10239046M,OL3771293W,Sirocco,,Large Print Ed edition
OL14980839M,OL3771293W,Sirocco,,
OL24411167M,OL3771293W,Sirocco,,
OL16521982M,OL11762227W,The Final Price,Mills & Boon Romance #2572,
OL9736426M,OL11762227W,The Final Price,,
OL17433641M,OL6794523W,Temporary Bride,,
OL24951976M,OL6794523W,Temporary Bride,,Harlequin Presents 1st ed.
OL24972260M,OL6794523W,Temporary Bride,,Harlequin Presents 1st ed.
OL9746982M,OL6794523W,"Temporary Bride (Harlequin Presents, No 1238)",,
OL9752526M,OL6794523W,"Temporary Bride (Harlequin Presents, No 1238)",,
OL9749628M,OL6794523W,"Temporary Bride (Harlequin Presents, No 1238)",,
OL9747240M,OL6794523W,Temporary Bride,,
OL9749920M,OL6794523W,Temporary Bride,,
OL10738837M,OL2959315W,Breaking Point,,
OL10280988M,OL2959315W,Breaking Point,,
OL10239724M,OL2959315W,Breaking Point,,Large Print Edition
OL44096885M,OL4233152W,Price of a Bride,,
OL38352156M,OL4233152W,Price of a Bride,,
OL29800729M,OL4233152W,Price of a Bride,,
OL29151671M,OL4233152W,Price of a Bride,,
OL28950958M,OL4233152W,Price of a Bride,,
OL9613118M,OL4233152W,Price Of A Bride,,
OL9742610M,OL4233152W,The Price of a Bride,,Large Print Edition
OL38344800M,OL4233148W,Scandaleuses promesses,,
OL38271588M,OL4233148W,Passionate Scandal,,
OL38357055M,OL4233148W,Passionate Scandal,,
OL29793484M,OL4233148W,Passionate Scandal,,
OL29151999M,OL4233148W,Passionate Scandal,,
OL28974638M,OL4233148W,Passionate Scandal,,
OL9752484M,OL4233148W,Passionate Scandal,Harlequin Presents - 1695,Large Print Edition
OL9749585M,OL4233148W,Passionate Scandal (Harlequin Romance),,Large Prnt edition
OL9746950M,OL4233148W,Passionate Scandal (Harlequin Romance),,Large Prnt edition
OL9742578M,OL4233148W,Passionate Scandal,,
OL17413527M,OL4233148W,Passionate Scandal,,
OL48764246M,OL21802553W,Shatter Me : the Six-Novel Collection,"Shatter Me, Unravel Me, Ignite Me, Restore Me, Defy Me, Imagine Me",
OL32342708M,OL21802553W,Shatter Me Series 6-Book Box Set,"Shatter Me, Unravel Me, Ignite Me, Restore Me, Defy Me, Imagine Me",
OL45054105M,OL21802553W,Shatter Me Complete Collection,,
OL29697592M,OL21802553W,Shatter Me Complete Collection,"Shatter Me, Destroy Me, Unravel Me, Fracture Me, Ignite Me",
OL39819953M,OL21833211W,Priest,,
OL39958356M,OL21833211W,Priest,,
OL37427842M,OL21833211W,Priest,A Love Story,
OL35031609M,OL21833211W,Priest,,
OL29755235M,OL21833211W,Priest,A Love Story,
OL9751897M,OL3845125W,Tomorrow -- Come Soon (Harlequin Romance),,
OL9749057M,OL3845125W,Tomorrow -- Come Soon (Harlequin Romance),,
OL9746541M,OL3845125W,Tomorrow -- Come Soon,,
OL17396879M,OL3845125W,Tomorrow - come soon,,
OL2704114M,OL3845125W,"Tomorrow, come soon",,
OL49346577M,OL35223328W,Married at first sight,,
OL48577313M,OL35223328W,Married at first sight ,,
OL47774735M,OL35223328W,Married at first sight ,,
OL47620937M,OL35223328W,Married at first sight ,,
OL47620785M,OL35223328W,Married at first sight,,
OL2675938M,OL3759472W,A man of means,,
OL14980480M,OL3759472W,A man of means,,
OL10738193M,OL3759472W,A Man Of Means,,First edition
OL24941013M,OL3759472W,A Man of Means,Harlequin Presents #573,
OL28973935M,OL15411754W,Temptation,,
OL31986854M,OL15411754W,Temptation,,Mills & Boon Best Seller Romance #519
OL31986851M,OL15411754W,Temptation,,Mills & Boon Romance #1522
OL24382038M,OL15411754W,Temptation,,Harlequin Presents #310
OL21220705M,OL15411754W,Temptation,,First Edition
OL29589204M,OL3773896W,The Contaxis Baby,,
OL29135944M,OL3773896W,The Contaxis Baby,,
OL28954515M,OL3773896W,The Contaxis Baby,,
OL9747151M,OL3773896W,The Contaxis Baby,,Large Print Edition
OL9749830M,OL3773896W,The Contaxis Baby,,Large Print Edition
OL9745102M,OL3773896W,The Contaxis Baby,,Large Print Edition
OL9749482M,OL3773896W,The Contaxis Baby,,
OL9752374M,OL3773896W,The Contaxis Baby,,
OL9743008M,OL3773896W,The Contaxis Baby,,
OL9858486M,OL3773896W,The Contaxis Baby,,
OL60840262M,OL26955716W,Things We Never Got Over,The Sunday Times Bestseller and TikTok Sensation - Lucy's New Book Story of My Life Is Out Now!,
OL40033160M,OL26955716W,Things We Never Got Over,,
OL46528929M,OL26955716W,Things We Never Got Over,,
OL52216508M,OL26955716W,Things We Never Got Over,,
OL38337597M,OL26955716W,Things We Never Got Over,,
OL37535002M,OL26955716W,Things We Never Got Over,,
OL36542796M,OL26955716W,Things We Never Got Over,,
OL51330501M,OL19705711W,Losing Hope,,
OL47324904M,OL19705711W,Losing Hope,,
OL47523909M,OL19705711W,Losing Hope,,
OL49799723M,OL19705711W,Losing Hope,,
OL49799720M,OL19705711W,Losing Hope,,
OL35651308M,OL19705711W,Yeni Bir Umut,,
OL27727196M,OL19705711W,Looking for Hope,,
OL33439293M,OL19705711W,Losing Hope,,
OL35773013M,OL19705711W,Losing Hope,,
OL27809975M,OL19705711W,Losing hope,,
OL26918886M,OL19705711W,Losing hope,a novel,First Atria Paperback edition.
OL22166304M,OL3770492W,Echoes of the past.,,
OL1612903M,OL3770492W,Echoes of the past,,
OL10807204M,OL3770492W,Echoes of the Past,,Largeprint edition
OL22593817M,OL3770492W,Echoes of the past.,,
OL10738735M,OL3770492W,Echoes of the Past,,
OL38371832M,OL3771221W,His Virgin Mistress,,
OL38368111M,OL3771221W,His Virgin Mistress,,
OL38291165M,OL3771221W,His Virgin Mistress,,
OL29596541M,OL3771221W,His Virgin Mistress,,
OL29245103M,OL3771221W,His Virgin Mistress,,
OL28953298M,OL3771221W,His Virgin Mistress,,
OL28953335M,OL3771221W,His Virgin Mistress,,
OL9750474M,OL3771221W,His Virgin Mistress,,
OL9745581M,OL3771221W,His Virgin Mistress,,
OL9747778M,OL3771221W,His Virgin Mistress,,
OL9752564M,OL3771221W,His Virgin Mistress,,Large Print Edition
OL9749664M,OL3771221W,His Virgin Mistress,,Large Print Edition
OL56884344M,OL20893778W,Corrupt,Devil's Night,
OL52553172M,OL20893778W,Corrupt,Devil's Night,
OL47691497M,OL20893778W,Corrupt,,
OL48447846M,OL20893778W,Corrupt,,
OL32499504M,OL20893778W,Corrupt,,
OL28300621M,OL20893778W,Corrupt,,
OL1610727M,OL3770490W,Wish on the moon,,
OL17370211M,OL3770490W,Wish on the moon.,,
OL17300186M,OL3770490W,Wish on the moon.,,Large print ed.
OL24939200M,OL3770490W,Wish on the moon,,
OL24974171M,OL3770490W,Wish on the moon,,
OL10738712M,OL3770490W,Wish On The Moon,,
OL24976491M,OL3770490W,Wish on the Moon,,
OL28973600M,OL9367818W,Never Count Tomorrow,,First edition
OL10280580M,OL9367818W,Never Count Tomorrow,,
OL10691226M,OL9367818W,Never Count Tomorrow,,
OL10738553M,OL3498845W,Reluctant Wife,,
OL14981397M,OL3498845W,Reluctant wife.,,
OL14978485M,OL3498845W,Reluctant wife,,
OL28002476M,OL17850410W,De wrede prins,,
OL59126422M,OL17850410W,הנסיך האכזר,,
OL48258839M,OL17850410W,The Cruel Prince,,Collector's Edition
OL38538688M,OL17850410W,Cruel Prince,,
OL39633592M,OL17850410W,Cruel Prince,,
OL32234215M,OL17850410W,The Cruel Prince,,
OL28682069M,OL17850410W,El Príncipe Cruel,,
OL46528859M,OL17850410W,The Cruel Prince,,
OL28292985M,OL17850410W,The Cruel Prince,,
OL26940602M,OL17850410W,The cruel prince,,Unabridged.
OL26694821M,OL17850410W,The Cruel Prince,,
OL26782186M,OL17850410W,The Cruel Prince (The Folk of the Air),,
OL27099606M,OL17850410W,The Cruel Prince (The Folk of the Air),,
OL27292928M,OL17850410W,The Cruel Prince (The Folk of the Air),,
OL28153628M,OL17850410W,The Cruel Prince,,
OL28478001M,OL17850410W,The Cruel Prince,1,
OL42225095M,OL17850410W,Cruel prince ,,
OL26435884M,OL17850410W,The Cruel Prince,,First Edition
OL29242975M,OL11327982W,Blackmail,,
OL28973754M,OL11327982W,Blackmail,,
OL2738323M,OL11327982W,Blackmail,,
OL18427250M,OL11327982W,Blackmail,,
OL20130268M,OL11327982W,Blackmail,,
OL14977422M,OL11327982W,Blackmail,,
OL9396517M,OL11327982W,Blackmail,,
OL24934924M,OL11327982W,Blackmail,,Collector's Edition
OL37755966M,OL3759468W,The Iron Man,,
OL38386625M,OL3759468W,Iron Man,,
OL10280500M,OL3759468W,The Iron Man,,
OL14975934M,OL3759468W,The iron man,,
OL24238836M,OL3759468W,The Iron Man,,
OL14980255M,OL3759468W,Iron Man.,,
OL24554218M,OL3759468W,The Iron Man,,
OL11585382M,OL3759468W,the Iron Man,,
OL29763294M,OL3775478W,Love's Duel,An Enemies to Lovers Romance,
OL29264363M,OL3775478W,Love's Duel,,
OL27923306M,OL3775478W,Love's Duel,,
OL18356833M,OL3775478W,Love's Duel,,First Edition
OL17476629M,OL3775478W,Love's Duel,,
OL20121410M,OL3775478W,Love's Duel,,
OL10738150M,OL3775478W,Love's Duel,,
OL57388938M,OL20090688W,"Red, White and Royal blue",,
OL37811712M,OL20090688W,"Vermelho, Branco e Sangue Azul",,
OL37811705M,OL20090688W,"Vermelho, Branco e Sangue Azul",,
OL52332504M,OL20090688W,"Rojo, Blanco y Sangre Azul / Red, White and Royal Blue",,
OL51089078M,OL20090688W,"Red, White and Royal Blue",A Novel,Collector's Edition (signed)
OL51509404M,OL20090688W,,,
OL51152917M,OL20090688W,Royal Blue,,
OL50539885M,OL20090688W,Royal Blue,,
OL48197722M,OL20090688W,"Red, White and Royal Blue",,
OL40235172M,OL20090688W,"Red, White and Royal Blue",,
OL36639394M,OL20090688W,"Rojo, blanco y sangre azul",,
OL47765088M,OL20090688W,"Red, White & Royal Blue",,
OL47317897M,OL20090688W,"Red, White & Royal Blue",,
OL40201479M,OL20090688W,"Red, White and Royal Blue",A Novel,
OL37986306M,OL20090688W,"Red, White and Royal Blue",,
OL37329271M,OL20090688W,"Red, White and Royal Blue",,
OL36884024M,OL20090688W,"Red, White and Royal Blue",A Novel,
OL36357162M,OL20090688W,"Red, White and Royal Blue",,
OL31895535M,OL20090688W,"Red, White, and Royal Blue",,
OL32642974M,OL20090688W,"Red, White & Royal Blue",,
OL30767344M,OL20090688W,"Red, White & Royal Blue",,
OL27632309M,OL20090688W,"Red, White & Royal Blue",,1st ed.
OL27270721M,OL20090688W,"Red, White & Royal Blue",A Novel,First edition
OL29755787M,OL3759068W,Escape from Desire,,
OL29264347M,OL3759068W,Escape from Desire,,
OL14977608M,OL3759068W,Escape from Desire,,
OL22394557M,OL3759068W,Escape from Desire,,Large Print Edition
OL20121426M,OL3759068W,Escape from Desire,,
OL22835446M,OL3759068W,Escape from Desire,,
OL24206331M,OL3759068W,Escape From Desire,Harlequin Presents #569,
OL14981682M,OL3759068W,Escape from Desire.,,
OL11946253M,OL3759068W,Escape from Desire,,
OL11900306M,OL3759068W,Escape from Desire,,Lrg edition
OL37392594M,OL3457830W,Not Once but Twice,,
OL38268326M,OL3457830W,Not Once but Twice,,
OL29127329M,OL3457830W,Not Once but Twice,,
OL28950989M,OL3457830W,Not Once but Twice,,
OL26112068M,OL3457830W,"Not Once But Twice
            
                Best of Betty Neels",,
OL10691244M,OL3457830W,Not Once But Twice,,
OL24967698M,OL3457830W,Not Once But Twice,,
OL10280582M,OL3457830W,Not Once But Twice,,
OL10282771M,OL3457830W,Not Once But Twice (Betty Neels: The Ultimate Collection),,
OL14977156M,OL3457830W,Not once but twice,,
OL10280402M,OL3457830W,Not Once But Twice (Betty Neels Large Print Collection),,Large Print Ed edition
OL10746962M,OL3457830W,Not Once But Twice,,The Best of Betty Neels
OL29264477M,OL3775397W,Uncertain Destiny,,
OL18352249M,OL3775397W,Uncertain destiny.,,
OL9418489M,OL3775397W,Uncertain Destiny,,
OL24936582M,OL3775397W,Uncertain destiny,,Harlequin Presents 1st ed.
OL24980949M,OL3775397W,Uncertain Destiny,,
OL37438695M,OL3458001W,Girl with the Green Eyes,,
OL29592696M,OL3458001W,Girl with Green Eyes,,
OL29136677M,OL3458001W,Girl with Green Eyes,,
OL9636194M,OL3458001W,The Girl with Green Eyes (Betty Neels Large Print Collection),,Large Print Ed edition
OL9306847M,OL3458001W,The Girl with Green Eyes,,
OL18138181M,OL3458001W,The girl with green eyes.,,
OL24208250M,OL3458001W,The Girl with Green Eyes,,Harlequin Romance 1st ed.
OL14978700M,OL3458001W,The girl with green eyes,,
OL10282198M,OL3458001W,The Girl with Green Eyes,,New edition
OL9743615M,OL3458001W,The Girl With Green Eyes,,Largeprint edition
OL10691074M,OL17809871W,Love is Eternal,,
OL60364625M,OL18020194W,It Ends with Us,The Emotional #1 Sunday Times Bestseller,
OL40232570M,OL18020194W,Nur noch ein einziges Mal,,
OL60493763M,OL18020194W,It ends with us,,
OL47328533M,OL18020194W,It Ends With Us,,
OL44897339M,OL18020194W,Все закончится на нас,,
OL49294668M,OL18020194W,It Ends With Us,,
OL49829791M,OL18020194W,It Ends With Us,,
OL49829792M,OL18020194W,It Ends With Us,,
OL49829793M,OL18020194W,It Ends With Us,,
OL49829794M,OL18020194W,It Ends With Us,,
OL49829795M,OL18020194W,It Ends With Us,,
OL49829796M,OL18020194W,It Ends With Us,,
OL49829797M,OL18020194W,It Ends With Us,,
OL49829798M,OL18020194W,It Ends With Us,,
OL49829799M,OL18020194W,It Ends With Us,,
OL49351534M,OL18020194W,IT ENDS WITH US,,
OL49646684M,OL18020194W,Ends With Us,,
OL40224862M,OL18020194W,Isto Acaba Aqui,,
OL46524413M,OL18020194W,Isto Acaba Aqui,,
OL51108597M,OL18020194W,It Ends with Us,A Novel,
OL50525389M,OL18020194W,It Ends with us,,
OL47323735M,OL18020194W,It Ends With Us,,
OL49230721M,OL18020194W,It ends with us,,
OL48596657M,OL18020194W,It Ends With Us,,
OL48596656M,OL18020194W,It Ends With Us,,
OL48596655M,OL18020194W,It Ends With Us,,
OL48596654M,OL18020194W,It Ends With Us,,
OL48596653M,OL18020194W,It Ends With Us,,
OL47323734M,OL18020194W,It Ends With Us,,
OL46849212M,OL18020194W,IT ENDS WITH US,,
OL41724387M,OL18020194W,It Ends With Us,,
OL42883035M,OL18020194W,It Ends With Us,,
OL40233705M,OL18020194W,It Ends With Us,,
OL39816056M,OL18020194W,It Ends With Us,,
OL37736394M,OL18020194W,Romper el círculo,,
OL35366895M,OL18020194W,Bizimle başladı bizimle bitti,,
OL36214401M,OL18020194W,Nur noch ein einziges Mal,Roman,Deutsche Erstausgabe
OL35891593M,OL18020194W,É assim que acaba,,3a edição Capa Comum
OL35256642M,OL18020194W,Nooit meer,,
OL32956533M,OL18020194W,Jamais plus,,
OL32956532M,OL18020194W,É assim que acaba,,1ª edição livro digital
OL39223386M,OL18020194W,It Ends With Us,,Large print edition
OL39479218M,OL18020194W,It Ends with Us,A Novel,First Atria Paperback edition.
OL38095018M,OL18020194W,Romper el Círculo (It Ends with Us),,
OL35799667M,OL18020194W,It Ends with Us,,
OL36137916M,OL18020194W,It Ends With Us,,Large edition
OL37048559M,OL18020194W,우리가 끝이야,It ends with us,
OL35292977M,OL18020194W,It Ends with Us,a novel,
OL34033919M,OL18020194W,It Ends with Us,The emotional #1 Sunday Times bestseller,International ebook edition
OL29729888M,OL18020194W,It Ends with Us,A Novel,First Atria eBook edition.
OL29837601M,OL18020194W,It Ends with Us,A Novel,First Pocket Books paperback edition
OL30570882M,OL18020194W,Bizimle başladı bizimle bitti,,1. baskı
OL30570883M,OL18020194W,It Ends with Us,,ANZ Only edition
OL27213498M,OL18020194W,It Ends With Us,,International Edition
OL28220059M,OL18020194W,It Ends with Us,,Unabridged Audio book
OL26604553M,OL18020194W,It Ends with Us,,1. wyd. pol.:
OL46526687M,OL27733867W,À tout jamais,,
OL40208522M,OL27733867W,Volver a empezar,,
OL47067014M,OL27733867W,It Starts With us,,
OL47067013M,OL27733867W,It Starts With us,,
OL46256805M,OL27733867W,Volver a Empezar / It Starts with Us (Spanish Edition),,
OL40729418M,OL27733867W,É assim que começa,,
OL40078929M,OL27733867W,It starts with us - Nur noch einmal und für immer,,
OL40234145M,OL27733867W,It Starts with Us,,
OL48198961M,OL27733867W,It Starts with Us,The Highly Anticipated Sequel to IT ENDS with US,
OL49140417M,OL27733867W,It Starts with Us,A Novel,Large print edition
OL46526659M,OL27733867W,It starts with us,,
OL43624118M,OL27733867W,It starts with us,,
OL41889877M,OL27733867W,It Starts with Us,,
OL41889781M,OL27733867W,It Starts with Us,,
OL40231682M,OL27733867W,It starts with us ,,
OL40207502M,OL27733867W,it starts with us,,
OL40005138M,OL27733867W,It starts with us - Colleen Hoover,,
OL37050436M,OL27733867W,It Starts With Us,A Novel,
OL41353147M,OL27733867W,It Starts with Us,,
OL41089127M,OL27733867W,It starts with us,,
OL40234146M,OL27733867W,It Starts with Us,,
OL39651255M,OL27733867W,It Starts with Us,,
OL39209653M,OL27733867W,It Starts with Us,,
OL38323115M,OL27733867W,It Starts with Us,,
OL38059274M,OL27733867W,It Starts with Us,A Novel,
OL37857529M,OL27733867W,It starts with us,,
OL49950513M,OL20808172W,Punk 57,,
OL43363145M,OL20808172W,Punk 57,,
OL43363112M,OL20808172W,Punk 57,,
OL42024692M,OL20808172W,Punk 57,,
OL48903613M,OL20808172W,Punk 57,,
OL39272166M,OL20808172W,Punk57,,
OL43363137M,OL20808172W,Punk 57,,
OL43363133M,OL20808172W,Punk 57,,
OL43363129M,OL20808172W,Punk 57,,
OL43363126M,OL20808172W,Punk 57,,
OL43363120M,OL20808172W,Punk 57,,
OL43363118M,OL20808172W,Punk 57,,
OL40234444M,OL20808172W,Punk 57,,
OL39203166M,OL20808172W,Punk 57,,
OL32560275M,OL20808172W,Punk 57,,
OL31924968M,OL20808172W,Punk 57,,
OL28169596M,OL20808172W,Punk 57,,
OL10691179M,OL3845148W,The Other Woman,,
OL10280745M,OL3845148W,The Other Woman,,New Ed edition
OL21220907M,OL3845148W,The other woman,,
OL21084927M,OL3845148W,La otra.,,
OL10691218M,OL20561781W,"Summer of the Weeping Rain (Harlequin Romance, #2412)",,
OL14981752M,OL11277309W,A secret intimacy.,,
OL14980741M,OL11277309W,A secret intimacy,,
OL2704113M,OL11277309W,A secret intimacy,,
OL9679787M,OL11277309W,A Secret Intimacy,,
OL61638992M,OL34774028W,Powerless,,
OL52654002M,OL34774028W,Powerless (the Powerless Trilogy),,
OL59414384M,OL34774028W,Powerless,Édition reliée,
OL52556338M,OL34774028W,Powerless,,
OL51621343M,OL34774028W,Powerless,,
OL49297283M,OL34774028W,Powerless,,
OL49296355M,OL34774028W,Powerless,,
OL48369768M,OL34774028W,Powerless,,
OL48316907M,OL34774028W,Powerless,,
OL48262168M,OL34774028W,Powerless,TikTok Made Me Buy It! the Most Epic and Sizzling Fantasy Romance Book of the Year,
OL48199602M,OL34774028W,Powerless,,
OL51098487M,OL34774028W,Powerless,,
OL47124583M,OL34774028W,Powerless,,
OL14977904M,OL4440535W,By love bewitched,,
OL10280695M,OL4440535W,By Love Bewitched,,New Ed edition
OL10239055M,OL4440535W,By Love Bewitched,,Large Print Ed edition
OL10738301M,OL4440535W,By Love Bewitched,,
OL14976197M,OL4342716W,Temporary Wife,,
OL14980268M,OL4342716W,Temporary Wife.,,
OL14979815M,OL4342716W,Temporary wife,,
OL24372658M,OL4342716W,Temporary Wife,,
OL62083534M,OL25434351W,Heated Rivarly,,
OL61864918M,OL25434351W,Heated Rivalry - Deluxe Limited Edition,,
OL61802567M,OL25434351W,Heated Rivalry Deluxe Edition,,
OL61638446M,OL25434351W,Más que rivales,,Primera edición
OL48806102M,OL25434351W,Heated Rivalry,,
OL39194216M,OL25434351W,Heated Rivalry,,
OL34101901M,OL25434351W,Heated Rivalry,,
OL61516909M,OL27245843W,Twisted Hate (Collector's Edition),,
OL38429115M,OL27245843W,Twisted Hate,,
OL56900534M,OL27245843W,Twisted Hate,Él la Odia... Casi Tanto Como la Desea,
OL36978097M,OL27245843W,Twisted Hate,,
OL37998217M,OL27245843W,Twisted Hate,TikTok Made Me Buy It! Fall into a World of Addictive Romance...,
OL38183720M,OL27245843W,Twisted Hate,,
OL36978096M,OL27245843W,Twisted Hate - Special Edition,,
OL17558866M,OL11277334W,Spellbinding.,,
OL22727034M,OL11277334W,Spellbinding,,Large print ed.
OL21222645M,OL11277334W,Spellbinding,,
OL1646145M,OL11277334W,Spellbinding,,
OL10738804M,OL11277334W,Spellbinding,,
OL57760120M,OL19747970W,All Your Perfects,A Novel,
OL58689742M,OL19747970W,All Your Perfects,,
OL51334480M,OL19747970W,All Your Perfects,A Novel,
OL46835146M,OL19747970W,All your perfects-Un ricordo ti parlerà di noi,,
OL38565190M,OL19747970W,Todas as suas (im)perfeições,,
OL37746151M,OL19747970W,Was perfekt war,,3. Edition
OL26963844M,OL19747970W,Wszystkie nasze tajemnice,,
OL38325202M,OL19747970W,All Your Perfects,A Novel,
OL34076180M,OL19747970W,All Your Perfects,A Novel,
OL34912092M,OL19747970W,All Your Perfects,A Novel,
OL28418464M,OL19747970W,All Your Perfects,,
OL28688758M,OL19747970W,All Your Perfects,A Novel,
OL32191856M,OL19747970W,All Your Perfects,A Novel,
OL32191857M,OL19747970W,All Your Perfects,A Novel,
OL26961022M,OL19747970W,All your perfects,a novel,First Atria Books hardcover edition.
OL29264483M,OL11327973W,Substitute Lover,,
OL14978502M,OL11327973W,Substitute Lover,,
OL22426445M,OL11327973W,Substitute Lover,,
OL9635064M,OL11327973W,Substitute Lover,,
OL17338824M,OL3770467W,Broken destiny,,
OL19047839M,OL3770467W,Broken destiny,,
OL1641194M,OL3770467W,Broken destiny,,
OL10738884M,OL3770467W,Broken Destiny,,
OL27071881M,OL2959243W,The Impossible Woman,,
OL17309819M,OL2959243W,The Impossible Woman,,
OL14981977M,OL2959243W,The Impossible Woman,,
OL14978360M,OL2959243W,The Impossible Woman,,
OL10738453M,OL2959243W,The Impossible Woman,,
OL60769352M,OL15171703W,Em Nome Do Desejo,,
OL44177429M,OL15171703W,"Ruthless Magnate, Convenient Wife",,
OL29028525M,OL15171703W,Ruthless Magnate Convenient,,
OL37174975M,OL15171703W,"Ruthless Magnate, Convenient Wife",,
OL24499080M,OL15171703W,"Ruthless Magnate, Convenient Wife",,
OL32139109M,OL15171703W,"Ruthless magnate, convenient wife",,
OL29583894M,OL15171703W,"Ruthless Magnate, Convenient Wife",,
OL29020828M,OL15171703W,"Ruthless Magnate, Convenient Wife",,
OL24303400M,OL15171703W,"Ruthless Magnate, Convenient Wife",,
OL24308580M,OL15171703W,"Ruthless Magnate, Convenient Wife",,
OL58114645M,OL5091273W,L'Amant ténébreux,"La Confrérie de la dague noire, T1",
OL53484656M,OL5091273W,מאהב מהאופל,,
OL33428668M,OL5091273W,Dark Lover,,
OL32037491M,OL5091273W,Dark Lover,,
OL32037490M,OL5091273W,Dark Lover,,
OL28107930M,OL5091273W,Dark Lover,,
OL32037489M,OL5091273W,Dark Lover,,
OL32037492M,OL5091273W,Dark Lover,,
OL32037493M,OL5091273W,Dark Lover,,
OL27549830M,OL5091273W,Dark Lover,The First Novel of the Black Dagger Brotherhood,
OL26209899M,OL5091273W,Dark Lover,,
OL26004944M,OL5091273W,Dark Lover                            Black Dagger Brotherhood Paperback,,
OL9522109M,OL5091273W,UC SAM Dark Lover (Sam's Club Edition),A Novel of the Black Dagger Brotherhood,
OL3475143M,OL5091273W,Dark Lover,A Novel of the Black Dagger Brotherhood,
OL24604795M,OL5091273W,dark lover,,
OL24265453M,OL5091273W,Dark Lover,,
OL10273554M,OL5091273W,Dark Lover,A Novel of the Black Dagger Brotherhood,Reprint edition -  Black Dagger Brotherhood - 1
OL10690923M,OL1708087W,To Catch a Butterfly,,
OL10749883M,OL1708087W,To Catch A Butterfly,,
OL14979987M,OL1708087W,To Catch A Butterfly,,
OL26419013M,OL3770466W,Betrayal in Bali,,
OL10738070M,OL3770466W,Betrayal in Bali,,396 edition
OL1560669M,OL3770466W,Betrayal in Bali,,
OL21366017M,OL3770466W,Betrayal in Bali,,Large print ed.
OL14977002M,OL3770466W,Betrayal in Bali,,
OL9827465M,OL3770466W,Betrayal in Bali,,
OL10691603M,OL3845174W,Unfriendly Alliance,,
OL17310803M,OL3845174W,Unfriendly alliance.,,
OL10239142M,OL3845174W,Unfriendly Alliance,,Largeprint edition
OL21424683M,OL3845174W,Grillig is het lot.,,
OL20583155M,OL3845174W,Quando manda o coracão.,,
OL21376209M,OL3845174W,De liefste leugen.,,
OL21795599M,OL3845174W,Les deux visages de Miles Quartermaine.,,
OL21424445M,OL3845174W,Un castello di bugie.,,
OL28973807M,OL3475982W,The Guarded Heart,,First edition
OL9745124M,OL3475982W,The Guarded Heart,,
OL9747177M,OL3475982W,The Guarded Heart (Harlequin Presents # 623),,
OL9749853M,OL3475982W,The Guarded Heart (Harlequin Presents # 623),,
OL14977691M,OL3475982W,The Guarded Heart,,
OL26335728M,OL4955616W,The impossible boss,,
OL14979995M,OL4955616W,The impossible boss,,
OL14976258M,OL4955616W,The impossible boss.,,
OL44177351M,OL3467489W,Counterfeit Bride,,
OL47042348M,OL3467489W,Counterfeit Bride,,
OL28973611M,OL3467489W,Counterfeit Bride,,
OL10738185M,OL3467489W,Counterfeit Bride,,
OL14980492M,OL3467489W,Counterfeit Bride,,
OL7661727M,OL152332W,Whitney My Love,,
OL9441025M,OL152332W,"Whitney, My Love",,
OL22293916M,OL152332W,"Whitney, my love",,
OL7649506M,OL152332W,Whitney My Love,,
OL7664734M,OL152332W,"Whitney, My Love",Westmoreland Saga #2,
OL1093010M,OL152332W,"Whitney, my love",,
OL7645046M,OL152332W,"Whitney, My Love",,
OL7663758M,OL152332W,"Whitney, My Love",,
OL11074983M,OL152332W,"Whitney, My Love",,
OL7790387M,OL152332W,Whitney My Love,,
OL38452M,OL152332W,"Whitney, my love",,
OL22945990M,OL152332W,"Uitni, li︠u︡bimai︠a︡",,
OL24947383M,OL152332W,"Whitney, my love",,
OL23064070M,OL152332W,"Ukroshchenie li︠u︡bovʹi︠u︡, ili, Uitni",,
OL14976737M,OL8433267W,Hostile engagement,,
OL14980462M,OL8433267W,Hostile Engagement.,,
OL10691123M,OL8433267W,Hostile Engagement,,
OL31856717M,OL2705619W,One More River to Cross,,
OL31856620M,OL2705619W,One More River to Cross,,
OL9564707M,OL2705619W,One More River to Cross,,
OL12043679M,OL2705619W,One More River to Cross,,
OL14976794M,OL2705619W,One More River to Cross,,
OL43577331M,OL8315270W,Borrowed Wife,,
OL28953433M,OL8315270W,Borrowed Wife,,
OL37929391M,OL8315270W,Borrowed Wife,,
OL10739841M,OL8315270W,Borrowed Wife,,
OL10240674M,OL8315270W,Borrowed Wife,,Lrg edition
OL10692034M,OL8315270W,Borrowed Wife,,
OL41377728M,OL17444354W,Point of Retreat,,
OL47638007M,OL17444354W,Point Of Retreat,,
OL47638005M,OL17444354W,Point Of Retreat,,
OL40297638M,OL17444354W,Weil ich Will liebe,Roman,Dt. Erstausg.
OL26040729M,OL17444354W,Point Of Retreat,A Novel,1st Atria books trade paperback ed
OL27929152M,OL17444354W,Point of Retreat,,
OL35304095M,OL17444354W,Ya Hiç Gelmeseydin,,
OL27809971M,OL17444354W,Nieprzekraczalna granica,,
OL27428109M,OL17444354W,Weil ich Will liebe,Roman,
OL27157205M,OL17444354W,抵達真愛之前,,Chu ban
OL29134756M,OL17444354W,Point of Retreat,,
OL33993307M,OL17444354W,Point of Retreat,A Novel,
OL26028407M,OL17444354W,Point Of Retreat,,
OL14978382M,OL6918872W,Winter heart,,
OL22839393M,OL6918872W,The winter heart,,
OL10738416M,OL6918872W,The Winter Heart,,
OL29242968M,OL3759041W,Capable of Feeling,,
OL9895090M,OL3759041W,Capable of Feeling,,
OL18357894M,OL3759041W,Capable of feeling.,,
OL24943429M,OL3759041W,Capable of Feeling,,
OL29152288M,OL3498612W,Marriage Possession,,
OL28990644M,OL3498612W,Marriage Possession,,
OL28363959M,OL3498612W,The Marriage Possession,,
OL24260394M,OL3498612W,The Marriage Possession,,
OL9562522M,OL3498612W,The Marriage Possession (Harlequin Presents),,
OL9741669M,OL3498612W,The Marriage Possession (Harlequin Presents),,Lgr edition
OL10239079M,OL11277333W,Sleeping Desire,,Large Print Edition
OL27717863M,OL11277333W,Sleeping Desire,,1st Australian Paperback Edition
OL17317527M,OL11277333W,Sleeping Desire,,Mills & Boon Best Seller Reissue #673
OL21309872M,OL11277333W,Sleeping Desire,,Large Print Edition
OL18357744M,OL11277333W,Sleeping Desire,,Mills & Boon Romance #2426
OL10738392M,OL11277333W,Sleeping Desire,,Harlequin Presents #851
OL24767736M,OL11277333W,Sleeping Desire,,Harlequin Presents #851
OL60736045M,OL27310398W,the haunting adeline,,
OL60825897M,OL27310398W,Haunting Adeline,,
OL57485885M,OL27310398W,Haunting Adeline,,
OL55327356M,OL27310398W,Haunting Adeline ,,
OL55327364M,OL27310398W,Haunting Adeline,,
OL59046646M,OL27310398W,Haunting Adeling,,
OL59046647M,OL27310398W,Haunting Adeling,,
OL53340128M,OL27310398W,Haunting Adeline,,
OL52256408M,OL27310398W,Haunting Adeline,,
OL50524432M,OL27310398W,Haunting Adeline,Adelines Spuk,
OL48812423M,OL27310398W,Haunting Adeline,,
OL46776502M,OL27310398W,Haunting Adeline,,
OL46535310M,OL27310398W,Meow,Nunca te dejaré,
OL46495064M,OL27310398W,Haunting Adeline,,
OL42788780M,OL27310398W,Haunting Adeline,,
OL37077814M,OL27310398W,Haunting Adeline,,
OL58498674M,OL16014245W,Shatter Me (Book 1 of Shatter Me series),,
OL41347527M,OL16014245W,Rör mig inte! / Shatter Me,,
OL61366359M,OL16014245W,Vrees me,Ik ben een monster. Ik heb een gave.,
OL52742994M,OL16014245W,Shatter Me,Shatter Me #1,Australian Edition
OL48152017M,OL16014245W,Shatter Me,,
OL48675455M,OL16014245W,Shatter Me,,
OL49511303M,OL16014245W,Shatter Me,,
OL50655522M,OL16014245W,Shatter Me,9 Book Box Set,
OL51095009M,OL16014245W,Shatter Me,,
OL42512520M,OL16014245W,Shatter Me,Shatter Me series 1,
OL37401548M,OL16014245W,Shatter Me,,
OL47985949M,OL16014245W,Shatter Me,,
OL32216971M,OL16014245W,Shatter Me,"The Shatter Me Series, book 1",
OL28907014M,OL16014245W,Shatter Me (Canada),,
OL27277806M,OL16014245W,Shatter Me,,
OL34115689M,OL16014245W,Shatter Me,,
OL35813696M,OL16014245W,Shatter Me,,
OL27105656M,OL16014245W,Shatter Me,,
OL27350901M,OL16014245W,Shatter Me,,
OL27781701M,OL16014245W,Shatter Me,"The Shatter Me Series, book 1",
OL28286358M,OL16014245W,Shatter Me,,
OL28769199M,OL16014245W,Shatter Me,,
OL24917781M,OL16014245W,Shatter me,,1st ed.
OL25114382M,OL16014245W,Shatter Me,,
OL29264413M,OL3735574W,Response,,
OL9698566M,OL3735574W,Response,,Abridged edition
OL9825424M,OL3735574W,Response,,
OL10282162M,OL3735574W,Response,,
OL9425484M,OL3735574W,Response,,Collector's Edition
OL14977940M,OL3735574W,Response,,
OL10280636M,OL3735574W,Response,,
OL10690366M,OL3735574W,Response,,
OL29727781M,OL3775507W,Lost Love,,
OL29264353M,OL3775507W,Lost Love,,
OL28973898M,OL3775507W,A Lost Love,,
OL21309593M,OL3775507W,A lost love,,Large Print Ed.
OL14978000M,OL3775507W,A lost love,,
OL9750386M,OL3775507W,Lost Love,,Large Print Ed edition
OL9747694M,OL3775507W,Lost Love,,Large Print Ed edition
OL9734801M,OL3775507W,A Lost Love,,
OL9745519M,OL3775507W,Lost Love,,Large Print Ed edition
OL29264469M,OL11327897W,Fire with Fire,,
OL18213797M,OL11327897W,Fire with fire,,
OL10738442M,OL11327897W,Fire with Fire,,
OL24938967M,OL11327897W,Fire with fire,,
OL24975286M,OL11327897W,Fire with Fire,,
OL29263506M,OL3773966W,Secret Wife,,
OL28953646M,OL3773966W,Secret Wife,,
OL28953738M,OL3773966W,The Secret Wife,,
OL9514642M,OL3773966W,The Secret Wife,"Harlequin Treasury, No 1961",
OL10745264M,OL3773966W,La Esposa Secreta  (The Secret Wife),,
OL9562756M,OL3773966W,The Secret Wife,,Largeprint edition
OL37655917M,OL3467485W,Comparative Strangers,,
OL14982019M,OL3467485W,Comparative strangers,,New ed.
OL9752685M,OL3467485W,Comparative Strangers,,Large Print Edition
OL18210485M,OL3467485W,Comparative Strangers,,
OL9750345M,OL3467485W,Comparative Strangers,,
OL60908554M,OL28181491W,God of Malice,A Dark College Romance,
OL52624087M,OL28181491W,God of Malice (Standard Edition),,
OL52618059M,OL28181491W,God of Malice : un Dark Romance Universitario / God of Malice,a Dark College Rom Ance,
OL51637606M,OL28181491W,God of Malice,,
OL57537271M,OL28181491W,God of Malice,,
OL39723915M,OL28181491W,God of Malice,Special Edition Print,
OL39567977M,OL28181491W,God of Malice,A Dark College Romance,
OL39160439M,OL28181491W,God of Malice,Special Edition Print,
OL38579685M,OL28181491W,God of Malice,A Dark College Romance,
OL61071797M,OL3467599W,Além Do Sonho,,
OL44170990M,OL3467599W,Witch's Harvest,,
OL17384310M,OL3467599W,Witch's harvest.,,
OL17179427M,OL3467599W,Witch's harvest.,,
OL9748351M,OL3467599W,"Witch'S Harvest (Harlequin Presents, No 1097)",,
OL9751128M,OL3467599W,"Witch'S Harvest (Harlequin Presents, No 1097)",,
OL18521257M,OL11327666W,A High Price to Pay,,Mills & Boon Best Seller Reissue #706
OL22824869M,OL11327666W,A High Price to Pay,Mills & Boon Romance #2549,First Edition
OL1085631M,OL11327666W,A High Price To Pay,,Large Print Edition
OL21364996M,OL11327666W,High price to pay,,Large Print ed.
OL21364991M,OL11327666W,A High Price To Pay,,Large Print Edition
OL9668551M,OL11327666W,A High Price To Pay,Harlequin Presents #920,
OL29264499M,OL11327957W,Man Possessed,,
OL21437817M,OL11327957W,A man possessed,,
OL14981210M,OL11327957W,A Man Possessed,,
OL10738472M,OL11327957W,A Man Possessed,,
OL48206819M,OL5236259W,No Alternative,,Large Print Edition
OL28973814M,OL5236259W,No Alternative,,
OL21222190M,OL5236259W,No Alternative,,Large Print Edition
OL14977710M,OL5236259W,No Alternative,,
OL9615644M,OL5236259W,No Alternative,,
OL9603671M,OL5236259W,No Alternative,,Large Print Edition
OL24959039M,OL5236259W,No Alternative,,Harlequin Romance 1st ed.
OL38290911M,OL3771321W,Season of Mists,,
OL34872144M,OL3771321W,Season of Mists,,
OL29248529M,OL3771321W,Season of Mists,,
OL9745468M,OL3771321W,Season of Mists,,Large Print Edition
OL9751599M,OL3771321W,Season of Mists,,
OL14977516M,OL3771321W,Season of Mists,,
OL9750324M,OL3771321W,Season of Mists,,Large Print Edition
OL9745051M,OL3771321W,Season of Mists,,
OL9747626M,OL3771321W,Season of Mists,,Large Print Edition
OL9748793M,OL3771321W,Season of Mists,,
OL9742157M,OL3771321W,Season of Mists,,
OL9744667M,OL8315310W,Dearest Traitor,,
OL9746871M,OL8315310W,Dearest Traitor,,Large Print Edition
OL9752371M,OL8315310W,Dearest Traitor,,Large Print Edition
OL9749480M,OL8315310W,Dearest Traitor,,Large Print Edition
OL17388896M,OL8315310W,Dearest Traitor,,
OL10745631M,OL8315310W,L'Amour Rebelle,,
OL29242998M,OL3759277W,Yesterday's Echoes,,
OL28996772M,OL3759277W,Yesterday's Echoes,,
OL17580167M,OL3759277W,Yesterday's echoes,,
OL18313345M,OL3759277W,Yesterday's Echoes,,New ed.
OL9625957M,OL3759277W,Yesterday's Echoes (Harlequin Large Print),,Large Prnt edition
OL7418473M,OL3759277W,Yesterday's Echoes,,
OL9809483M,OL3759277W,Yesterday's Echoes,,
OL24744465M,OL3759277W,Yesterday's Echoes,,Large printed.
OL47314659M,OL20068530W,Verity,,
OL61228842M,OL20068530W,Verity,,
OL60303596M,OL20068530W,תעתוע,,
OL48120574M,OL20068530W,Verity,la sombra de un engaño,Primera edición
OL57485262M,OL20068530W,Verity,,
OL60125391M,OL20068530W,Verity,,
OL49586096M,OL20068530W,Verity,la Sombra de un Engaño / Verity,
OL39801379M,OL20068530W,Verity,,Deutsche Erstausgabe
OL27587656M,OL20068530W,Coraz większy mrok,,
OL39412651M,OL20068530W,Verity - Carton of 20 for Walmart Event,,
OL39220275M,OL20068530W,Verity,Gerçeğin Diğer Kıyısı,
OL39128605M,OL20068530W,Verity,,
OL38406842M,OL20068530W,Verity.,La sombra de un engaño,
OL28288027M,OL20068530W,Verity. La sombra de un engaño,,
OL38448570M,OL20068530W,"Verity, Large Print Edition",,
OL37689762M,OL20068530W,Verity,,Collector's Edition
OL37984861M,OL20068530W,Verity,The Thriller That Will Capture Your Heart and Blow Your Mind,
OL28152674M,OL20068530W,Verity,,
OL36284697M,OL20068530W,Verity,,
OL36038052M,OL20068530W,Verity,,
OL36020400M,OL20068530W,Verity,,
OL35611219M,OL20068530W,Verity,,
OL27248516M,OL20068530W,Verity,,
OL38269289M,OL3457933W,When Two Paths Meet,,
OL37392595M,OL3457933W,When Two Paths Meet,,
OL29572940M,OL3457933W,When Two Paths Meet,,
OL29127334M,OL3457933W,When Two Paths Meet,,
OL9503171M,OL3457933W,When Two Paths Meet,,
OL10280675M,OL3457933W,When Two Paths Meet,,
OL9324449M,OL3457933W,When Two Paths Meet,,Largeprint edition
OL17389748M,OL3457933W,When two paths meet.,,Large print ed.
OL18817321M,OL3457933W,When two paths meet,,
OL26598972M,OL3457933W,When Two Paths Meet,,
OL26852574M,OL3457933W,When Two Paths Meet,,
OL7417356M,OL3457933W,When Two Paths Meet,,The Best of Betty Neels
OL29755788M,OL11327946W,Flawed Marriage,,
OL29264437M,OL11327946W,Flawed Marriage,,
OL28973788M,OL11327946W,The Flawed Marriage,,
OL14977632M,OL11327946W,The flawed marriage,,
OL14981687M,OL11327946W,The flawed marriage.,,
OL9741877M,OL11327946W,The Flawed Marriage,,Large Prnt edition
OL9612206M,OL11327946W,The Flawed Marriage,,
OL24940664M,OL11327946W,The Flawed Marriage,,
OL29729604M,OL3775425W,Forbidden Surrender,,
OL29264457M,OL3775425W,Forbidden Surrender,,
OL26897377M,OL3775425W,Forbidden Surrender,Mills & Boon #1962,
OL26897656M,OL3775425W,Forbidden Surrender,,Mills & Boon #1962
OL14977528M,OL3775425W,Forbidden Surrender,,First Edition
OL14981587M,OL3775425W,Forbidden Surrender,,Mills & Boon Best Seller Reissue #615
OL9563555M,OL3775425W,Forbidden Surrender,,Harlequin Presents #547
OL9684000M,OL4273174W,The Prince's Virgin Wife,,
OL28828962M,OL15456729W,Descubrimiento de Las Brujas / a Discovery of Witches,,
OL28327035M,OL15456729W,A Discovery of Witches,,
OL27293810M,OL15456729W,A Discovery of Witches (Movie Tie-In): A Novel (All Souls Trilogy),,
OL27134115M,OL15456729W,A Discovery of Witches,,Large print edition
OL26067791M,OL15456729W,A Discovery of Witches,,
OL29548235M,OL15456729W,A Discovery of Witches,A Novel,
OL32011367M,OL15456729W,A Discovery of Witches,,
OL24423822M,OL15456729W,A Discovery of Witches,,
OL24604559M,OL15456729W,A discovery of witches,,
OL24973587M,OL15456729W,A Discovery of Witches,,
OL25154729M,OL15456729W,A Discovery of Witches,,
OL10280838M,OL11277298W,Love in the Dark,,
OL17507026M,OL11277298W,Love in the dark.,,Large print ed.
OL14981312M,OL11277298W,Love in the dark.,,
OL10738492M,OL11277298W,Love in the Dark,,
OL10239188M,OL3845173W,Passport to Happiness,,Large Print Ed edition
OL17491809M,OL3845173W,Passport to Happiness,,
OL10691730M,OL3845173W,Passport To Happiness,,
OL21626274M,OL3845173W,Pasaporte a la felicidad.,,
OL21259238M,OL3845173W,Matkalippu onneen.,,
OL21376204M,OL3845173W,Geheimzinnig spel.,,
OL20320876M,OL3845173W,Möte med en italienare.,,
OL21911056M,OL3845173W,Billett til lykken.,,
OL61516903M,OL24390422W,Twisted Love (Collector's Edition),,
OL59829704M,OL24390422W,Twisted Love,,English Edition by LYX
OL53568234M,OL24390422W,Twisted Love,,
OL51686524M,OL24390422W,Amor corrompido ,,
OL59067928M,OL24390422W,Twisted Love,Twisted Livre 1,
OL44319740M,OL24390422W,Twisted 1. Twisted Love,,
OL47276214M,OL24390422W,Twisted 1. Twisted love,,
OL49672179M,OL24390422W,twisted love,,
OL48596355M,OL24390422W,Twisted Love,,
OL48594701M,OL24390422W,Twisted Love,,
OL47826695M,OL24390422W,Twisted Love,,
OL47163324M,OL24390422W,Twisted Love,,
OL47068116M,OL24390422W,Twisted love,,
OL43974295M,OL24390422W,Twisted Love,,
OL35152719M,OL24390422W,Twisted Love,,
OL37985553M,OL24390422W,Twisted Love,,
OL36615850M,OL24390422W,Twisted Love,,
OL32301034M,OL24390422W,Twisted Love,A Brother's Best Friend Romance,
OL16541739M,OL11762243W,Dangerous Obsession,,
OL10738717M,OL11762243W,Dangerous Obsession,,
OL10741160M,OL8315261W,An Innocent Charade,,
OL10240812M,OL8315261W,An Innocent Charade,,Lrg edition
OL18406544M,OL8315261W,An innocent charade,,
OL24943652M,OL8315261W,An Innocent Charade,,
OL10281841M,OL8315261W,An Innocent Charade (Enchanted),,New Ed edition
OL9713185M,OL4181997W,Shattered Trust,,
OL24767764M,OL4181997W,Shattered Trust,,Harlequin presents 1st ed.
OL9740601M,OL4273160W,Blackmailed Into Marriage,,1 edition
OL9686026M,OL4273160W,Blackmailed into Marriage,,
OL24249498M,OL4273160W,Blackmailed Into Marriage,,
OL41412949M,OL277730W,Das Erwachen.,,
OL36835549M,OL277730W,Im Zwielicht,,
OL36836595M,OL277730W,Im Zwielicht,,
OL35386248M,OL277730W,Vampir Günlükleri,,
OL8910664M,OL277730W,"Vampires, tome 1",La naissance,
OL52721977M,OL277730W,Diários do Vampiro,O Despertar,
OL47320132M,OL277730W,The Awakening,,
OL47266566M,OL277730W,Diaris de vampirs. Despertar,,
OL46527030M,OL277730W,O Despertar - Diarios Do Vampiro - Vol. 1,,
OL43971909M,OL277730W,ha-Hitʻorerut,,
OL40158469M,OL277730W,The Vampire Diaries the awakening ,,
OL35893376M,OL277730W,Vampire Diaries,the Awakening,
OL35423891M,OL277730W,The Awakening,,
OL27964886M,OL277730W,The Awakening,Book 1,
OL27932968M,OL277730W,The Awakening,,
OL27594438M,OL277730W,Despertar,Crónicas Vampíricas I,
OL27130192M,OL277730W,Người không ngủ,,
OL24084417M,OL277730W,The Vampire Diaries,The Awakening,
OL24083779M,OL277730W,The Vampire Diaries,The Awakening,
OL26607608M,OL277730W,Despertar,,
OL26194608M,OL277730W,The Vampire Diaries : The  Awakening,,
OL25938034M,OL277730W,Despertar,Crónicas vampíricas I,
OL25440788M,OL277730W,Despertar,,
OL24857253M,OL277730W,The awakening,,
OL7286675M,OL277730W,Vampire Diaries #1,The Awakening (Vampire Diaries),
OL7602450M,OL277730W,Vampire Diaries #1,The Awakening (Vampire Diaries),
OL9241382M,OL277730W,Vampire Diaries #1,The Awakening (Vampire Diaries),
OL25919374M,OL277730W,Vampire Diaries,,
OL7287403M,OL277730W,"The Awakening (The Vampire Diaries, Vol. 1)",,
OL9242110M,OL277730W,"The Awakening (The Vampire Diaries, Vol. 1)",,
OL9241980M,OL277730W,The Awakening (Vampire Diaries),,
OL7287273M,OL277730W,The Awakening (Vampire Diaries),,
OL10691242M,OL3476075W,Iceberg,,
OL22615764M,OL3476075W,Iceberg.,,
OL24210332M,OL3476075W,Iceberg,,
OL21221046M,OL3476075W,Iceberg,,First edition
OL29242963M,OL11327965W,Research into Marriage,,
OL29045719M,OL11327965W,Research into Marriage,,
OL14982013M,OL11327965W,Research into Marriage,,
OL22384718M,OL11327965W,Research into Marriage,,
OL7422010M,OL11327965W,Research into Marriage,,
OL9892083M,OL11327965W,Research into Marriage,,
OL21224818M,OL11277293W,Heartbreaker.,,
OL21221285M,OL11277293W,Heartbreaker,,
OL1870961M,OL11277293W,Heartbreaker,,
OL24373757M,OL11277293W,Heartbreaker,,
OL29264424M,OL11327968W,Rules of the Game,,
OL28973917M,OL11327968W,Rules of the Game,,
OL17209250M,OL11327968W,Rules of the game,What you made me.,
OL21222002M,OL11327968W,Rules of the game,,
OL9554965M,OL11327968W,Rules of the Game,,
