work_key,person
OL18020194W,Lily
OL18020194W,atlas
OL18020194W,Ryle
OL20090688W,Alex Claremont-Diaz
OL20090688W,Prince Henry of Wales
OL20090688W,June Claremont-Diaz
OL20090688W,Ellen Claremont
OL27245843W,Josh Chen
OL27245843W,Jules Ambrose
OL2959315W,Tanya
OL2959315W,Rafe
OL2959315W,Tanya Carlton
OL2959315W,Rafe Carlton
OL27733867W,Colleen Hoover
OL27733867W,Lily
OL27733867W,Ryle
OL27733867W,Atlas
OL11327658W,Samma
OL11327658W,Roche Delacroix
OL3759285W,Genista
OL3759285W,Luke Ferguson
OL3458001W,Lucy Lockitt
OL3458001W,Dr. William Thurloe
OL3458001W,Fiona Seymour
OL27818823W,Ava Chen
OL27818823W,Alex Volkov
OL27818823W,Christian Harper
OL27818823W,Stella Alonso
OL27818823W,Dante Russo
OL3775397W,Caroline Maxwell
OL3775397W,Justin de Wolfe
OL11327660W,Ashley Landon
OL11327660W,Jago Marrick
OL11327987W,Felicia
OL11327987W,Sheik Raschid al Hamid al Sabah
OL11327987W,Faisal
OL1708087W,Kate Warrington
OL1708087W,Damian St. Ewan
OL3467487W,Darcy Langton
OL3467487W,Joel Castille
OL4215998W,Chelsea Prescott
OL4215998W,Ricardo Colchero
OL4215998W,Hal Prescott
OL4215998W,Ramon Colchero
OL4215998W,Mercedes Colchero
OL4215998W,Vincente Colchero. Emilio
OL4215998W,Doña Teodora
OL4215998W,Carmen Romero
OL4215998W,Mrs Freer
OL4215998W,Sister Teresa
OL4215998W,Maureen Prescott
OL4215998W,Klaus Schultz
OL4215998W,Anna Hervas
OL4215998W,Madame du Vilier
OL4215998W,Miguel Buendia
OL5091273W,Wrath
OL5091273W,Beth Randall
OL3457830W,Sister Christina Forbes
OL3457830W,Dr. Duert ter Brandt
OL3457830W,Dr. Adam ter Brandt
OL3775449W,Heather Daniels
OL3775449W,Daniel Taggart
OL3775478W,Leonie
OL3775478W,John G. Noble
OL3775478W,Emily Dryer
OL3775478W,Phil
OL3775478W,Wanda
OL3775478W,Tom
OL3775478W,Jeremy Lindsay
OL6794523W,Charlotte
OL6794523W,Kit Landor
OL3771321W,Abby
OL3771321W,Piers
OL11277304W,Liza
OL11277304W,G.K. Gifford
OL3475982W,Alannah Finderne
OL3475982W,Nicholas Challoner
OL3759349W,Nicola
OL3759349W,Matt Hunt
OL11327979W,Lark Cummings
OL11327979W,James Wolfe
OL3759116W,Lady Eleanor de Tressail
OL3759116W,Joss Wycliffe
OL8315359W,Metissa
OL8315359W,Julian Forrest
OL3457933W,Katherine Marsh
OL3457933W,Dr. Jason Fitzroy
OL11327957W,Kate Hammond
OL11327957W,Dominic Harland
OL9367818W,Lin Blake
OL9367818W,Soren Wingard
OL5236259W,Lynda Endfield
OL5236259W,Kyle Endfield
OL11327666W,Alison Mortimer
OL11327666W,Nicholas Bristow
OL20650912W,Bryce Quinlan
OL20650912W,Hunt Athalar
OL3759318W,Holly Witchell
OL3759318W,Drew Hammond
OL3759318W,Rosamund
OL3759318W,Howard Neston
OL11327953W,Jenna
OL11327953W,Simon Townsend
OL11277315W,Joanne
OL11277315W,Ben Norris
OL11277315W,Clea Thorpe
OL8315354W,Kathryn
OL8315354W,Diego Alvarez
OL8315362W,Helen Andrews
OL8315362W,Ross Maclean
OL11328452W,Claire Fletcher
OL11328452W,Dane Visconti
OL11277298W,Stephanie
OL11277298W,Gerard Tenniel
OL3467485W,Amanda
OL3467485W,Malory Templeton
OL3467485W,Nigel Templeton
OL3294436W,Laura
OL3294436W,Simon Hilliard
OL3294436W,Annette
OL3845148W,Georgina
OL3845148W,Tallis York
OL3845148W,Desmond Warner
OL4233148W,Madeline Gilburn
OL4233148W,Dominic Stanton
OL2959270W,Ann
OL2959270W,Matt Fielding
OL7990767W,Santino Vitale
OL7990767W,Frankie Caparelli Vitale
OL11277334W,Belinda
OL11277334W,Vincent Garrett
OL11277334W,Ricky
OL11327897W,Emma
OL11327897W,Drake Harwood
OL11327897W,Camilla
OL8030401W,Gemma Lyle
OL8030401W,James Sanderson
OL8315310W,Georgina
OL8315310W,Steven Templeton
OL3770492W,"Perdita ""Purdey"" Bruce"
OL3770492W,Jared Faulkner
OL4233186W,Roberta
OL4233186W,Solomon Maclaine
OL3467489W,Nicola Tarrant
OL3467489W,Luis Alvarado de Montalba
OL3467489W,Teresita
OL4233175W,Rebecca Shaw
OL4233175W,Jay Lorence
OL20893778W,Michael Crist
OL20893778W,Erika 'Rika' Fane
OL11327973W,Stephanie
OL11327973W,Gray Chalmers
OL2959374W,Lissa Gilmore
OL2959374W,Kane Marriot
OL11327962W,Maggie
OL11327962W,Marcus Landersby
OL11327962W,Susie
OL11327962W,Sara
OL11327962W,Isobel
OL4342716W,Emily Lamb
OL4342716W,Luke Adams
OL4342716W,Gina Harrick
OL3845179W,Josslyn
OL3845179W,Thane Addison
OL15411754W,Linden Howard
OL15411754W,Lin Howard
OL15411754W,Sir Joshua Wyatt (Joss)
OL15411754W,Daniel Wyatt
OL15411754W,Dolly
OL15411754W,Helen
OL15411754W,Bill
OL15411754W,Geoff
OL15411754W,Penny
OL15411754W,Marquis of Chern
OL15411754W,Helen Innes
OL3845173W,Jayme Warren
OL3845173W,Nerone Mondadori
OL3476079W,Faine
OL3476079W,Burke Harding
OL3845101W,Whitney Lawford
OL3845101W,Sloan Illingworth
OL3771180W,Toni Morley
OL3771180W,The Conde
OL8315355W,Joanna
OL8315355W,Nick Martella
OL5236211W,Renee
OL5236211W,Nick Garbutt
OL4233121W,Sara
OL4233121W,Nicolas Santino
OL4233121W,Lia
OL11327982W,Lee
OL11327982W,Gilles de Chauvigny
OL3845160W,Mornay
OL3845160W,Brad Kendrick
OL2705619W,Rebecca Menteith
OL2705619W,Darrock Fordyce
OL2705619W,Becky
OL2705619W,Lennox
OL3770466W,Gael
OL3770466W,Leo Kane
OL5236199W,Fleur
OL5236199W,Julian Standford
OL4225414W,Liz Holden
OL4225414W,Dr. Grant Battersby
OL21435W,Michael Hosea
OL21435W,Sarah Hosea
OL21435W,Gomer
OL21435W,Hosea
OL21435W,God
OL21435W,Paul
OL21435W,Duke
OL21435W,Alex Stafford
OL21435W,Mae
OL21435W,Cleo
OL21435W,Rab
OL21435W,The Duchess
OL21435W,Lucky
OL21435W,Mai Ling
OL21435W,Joseph Hochschild
OL21435W,Miriam Altman
OL21435W,Virgil
OL21435W,Jonathan Axle
OL21435W,Susanna Axle
OL21435W,Susanna
OL3775489W,Kate
OL3775489W,Damien Savage
OL3775489W,James St. Just
OL11327153W,Carla Howard
OL11327153W,Blaze Douglas
OL11327153W,Crispin Douglas
OL3759041W,Sophy
OL3759041W,Jon Phillips
OL3771293W,Rachel Fleming
OL3771293W,Alexis Roche
OL11277293W,Caroline
OL11277293W,Nick
OL11277293W,Peter
OL3771221W,Joanna
OL3771221W,Demetri Kastro
OL11762243W,Anna Mazzini
OL11762243W,Dan Toren
OL11762243W,Bryan
OL3845131W,Darcy
OL3845131W,Neve Macalister
OL3845174W,Anstey
OL3845174W,Cale Quartermaine
OL3845174W,Joanna
OL3845174W,Lester Quartmaine
OL3498845W,Roz
OL3498845W,Adam Milroy
OL4273174W,Maggie
OL4273174W,Principe Tomasso Scorsolini of Isole dei Re
OL4273174W,Tom
OL11327991W,Chloe
OL11327991W,Leon
OL3775504W,Abbie Sutherland
OL3775504W,Jarrett
OL4181997W,Abby
OL4181997W,Nick Kardis
OL4181997W,Jonathan
OL5236243W,Brooke
OL5236243W,Paul Corelli
OL5236243W,Louise
OL8315261W,Alisa Fenton
OL8315261W,Luc Sanchez
OL11277333W,Sara Stevenson
OL11277333W,Alex Stevenson
OL11277333W,Sara
OL11277333W,Alex
OL11327950W,Kate Harvey
OL11327950W,Jake Harvey
OL8315270W,Abigail Steele
OL8315270W,Logan Steele
OL20561781W,Lisa
OL20561781W,Adam Vandeleur
OL3845125W,Devon
OL3845125W,Grant Harrington
OL3981187W,Christa
OL3981187W,Ross Donahue
OL3771243W,Catherine
OL3771243W,Morgan Lynch
OL11277309W,Sasha
OL11277309W,Jake Redway
OL11277309W,Philip
OL8315268W,Victoria
OL8315268W,Damien Hunt
OL17809871W,Joanne
OL17809871W,Dr. Daniel Grant
OL11327946W,Amber
OL3457756W,Sister Eliza Proudfoot
OL3457756W,Professor Christian van Duyl
OL3457756W,Estelle van der Daal
OL15171703W,Sergei Antonovich
OL3759068W,Tamara
OL3759068W,Zach Fletcher
OL3754835W,Justine Field
OL3754835W,David Cassano
OL11327965W,Jessica
OL11327965W,Dr. Lyle Garnett
OL3457959W,Sadie
OL3457959W,Oliver Trentham
OL3759348W,Christy
OL3759348W,Dominic Savage
OL3770467W,Jancy
OL3770467W,Duncan
OL3735574W,Sienna
OL3735574W,Alexis Stefanides
OL3771297W,Sophie
OL3771297W,Robert
OL3771297W,Emma Norton
OL4273160W,Lia
OL4273160W,Damian Marquez
OL3498543W,Emma Martinero
OL3498543W,Nick Castelli
OL2959243W,Judy Campbell
OL2959243W,Malcolm Stewart
OL3759338W,Sybilla
OL3759338W,Gareth Seymour
OL3845170W,Meredith Simmons Carlisle
OL3845170W,Ryan Carlisle
OL3845168W,Laine Balfour
OL3845168W,Zare Fortunini
OL3845168W,Cristo Fortunini
OL3845178W,Kendra
OL3845178W,Faye
OL3845178W,Damon Niarkos
OL3759185W,Kate Seton
OL3759185W,Silas Edwards
OL6918872W,Meg
OL6918872W,Simon Egan
OL6918872W,Carol
OL3754725W,Francesca Turner
OL3754725W,Reid Kennard
OL3457845W,Nurse Becky
OL3457845W,Baron Raukema van den Eck
OL277730W,Elena
OL277730W,Damon
OL277730W,Stefano
OL277730W,Catarina
OL8315347W,Carrie Stuart
OL8315347W,Matthew Silver
OL3775507W,Brooke Adamson
OL3775507W,Rafe Charlwood
OL3775471W,Darcy Faversham
OL3775471W,Reed Hunter
OL3775418W,Jessica Baxter
OL3775418W,Penny Baxter
OL3775418W,Matthew Sinclair
OL3775418W,Andrew Baxter
OL3775418W,Peg Seabrook
OL3775418W,George Seabrook
OL20032935W,Smurfs (fictitious characters)
OL20032935W,thelma and louise
OL11327893W,Claire
OL11327893W,Raoul D'Albro
OL8032345W,Bree
OL8032345W,Heath Durant
OL8032345W,Ben
OL3770490W,Skye Holman
OL3770490W,Thane Tyson
OL3770490W,Jodi
OL3759468W,Kimberly Freeman
OL3759468W,Dave Nelson
OL4233169W,Rachel James Masterson
OL4233169W,Daniel Masterson
OL3770471W,Norrie
OL3770471W,Bruno Denton
OL11762227W,Olivia Page
OL11762227W,Andreas Skoradis
OL3773896W,Lizzie Denton
OL3773896W,Sebasten Contaxis
OL11277302W,Sian Christian
OL11277302W,William Cassidy
OL5236260W,Caroline Marshall
OL5236260W,Kiall Stirling
OL11277296W,Ross Daumaury
OL11277296W,Emma Leigh
OL3773966W,Rosie
OL3773966W,Constantine Voulos
OL3773973W,Dixie Robinson
OL3773973W,Cesar Valverde
OL3775475W,Rachel
OL3775475W,Nick
OL4084680W,Karen
OL4084680W,Val
OL4084680W,Tony
OL3773994W,Maxie Kendall
OL3773994W,Angelos Petronides
OL10530605W,Erica
OL10530605W,Rafael de la Torres
OL3759277W,Rosie
OL3759277W,Jake Lucas
OL2959250W,Kristy Holloway
OL2959250W,Armand Dutounier
OL3476087W,Antonia
OL3476087W,Philip Angove
OL3773934W,Gwenna Hamilton
OL3773934W,Angelo Riccardi
OL5236219W,Laura
OL5236219W,Blaise Hunter
OL3759472W,Dana
OL3759472W,Mark
OL3775425W,Sara Hamille
OL3775425W,Marie Lindlay
OL3775425W,Michael Lindlay
OL3775425W,Dominic Thorne
OL3775425W,Susan Ford
OL3775425W,Arthur Ford
OL3775425W,Eddie Mayer
OL3775425W,Rachel Hamille
OL3775425W,Richard Hamille
OL3775425W,Diane Thorne
OL3775425W,Danny Thorne
OL8869211W,Marie-Claire
OL8869211W,Lee Harper
OL4440535W,Dinah
OL4440535W,Jason Devrel
OL25434351W,Shane Hollander
OL25434351W,Ilya Rozanov
OL8433267W,Lucy
OL8433267W,Jud Hemming
OL4233152W,Alexander Doumas
OL4233152W,Mia Frazier
OL8315332W,Cassandra Preston
OL8315332W,Jordan Reece
OL3498690W,Victoria
OL3498690W,Lucas Grey
OL8315317W,Kirsty
OL8315317W,Adam
OL11327970W,Sapphire
OL11327970W,Blake Sefton
OL11327970W,Miranda
OL17311801W,Tina
OL17311801W,Dr. Charles Linton
OL17311801W,Sonia
