author_key,author_alternative_name
OL395577A,Ethel Snelson Summers
OL395577A,essie summers
OL3292941A,H. Bianchin
OL3292941A,Helen Bianchin
OL3292941A,Helen Shirley Bianchin
OL3292941A,Helen. Bianchin
OL3292941A,Bianchin
OL3292941A,"Bianchin, Helen"
OL805240A,Claudia. Jameson
OL805240A,Claudia JAMESON
OL1430285A,Holly Riggenbach
OL1430285A,Holly Black.
OL1430285A,HOLLY BLACK
OL1430285A,Black Holly
OL7620131A,Casey Mcquiston
OL665753A,LYNNE GRAHAM
OL665753A,Lynne Graham ... [et al.]
OL665753A,Lynne graham
OL665753A,Lynn Graham
OL665753A,"GRAHAM,LYNNE"
OL1175057A,Margaret WAY
OL1175057A,MARGARET WAY
OL81447A,Daphne Clair de Jong
OL81447A,Daphne Clair
OL81447A,Laurey Bright
OL81447A,Claire Lorel
OL81447A,Daphne de Jong
OL81447A,Clarissa Garland
OL6964763A,tahereh mafi
OL6964763A,TAHEREH MAFI
OL666139A,C. Mortimer
OL666139A,Mortimer Carole
OL7173196A,J. Lynn
OL7173196A,Jennifer L Armentrout
OL7173196A,Jennifer Armentrout
OL7173196A,JENNIFER ARMENTROUT
OL7173196A,Armentrout Jennifer
OL7173196A,Armentrout Jennifer L.
OL808883A,YVONNE WHITTAL
OL808883A,Whittal
OL451969A,Wendy and Frank Brennan
OL10218224A,H D Carlton
OL10218224A,H.D. Carlton
OL10218224A,H. D CARLTON
OL10218224A,H.D Carlton
OL10218224A,"Carlton, H.D."
OL10218224A,HD Carlton
OL10218224A,H D. Carlton
OL10218224A,Hailey Danielle Carlton
OL849503A,Rita Shulman Lewin
OL849503A,Janey Scott
OL849503A,Rachel Lindsay
OL849503A,Rozella Lake
OL849503A,ROBERTA LEIGH
OL849503A,roberta leigh
OL7115219A,Sarah J Maas
OL7115219A,sarah j maas
OL7115219A,Sarah Maas
OL7115219A,J. Maas Sarah
OL7115219A,"マース, サラ・J."
OL7115219A,"SARAH J. MAAS, SARAH J. MAAS, SARAH J. MAAS"
OL7115219A,Maas Sarah J
OL7115219A,Сара Маас
OL7115219A,Сара Дж. Маас
OL7115219A,SARAH MAAS
OL7115219A,Sara Dž. Mas
OL4728806A,Sheila Coates
OL4728806A,Sheila Holland
OL4728806A,Victoria Woolf
OL4728806A,Sheila Lancaster
OL4728806A,Laura Hardy
OL4728806A,Charlotte LAMB
OL4728806A,Charlotte. Lamb
OL4728806A,Charlotte Lamb
OL4728806A,Victoria Wolf
OL4728806A,LAMB Charlotte
OL4728806A,LAMB CHARLOTTE
OL4728806A,CHARLOTTE LAMB
OL664669A,Doreen Hornsblow
OL9180803A,"Huang, Ana"
OL661093A,Penelope Jones Halsall
OL661093A,Caroline Courtney
OL661093A,Lydia Hitchcock
OL661093A,Melinda Wright
OL661093A,Penny Jordan
OL661093A,Annie Groves
OL661093A,Penny Jordan ... [et al.]
OL661093A,penny-jordan
OL661093A,Jordan Penny
OL661093A,"JORDAN,PENNY"
OL661093A,Jordan; Penny
OL661093A,Penny.- JORDAN
OL7544679A,"Simone, Sierra"
OL7315784A,Margaret Colleen Fennell
OL7315784A,Margaret Fennell
OL7315784A,Colleen Fennell
OL7315784A,Margaret Hoover
OL7315784A,콜린 후버
OL7315784A,C. Hoover
OL7315784A,Cooleen Hoover
OL7315784A,Hoover  Colleen
OL7315784A,Collen Hoover
OL7315784A,Collen hoover
OL7315784A,coollen hoover
OL1006974A,Margaret ROME
OL12751471A,Gu lingerie
OL12751471A,Gu Linfgfei
OL3319143A,Anne Mather (pseud.)
OL3319143A,Cardine Fleming (pseud.)
OL3319143A,Caroline Fleming (pseud.)
OL3319143A,Mildred Grieveson
OL3319143A,Ann Mather
OL811660A,"Reid, Michelle"
OL577983A,Anne Bushell Thomas Ashurst
OL577983A,Anne Bushell
OL577983A,Anne Thomas
OL577983A,Anne Ashurst
OL577983A,"CRAVEN,SARA"
OL577983A,SARA CRAVEN
OL577983A,sara craven
OL577983A,"Ashurst, Anne"
OL577983A,"Craven, Sara"
OL577983A,"Craven, Sarah"
OL577983A,"Cravenová, Sara"
OL577983A,"Kreiven, Sara"
OL577983A,"Krīfn, Sāra"
OL577983A,Sara Craven (British writer)
OL577983A,"Thomas, Anne"
OL577983A,سارة كريفن
OL577983A,كريفن، سارة،
OL577983A,"クレイヴン, サラ"
OL39485A,L. M. (Lucy Maud) Montgomery
OL39485A,L. M Montgomery
OL39485A,L M Montgomery
OL39485A,L M. Montgomery
OL39485A,Maud Montgomery
OL39485A,L. M. Montgomery
OL39485A,L.M. Montgomery
OL39485A,Lucie Maud Montgomery
OL39485A,"(jia) Meng, ge ma li"
OL39485A,L. Montgomery
OL39485A,Lucy M. Montgomery
OL39485A,Lucy Montgomery
OL39485A,L. M. L. M. Montgomery
OL39485A,L. M. L.M. Montgomery
OL39485A,Montgomery L. M.
OL39485A,L. M. 1874-1942 Montgomery
OL39485A,"Montgomery, L. M. Lucy Maud, 1874-1942"
OL39485A,Montgomery L M
OL39485A,L. M. MONTGOMERY
OL39485A,L M Montgomery:
OL39485A,L. M. Lucy Maud Montgomery
OL39485A,L. M. Montgomery Montgomery
OL39485A,L M. 1874-1942 Montgomery
OL39485A,"Montgomery, L. M., P, S R"
OL39485A,montgomery l. m.
OL39485A,L. M. (Lucy Maud) 1874-1 Montgomery
OL39485A,Montgomery L M (Lucy Maud)
OL39485A,L M MONTGOMERY
OL39485A,Lucy Maud Montgomery L. M. Montgomery
OL39485A,L. M MONTGOMERY
OL39485A,"Montgomery, Lucy Maud, Montgomery, L. M."
OL39485A,Lucy (L. ) Maud (M. ) Montgomery
OL39485A,Montgomery L. M
OL39485A,Montgomery Lucy Maud
OL39485A,Lucy Maud Montogmery
OL39485A,Lucy Maud. Montgomery
OL39485A,Lucy Maud MONTGOMERY
OL39485A,Lucy Maud Montogomery
OL39485A,"(jia) Meng, ge ma li (Montgomery, Lucy Maud"
OL39485A,Lucy Maud Mntgomery
OL39485A,LUCY MAUD MONTGOMERY
OL39485A,"Lucy Maud Montgomery,L.M. Montgomery"
OL39485A,Lucy Maud Lucy Maud Montgomery
OL39485A,"Lucy Maud, Montgomery,"
OL39485A,Lucy Maud Montgomery`
OL39485A,Lucy Maud Lucy Maud
OL39485A,Lucy Maud Montgomery Montgomery
OL39485A,Lucy Maud Montgomery CBE
OL39485A,MONTGOMERY LUCY MAUD
OL39485A,Lucy Maud LUCY MAUD MONTGOMERY
OL39485A,"Montgomery, Lucy Maud"
OL39485A,"MONTGOMERY,LUCY MAUD"
OL39485A,"Montgomery,Lucy Maud"
OL39485A,lucy maud montgomery
OL39485A,LM Montgomery
OL39485A,Lm Montgomery
OL39485A,Lucy Maude Montgomery
OL39485A,LUCY MONTGOMERY
OL39485A,LUCY MAUDE MONTGOMERY
OL39485A,Lucy M. montgomery
OL39485A,Lucy MONTGOMERY
OL39485A,Lucy M. . Montgomery
OL39485A,Lucy Maudd Montgomery
OL39485A,lucy moud Montgomery
OL39485A,L.M Montgomery
OL39485A,L Montgomery
OL39485A,"(jia) Meng, ge ma li (Montgomery, L.)"
OL39485A,L.m. Montgomery
OL39485A,L. Maud Montgomery
OL39485A,Luci Maud Montgomery
OL39485A,LucyMaud Montgomery
OL39485A,L.M. MONTGOMERY
OL39485A,"Montgomery,L.M."
OL39485A,Montgomery L.M.
OL39485A,R.M. Menggemali
OL39485A,Menggemali
OL39485A,L.M.Montgomery
OL39485A,L. M. Montgomary
OL39485A,Meng ge ma li
OL39485A,"(jia na da) Meng, ge ma li"
OL39485A,Lucy MaudMontgomery Lucy MaudMontgomery
OL39485A,L.M.Montgomery:
OL39485A,Emily Climbs
OL39485A,Lucy Montgomer
OL39485A,L. M. M. ontgomery
OL39485A,L. M. Montgomery&nbsp;
OL39485A,Locy Montgomery
OL39485A,l.m. montgomery
OL39485A,L.M. MOntgomery
OL39485A,L.M MOntgomery
OL39485A,"Lucy, Maud Montgomery"
OL39485A,Maud Lucy Montgomery
OL39485A,Lucy Maud Montgomery Maud Montgomery
OL39485A,Lucy M. Lucy M. Montgomery
OL39485A,L M 1874-1942 Montgomery
OL39485A,"L. M. Montgomery,Giancarlo Malagutti,C. W. Cooke"
OL194979A,Marjorie Lobb Lewty
OL194979A,Marjorie Lewty
OL584494A,Lilian Margaret Peake
OL584494A,Lilian Epton
OL575932A,Betty A. Neels
OL575932A,BETTY NEELS
OL575932A,Betty NEELS
OL575932A,Neels
OL575932A,B. Neels
OL575932A,Batty Neels
OL575932A,"Neels, Etc, Betty"
OL575932A,"Neels,Betty"
OL1120447A,Jessica Rowley Pell Bird Blakemore
OL1120447A,Jessica Bird
OL1120447A,J. R. Ward
OL1120447A,J.R.. Ward
OL1120447A,J.R. Ward
OL1120447A,J R Ward
OL1120447A,J-R Ward
OL1120447A,WARD J. R
OL1120447A,J.r. Ward
OL1120447A,Ward J. R
OL1120447A,ward-j-r
OL2763201A,Patricia Wilson
OL2763201A,Patricia Grace Wilson
