edition_key,work_key,title,subtitle,edition_name
OL29784098M,OL3775489W,Savage Interlude,,
OL29264502M,OL3775489W,Savage Interlude,,
OL9599446M,OL3775489W,Savage Interlude,,
OL38344800M,OL4233148W,Scandaleuses promesses,,
OL38357055M,OL4233148W,Passionate Scandal,,
OL29793484M,OL4233148W,Passionate Scandal,,
OL9749585M,OL4233148W,Passionate Scandal (Harlequin Romance),,Large Prnt edition
OL53568234M,OL24390422W,Twisted Love,,
OL35152719M,OL24390422W,Twisted Love,,
OL32301034M,OL24390422W,Twisted Love,A Brother's Best Friend Romance,
OL10745631M,OL8315310W,L'Amour Rebelle,,
OL28002476M,OL17850410W,De wrede prins,,
OL46528859M,OL17850410W,The Cruel Prince,,
OL28292985M,OL17850410W,The Cruel Prince,,
OL28478001M,OL17850410W,The Cruel Prince,1,
OL26435884M,OL17850410W,The Cruel Prince,,First Edition
OL38357220M,OL4233186W,Slave to Love,,
OL29152053M,OL4233186W,Slave to Love,,
OL46256805M,OL27733867W,Volver a Empezar / It Starts with Us (Spanish Edition),,
OL40729418M,OL27733867W,É assim que começa,,
OL48198961M,OL27733867W,It Starts with Us,The Highly Anticipated Sequel to IT ENDS with US,
OL43624118M,OL27733867W,It starts with us,,
OL41889877M,OL27733867W,It Starts with Us,,
OL40231682M,OL27733867W,It starts with us ,,
OL40234146M,OL27733867W,It Starts with Us,,
OL47391456M,OL20564687W,Hopeless,Tocando el cielo,
OL49672019M,OL20564687W,Hopeless,,
OL14976827M,OL3775489W,Savage Interlude,,
OL11383501M,OL3775489W,Savage Interlude,,
OL38271588M,OL4233148W,Passionate Scandal,,
OL28974638M,OL4233148W,Passionate Scandal,,
OL9746950M,OL4233148W,Passionate Scandal (Harlequin Romance),,Large Prnt edition
OL9742578M,OL4233148W,Passionate Scandal,,
OL17413527M,OL4233148W,Passionate Scandal,,
OL51686524M,OL24390422W,Amor corrompido ,,
OL49672179M,OL24390422W,twisted love,,
OL48594701M,OL24390422W,Twisted Love,,
OL47163324M,OL24390422W,Twisted Love,,
OL47068116M,OL24390422W,Twisted love,,
OL43974295M,OL24390422W,Twisted Love,,
OL36615850M,OL24390422W,Twisted Love,,
OL9744667M,OL8315310W,Dearest Traitor,,
OL9746871M,OL8315310W,Dearest Traitor,,Large Print Edition
OL48258839M,OL17850410W,The Cruel Prince,,Collector's Edition
OL39633592M,OL17850410W,Cruel Prince,,
OL26940602M,OL17850410W,The cruel prince,,Unabridged.
OL26694821M,OL17850410W,The Cruel Prince,,
OL27292928M,OL17850410W,The Cruel Prince (The Folk of the Air),,
OL42225095M,OL17850410W,Cruel prince ,,
OL28950418M,OL4233186W,Slave to Love,,
OL9747566M,OL4233186W,"Slave To Love (Harlquin Presents, No 1776)",,
OL9745419M,OL4233186W,Slave to Love,,
OL9750790M,OL4233186W,Slave to Love,,Largeprint edition
OL46526687M,OL27733867W,À tout jamais,,
OL47067014M,OL27733867W,It Starts With us,,
OL47067013M,OL27733867W,It Starts With us,,
OL40234145M,OL27733867W,It Starts with Us,,
OL49140417M,OL27733867W,It Starts with Us,A Novel,Large print edition
OL41889781M,OL27733867W,It Starts with Us,,
OL40207502M,OL27733867W,it starts with us,,
OL40005138M,OL27733867W,It starts with us - Colleen Hoover,,
OL41353147M,OL27733867W,It Starts with Us,,
OL39209653M,OL27733867W,It Starts with Us,,
OL38323115M,OL27733867W,It Starts with Us,,
OL37857529M,OL27733867W,It starts with us,,
OL29151999M,OL4233148W,Passionate Scandal,,
OL9752484M,OL4233148W,Passionate Scandal,Harlequin Presents - 1695,Large Print Edition
OL61516903M,OL24390422W,Twisted Love (Collector's Edition),,
OL59829704M,OL24390422W,Twisted Love,,English Edition by LYX
OL59067928M,OL24390422W,Twisted Love,Twisted Livre 1,
OL44319740M,OL24390422W,Twisted 1. Twisted Love,,
OL47276214M,OL24390422W,Twisted 1. Twisted love,,
OL48596355M,OL24390422W,Twisted Love,,
OL47826695M,OL24390422W,Twisted Love,,
OL37985553M,OL24390422W,Twisted Love,,
OL9752371M,OL8315310W,Dearest Traitor,,Large Print Edition
OL9749480M,OL8315310W,Dearest Traitor,,Large Print Edition
OL17388896M,OL8315310W,Dearest Traitor,,
OL59126422M,OL17850410W,הנסיך האכזר,,
OL38538688M,OL17850410W,Cruel Prince,,
OL32234215M,OL17850410W,The Cruel Prince,,
OL28682069M,OL17850410W,El Príncipe Cruel,,
OL26782186M,OL17850410W,The Cruel Prince (The Folk of the Air),,
OL27099606M,OL17850410W,The Cruel Prince (The Folk of the Air),,
OL28153628M,OL17850410W,The Cruel Prince,,
OL38270779M,OL4233186W,Slave to Love,,
OL29783129M,OL4233186W,Slave to Love,,
OL9750254M,OL4233186W,"Slave To Love (Harlquin Presents, No 1776)",,
OL17207889M,OL4233186W,Slave to Love,,
OL9748049M,OL4233186W,Slave to Love,,Largeprint edition
OL40208522M,OL27733867W,Volver a empezar,,
OL40078929M,OL27733867W,It starts with us - Nur noch einmal und für immer,,
OL46526659M,OL27733867W,It starts with us,,
OL37050436M,OL27733867W,It Starts With Us,A Novel,
OL41089127M,OL27733867W,It starts with us,,
OL39651255M,OL27733867W,It Starts with Us,,
OL38059274M,OL27733867W,It Starts with Us,A Novel,
OL54181319M,OL20564687W,Hopeless,,
OL47391457M,OL20564687W,Hopeless,Tocando el cielo,
OL47407550M,OL20564687W,Hopeless,,
OL36719800M,OL77775W,Blue Castle,,
OL36115757M,OL77775W,Blue Castle,,
OL36494660M,OL77775W,Blue Castle Annotated,,
OL36511489M,OL77775W,Blue Castle Annotated,,
OL36463509M,OL77775W,Blue Castle,Literary Fiction,
OL36388502M,OL77775W,Blue Castle Annotated,,
OL36449356M,OL77775W,Blue Castle Annotated,,
OL36173474M,OL77775W,Blue Castle Illustrated,,
OL36117787M,OL77775W,Blue Castle (Illustrated),,
OL36121113M,OL77775W,Blue Castle Annotated,,
OL36033247M,OL77775W,Blue Castle,Classic Edition,
OL35064630M,OL77775W,Blue Castle Annotated,,
OL35192408M,OL77775W,Blue Castle Annotated,,
OL34349410M,OL77775W,Blue Castle Annotated,,
OL34290658M,OL77775W,Blue Castle-(Annotated),,
OL34314453M,OL77775W,Blue Castle-(Annotated),,
OL34252853M,OL77775W,Blue Castle by Lucy Maud Montgomery,a Classic Illustrated Edition,
OL34288533M,OL77775W,Blue Castle Annotated,,
OL34201054M,OL77775W,Blue Castle,,
OL32734086M,OL77775W,The Blue Castle,,
OL27594308M,OL77775W,The Blue Castle,,
OL23750346M,OL77775W,The blue castle,,
OL16236596M,OL77775W,The Blue Castle.,,
OL19746209M,OL77775W,The blue castle,,
OL17421552M,OL77775W,The blue castle,,
OL22146128M,OL77775W,The blue castle.,,
OL9562522M,OL3498612W,The Marriage Possession (Harlequin Presents),,
OL49346577M,OL35223328W,Married at first sight,,
OL47774735M,OL35223328W,Married at first sight ,,
OL1646145M,OL11277334W,Spellbinding,,
OL36776178M,OL77775W,Blue Castle,,
OL36085169M,OL77775W,Blue Castle,,
OL36035450M,OL77775W,Blue Castle,,
OL33467124M,OL77775W,Blue Castle,,
OL36594695M,OL77775W,Blue Castle,Classic Edition,
OL36494671M,OL77775W,Blue Castle Annotated,,
OL36366758M,OL77775W,Blue Castle Annotated,,
OL36164531M,OL77775W,Blue Castle:(illustrated Edition),,
OL36123559M,OL77775W,Blue Castle Illustrated,,
OL36125456M,OL77775W,Blue Castle Annotated,,
OL36148760M,OL77775W,Blue Castle Annotated,,
OL36112487M,OL77775W,Blue Castle,Classic Edition,
OL36120568M,OL77775W,Blue Castle,Classic Edition,
OL36033160M,OL77775W,Blue Castle Annotated,,
OL35973962M,OL77775W,Blue Castle (Annotated),,
OL35222165M,OL77775W,Blue Castle,Classic Edition,
OL35121412M,OL77775W,Blue Castle-(Annotated),,
OL35041920M,OL77775W,Blue Castle,Classic Edition,
OL34294054M,OL77775W,Blue Castle-(Annotated),,
OL34279982M,OL77775W,Blue Castle[Annotated],,
OL34244747M,OL77775W,Blue Castle Annotated,,
OL30744945M,OL77775W,The Blue Castle,,
OL30275467M,OL77775W,Blue Castle 'Annotated',,
OL30221213M,OL77775W,Blue Castle Annotated,,
OL30240049M,OL77775W,Blue Castle Annotated,,
OL30190568M,OL77775W,Blue Castle,,
OL25648985M,OL77775W,The blue castle,,
OL15388701M,OL77775W,The blue castle,a novel,
OL14584199M,OL77775W,The blue castle,a novel,
OL18119812M,OL77775W,The blue castle,a novel,
OL19889860M,OL77775W,The blue castle,a novel,
OL23750345M,OL77775W,The blue castle,a novel,
OL8188838M,OL77775W,Blue Castle,,
OL22098412M,OL77775W,The blue castle,a novel,
OL8076181M,OL77775W,Blue Castle,,
OL14977398M,OL11327153W,Bitter revenge,,
OL10280610M,OL11327153W,Bitter Revenge,,
OL29152288M,OL3498612W,Marriage Possession,,
OL28990644M,OL3498612W,Marriage Possession,,
OL28363959M,OL3498612W,The Marriage Possession,,
OL24260394M,OL3498612W,The Marriage Possession,,
OL48577313M,OL35223328W,Married at first sight ,,
OL47620937M,OL35223328W,Married at first sight ,,
OL47620785M,OL35223328W,Married at first sight,,
OL17558866M,OL11277334W,Spellbinding.,,
OL36334826M,OL77775W,Blue Castle,,
OL35503359M,OL77775W,Blue Castle,,
OL34817704M,OL77775W,Blue Castle,,
OL34125258M,OL77775W,Blue Castle,,
OL36601113M,OL77775W,Blue Castle Annotated,,
OL36508198M,OL77775W,Blue Castle Annotated,,
OL36473533M,OL77775W,Blue Castle,Classic Edition,
OL36496937M,OL77775W,Blue Castle,,
OL36116168M,OL77775W,Blue Castle Annotated,,
OL36076192M,OL77775W,Blue Castle (annotated),,
OL35180289M,OL77775W,Blue Castle Annotated,,
OL34347964M,OL77775W,Blue Castle Annotated,,
OL34307879M,OL77775W,Blue Castle[Annotated],,
OL34261768M,OL77775W,Blue Castle,Classic Edition,
OL31853905M,OL77775W,The Blue Castle,,
OL30357114M,OL77775W,Blue Castle,Large Print,
OL23247589M,OL77775W,The blue castle,,Bantam ed.
OL8258400M,OL77775W,Blue Castle,,
OL8076176M,OL77775W,Blue Castle,,
OL10738160M,OL11327153W,Bitter Revenge,,
OL9741669M,OL3498612W,The Marriage Possession (Harlequin Presents),,Lgr edition
OL22727034M,OL11277334W,Spellbinding,,Large print ed.
OL21222645M,OL11277334W,Spellbinding,,
OL10738804M,OL11277334W,Spellbinding,,
OL26335728M,OL4955616W,The impossible boss,,
OL14979995M,OL4955616W,The impossible boss,,
OL38446297M,OL27818823W,Twisted Lies,,
OL38574449M,OL27818823W,Twisted Lies - Special Edition,,
OL61188557M,OL11327987W,Cativa,,
OL24333338M,OL11327987W,Falcon's Prey,,Large Print Edition
OL9752646M,OL11327987W,Falcon's Prey,,
OL60303596M,OL20068530W,תעתוע,,
OL48120574M,OL20068530W,Verity,la sombra de un engaño,Primera edición
OL57485262M,OL20068530W,Verity,,
OL60125391M,OL20068530W,Verity,,
OL49586096M,OL20068530W,Verity,la Sombra de un Engaño / Verity,
OL27587656M,OL20068530W,Coraz większy mrok,,
OL39412651M,OL20068530W,Verity - Carton of 20 for Walmart Event,,
OL39128605M,OL20068530W,Verity,,
OL36284697M,OL20068530W,Verity,,
OL36020400M,OL20068530W,Verity,,
OL35611219M,OL20068530W,Verity,,
OL9750982M,OL4233175W,"The Dark Side of Desire (Harlequin Presents, 1533)",,
OL9748216M,OL4233175W,"The Dark Side of Desire (Harlequin Presents, 1533)",,
OL19699246M,OL4233175W,The Dark Side of Desire,,Large Print ed.
OL1776472M,OL4233175W,The Dark Side of Desire,,
OL31986851M,OL15411754W,Temptation,,Mills & Boon Romance #1522
OL9752090M,OL8315358W,The Gift of Loving,,
OL9749227M,OL8315358W,The Gift of Loving,,
OL16522162M,OL8315358W,The gift of loving.,,
OL9750733M,OL8315358W,The Gift of Loving,,Largeprint edition
OL9747979M,OL8315358W,"The Gift of Loving (Harlequin Presents, No. 1469)",,
OL21310545M,OL11327660W,The marriage deal,,Large Print Ed.
OL10738506M,OL11327660W,Marriage Deal,,
OL9745468M,OL3771321W,Season of Mists,,Large Print Edition
OL9750324M,OL3771321W,Season of Mists,,Large Print Edition
OL9747626M,OL3771321W,Season of Mists,,Large Print Edition
OL44175236M,OL11327658W,Devil and the Deep Sea,,
OL17371302M,OL11327658W,Devil and the Deep Sea,,
OL17507026M,OL11277298W,Love in the dark.,,Large print ed.
OL14976258M,OL4955616W,The impossible boss.,,
OL61516907M,OL27818823W,Twisted Lies (Collector's Edition),,
OL56904047M,OL27818823W,Twisted Lies,Él Hará lo Que Sea para Tenerla... Incluso Mentir,
OL52564084M,OL27818823W,Twisted 4. Twisted Lies,,
OL51006348M,OL27818823W,Twisted Lies,,
OL42830813M,OL27818823W,Twisted lies ,,
OL39730646M,OL27818823W,Twisted Lies - Limited Edition,,
OL39441146M,OL27818823W,Twisted Lies,,
OL29663909M,OL11327987W,Falcon's Prey,,
OL18050045M,OL11327987W,Falcon's Prey,,
OL21366179M,OL11327987W,Falcon's Prey,,
OL22321605M,OL11327987W,Falcon's Prey,,
OL9752238M,OL8315359W,"Impossible Bargain (Harlequin Presents, No 1125)",,
OL39801379M,OL20068530W,Verity,,Deutsche Erstausgabe
OL39220275M,OL20068530W,Verity,Gerçeğin Diğer Kıyısı,
OL38406842M,OL20068530W,Verity.,La sombra de un engaño,
OL28288027M,OL20068530W,Verity. La sombra de un engaño,,
OL37689762M,OL20068530W,Verity,,Collector's Edition
OL28152674M,OL20068530W,Verity,,
OL27248516M,OL20068530W,Verity,,
OL14976197M,OL4342716W,Temporary Wife,,
OL14980268M,OL4342716W,Temporary Wife.,,
OL14979815M,OL4342716W,Temporary wife,,
OL24372658M,OL4342716W,Temporary Wife,,
OL9745901M,OL4233175W,"The Dark Side of Desire (Harlequin Presents, 1533)",,
OL28973935M,OL15411754W,Temptation,,
OL31986854M,OL15411754W,Temptation,,Mills & Boon Best Seller Romance #519
OL24382038M,OL15411754W,Temptation,,Harlequin Presents #310
OL31992151M,OL8315358W,Apprentie comtesse,,
OL9750715M,OL8315358W,"The Gift of Loving (Harlequin Presents, No. 1469)",,
OL9745722M,OL8315358W,"The Gift of Loving (Harlequin Presents, No. 1469)",,
OL10239116M,OL11327660W,The Marriage Deal,,Large Prnt edition
OL38290911M,OL3771321W,Season of Mists,,
OL34872144M,OL3771321W,Season of Mists,,
OL9751599M,OL3771321W,Season of Mists,,
OL9745051M,OL3771321W,Season of Mists,,
OL22568185M,OL11327658W,Devil and the Deep Sea,,Large Print Edition
OL10807085M,OL11327658W,Devil and the Deep Sea,,Large Prnt Edition
OL10280838M,OL11277298W,Love in the Dark,,
OL10738492M,OL11277298W,Love in the Dark,,
OL38010863M,OL27818823W,Twisted Lies,TikTok Made Me Buy It! Fall into a World of Addictive Romance...,
OL29243056M,OL11327987W,Falcon's Prey,,
OL29106576M,OL11327987W,Falcon's Prey,,
OL24333336M,OL11327987W,Falcon's Prey,,
OL2726049M,OL11327987W,Falcon's Prey,,Large print ed.
OL14977285M,OL11327987W,Falcon's Prey,,
OL24333337M,OL11327987W,Falcon's Prey,,
OL17255651M,OL8315359W,Impossible bargain.,,
OL9747434M,OL8315359W,"Impossible Bargain (Harlequin Presents, No 1125)",,
OL9746776M,OL8315359W,"Impossible Bargain (Harlequin Presents, No 1125)",,
OL47314659M,OL20068530W,Verity,,
OL61228842M,OL20068530W,Verity,,
OL38448570M,OL20068530W,"Verity, Large Print Edition",,
OL37984861M,OL20068530W,Verity,The Thriller That Will Capture Your Heart and Blow Your Mind,
OL36038052M,OL20068530W,Verity,,
OL28974140M,OL4233175W,Dark Side of Desire,,
OL21220705M,OL15411754W,Temptation,,First Edition
OL9748521M,OL8315358W,The Gift of Loving,,Largeprint edition
OL18817745M,OL11327660W,The Marriage Deal,,
OL29248529M,OL3771321W,Season of Mists,,
OL14977516M,OL3771321W,Season of Mists,,
OL9748793M,OL3771321W,Season of Mists,,
OL9742157M,OL3771321W,Season of Mists,,
OL10738607M,OL11327658W,Devil and the Deep Sea,,
OL14981312M,OL11277298W,Love in the dark.,,
OL58498674M,OL16014245W,Shatter Me (Book 1 of Shatter Me series),,
OL52742994M,OL16014245W,Shatter Me,Shatter Me #1,Australian Edition
OL49511303M,OL16014245W,Shatter Me,,
OL51095009M,OL16014245W,Shatter Me,,
OL37401548M,OL16014245W,Shatter Me,,
OL28907014M,OL16014245W,Shatter Me (Canada),,
OL27350901M,OL16014245W,Shatter Me,,
OL28286358M,OL16014245W,Shatter Me,,
OL28769199M,OL16014245W,Shatter Me,,
OL25114382M,OL16014245W,Shatter Me,,
OL61638992M,OL34774028W,Powerless,,
OL52654002M,OL34774028W,Powerless (the Powerless Trilogy),,
OL51621343M,OL34774028W,Powerless,,
OL48262168M,OL34774028W,Powerless,TikTok Made Me Buy It! the Most Epic and Sizzling Fantasy Romance Book of the Year,
OL48199602M,OL34774028W,Powerless,,
OL29763294M,OL3775478W,Love's Duel,An Enemies to Lovers Romance,
OL27923306M,OL3775478W,Love's Duel,,
OL41347527M,OL16014245W,Rör mig inte! / Shatter Me,,
OL48152017M,OL16014245W,Shatter Me,,
OL50655522M,OL16014245W,Shatter Me,9 Book Box Set,
OL47985949M,OL16014245W,Shatter Me,,
OL32216971M,OL16014245W,Shatter Me,"The Shatter Me Series, book 1",
OL34115689M,OL16014245W,Shatter Me,,
OL35813696M,OL16014245W,Shatter Me,,
OL27105656M,OL16014245W,Shatter Me,,
OL27781701M,OL16014245W,Shatter Me,"The Shatter Me Series, book 1",
OL52556338M,OL34774028W,Powerless,,
OL49297283M,OL34774028W,Powerless,,
OL49296355M,OL34774028W,Powerless,,
OL48369768M,OL34774028W,Powerless,,
OL48316907M,OL34774028W,Powerless,,
OL47124583M,OL34774028W,Powerless,,
OL18356833M,OL3775478W,Love's Duel,,First Edition
OL17476629M,OL3775478W,Love's Duel,,
OL20121410M,OL3775478W,Love's Duel,,
OL61366359M,OL16014245W,Vrees me,Ik ben een monster. Ik heb een gave.,
OL48675455M,OL16014245W,Shatter Me,,
OL42512520M,OL16014245W,Shatter Me,Shatter Me series 1,
OL27277806M,OL16014245W,Shatter Me,,
OL24917781M,OL16014245W,Shatter me,,1st ed.
OL59414384M,OL34774028W,Powerless,Édition reliée,
OL51098487M,OL34774028W,Powerless,,
OL29264363M,OL3775478W,Love's Duel,,
OL10738150M,OL3775478W,Love's Duel,,
OL49672018M,OL20564687W,Hopeless,,
OL35651243M,OL20564687W,Umutsuz,,
OL32419698M,OL20564687W,Hopeless,,
OL31129806M,OL20564687W,Hopeless,a novel,First Atria paperback edition.
OL27809972M,OL20564687W,Hopeless,,
OL9561823M,OL5236211W,The Butterfly and the Baron,,
OL377544M,OL486967W,The princess bride,"S. Morgenstern's classic tale of true love and high adventure : the ""good parts"" version abridged",1st Ballantine Books hardcover ed.
OL15125290M,OL486967W,The princess bride,,
OL10683605M,OL486967W,The Princess Bride,,
OL9639148M,OL486967W,The Princess Bride,,
OL11558534M,OL486967W,Princess Bride,,
OL9598700M,OL486967W,The Princess Bride,S. Morgenstern's Classic Tale of True Love and High Adventure,Reprint edition
OL8845011M,OL486967W,The Princess Bride,,Abridged edition
OL11000892M,OL486967W,Princess Bride,,
OL20947352M,OL486967W,The  Princess Bride,"S. Morgenstern's Classic Tale of True Love and High Adventure : the ""good parts"" version, abridged",1st Ballantine Books mass market ed.
OL17892075M,OL486967W,The princess bride,S. Morgenstern's classic tale of true love and high adventure,
OL52236850M,OL20650912W,Casa de Tierra y Sangre,,
OL45128496M,OL20650912W,House of Earth and Blood,,
OL35361326M,OL20650912W,Hilal Şehir,Toprak ve kan hanesi,2. baskı
OL35866018M,OL20650912W,House of Earth and Blood,A Crescent City novel,
OL34724098M,OL20650912W,House of Earth and Blood,A Crescent City Novel,
OL30342532M,OL20650912W,Casa de tierra y sangre,,
OL30157071M,OL20650912W,House of Earth and Blood,,
OL31979042M,OL20650912W,Crescent City,House of Earth and Blood,
OL28343065M,OL20650912W,Crescent City,House of Earth and Blood,
OL48447846M,OL20893778W,Corrupt,,
OL32499504M,OL20893778W,Corrupt,,
OL10280690M,OL3845160W,Hidden Heart,,
OL10239225M,OL3845160W,Hidden Heart,,Large Print Ed edition
OL10691758M,OL3845160W,Hidden Heart,,
OL24737464M,OL3845160W,Hidden heart,,Harlequin romance 1st ed.
OL22380110M,OL4215998W,To speak of love,,Large print ed.
OL10738477M,OL4215998W,To Speak of Love,Harlequin Presents #969,
OL14981209M,OL4215998W,To Speak Of Love,Mills & Boon Romance #2562,
OL32037490M,OL5091273W,Dark Lover,,
OL32037489M,OL5091273W,Dark Lover,,
OL32037492M,OL5091273W,Dark Lover,,
OL27549830M,OL5091273W,Dark Lover,The First Novel of the Black Dagger Brotherhood,
OL39765219M,OL20564687W,Hopeless,,
OL14980183M,OL5236211W,The Butterfly and the Baron,,
OL11235259M,OL5236211W,The Butterfly and the Baron,,Large
OL21437817M,OL11327957W,A man possessed,,
OL14981210M,OL11327957W,A Man Possessed,,
OL10738472M,OL11327957W,A Man Possessed,,
OL10686514M,OL486967W,The Princess Bride,,
OL18504626M,OL486967W,The princess bride,S. Morgenstern's classic tale of true love and high adventure,1st Harvest mass market ed.
OL8603363M,OL486967W,The Princess Bride,,
OL18587170M,OL486967W,The princess bride,S. Morgenstern's classic tale of true love and high adventure,1st Harvest mass market ed.
OL7961854M,OL486967W,The Princess Bride,,New Ed edition
OL9844175M,OL486967W,The Princess Bride,S Morgenstern's Classic Tale of True Love and High Adventure,25th anniversary edition
OL3704385M,OL486967W,The princess bride,S. Morgenstern's classic tale of true love and high adventure,"30th anniversary ed., 1st trade pbk. ed."
OL10682161M,OL486967W,The Princess Bride,,
OL9738841M,OL486967W,The Princess Bride,S. Morgenstern's Classic Tale of True Love and High Adventure,Reprint edition
OL46573795M,OL20650912W,House of Earth and Blood,The Epic New Fantasy Series from Multi-Million and #1 New York Times Bestselling Author Sarah J. Maas,
OL35618229M,OL20650912W,Ciudad Medialuna,Casa de tierra y sangre,
OL27925074M,OL20650912W,Föld és vér háza,,
OL27925078M,OL20650912W,House of Earth and Blood,,
OL56884344M,OL20893778W,Corrupt,Devil's Night,
OL47691497M,OL20893778W,Corrupt,,
OL28300621M,OL20893778W,Corrupt,,
OL21626275M,OL3845160W,Corazon oculto.,,
OL53484656M,OL5091273W,מאהב מהאופל,,
OL32037491M,OL5091273W,Dark Lover,,
OL28107930M,OL5091273W,Dark Lover,,
OL32037493M,OL5091273W,Dark Lover,,
OL26004944M,OL5091273W,Dark Lover                            Black Dagger Brotherhood Paperback,,
OL9522109M,OL5091273W,UC SAM Dark Lover (Sam's Club Edition),A Novel of the Black Dagger Brotherhood,
OL39332831M,OL20564687W,Hopeless. Tocando el Cielo / Hopeless,,
OL33023688M,OL20564687W,Hopeless,,
OL31870730M,OL20564687W,Hopeless,,
OL29173419M,OL20564687W,Hopeless,,
OL24238814M,OL5236211W,The Butterfly and the Baron,,
OL14976844M,OL5236211W,The butterfly and the Baron,,
OL29264499M,OL11327957W,Man Possessed,,
OL20161132M,OL486967W,The princess bride,S. Morgenstern's classic tale of true love and high adventure,
OL16771051M,OL486967W,The princess bride,"S. Morgenstern's classic tale of true love and high adventure, the ""good parts"" version",
OL7961810M,OL486967W,The Princess Bride,,25 Anniversary Ed edition
OL7973920M,OL486967W,Princess Bride,S. Morgenstern's Classic Tale of True Love and High Adventure,Rebound paperback edition
OL22184538M,OL486967W,The princess bride,"S. Morgenstern's classic tale of true love and high adventure : the ""good parts"" version",1st Ballantine Books ed.
OL10682557M,OL486967W,The Princess Bride,,
OL9682652M,OL486967W,The Princess Bride,S. Morgenstern's Classic Tale of True Love and High Adventure,Reprint edition
OL8276771M,OL486967W,Princess Bride,S. Morgenstern's Classic Tale of True Love and High Adventure,
OL21920251M,OL486967W,The Princess Bride,"S. Morgenstern's classic tale of true love and high adventure : the ""good parts"" version, abridged",
OL7866886M,OL486967W,Princess Bride,,New Ed edition
OL23273991M,OL486967W,The princess bride,"S. Morgenstern's classic tale of true love and high adventure : the ""good parts"" version abridged",1st Ballantine Books hardcover ed.
OL10684301M,OL486967W,The Princess Bride,,
OL28562969M,OL20650912W,Księżycowe Miasto,Dom Ziemi i Krwi. Część 1,
OL32388174M,OL20650912W,Crescent City,House of Earth and Blood,
OL32388173M,OL20650912W,Crescent City,House of Earth and Blood,Unabridged Audio book
OL32388170M,OL20650912W,House of Earth and Blood,,
OL27924119M,OL20650912W,Crescent City,House of Earth and Blood,
OL52553172M,OL20893778W,Corrupt,Devil's Night,
OL10239236M,OL3845160W,Hidden Heart,,
OL21376214M,OL3845160W,Verwarrende waarheid.,,
OL10807106M,OL4215998W,To Speak of Love,,Lrg edition
OL58114645M,OL5091273W,L'Amant ténébreux,"La Confrérie de la dague noire, T1",
OL33428668M,OL5091273W,Dark Lover,,
OL26209899M,OL5091273W,Dark Lover,,
OL3475143M,OL5091273W,Dark Lover,A Novel of the Black Dagger Brotherhood,
OL24604795M,OL5091273W,dark lover,,
OL24265453M,OL5091273W,Dark Lover,,
OL10239435M,OL3845101W,When the Loving Stopped (Mills & Boon Large Print),,Largeprint edition
OL10691657M,OL3845101W,When the Loving Stopped,,Harlequin romance 1st ed. May 1989.
OL21376202M,OL3845101W,Een huis vol dromen.,,
OL10738070M,OL3770466W,Betrayal in Bali,,396 edition
OL9827465M,OL3770466W,Betrayal in Bali,,
OL43581194M,OL20018811W,November 9,,
OL57743660M,OL20018811W,November 9,,
OL35499270M,OL20018811W,November 9,,
OL27198876M,OL20018811W,November 9,a novel,First Atria Books trade paperback edition.
OL56900534M,OL27245843W,Twisted Hate,Él la Odia... Casi Tanto Como la Desea,
OL38183720M,OL27245843W,Twisted Hate,,
OL49950513M,OL20808172W,Punk 57,,
OL43363112M,OL20808172W,Punk 57,,
OL48903613M,OL20808172W,Punk 57,,
OL39272166M,OL20808172W,Punk57,,
OL43363137M,OL20808172W,Punk 57,,
OL43363126M,OL20808172W,Punk 57,,
OL40234444M,OL20808172W,Punk 57,,
OL39203166M,OL20808172W,Punk 57,,
OL31924968M,OL20808172W,Punk 57,,
OL60364625M,OL18020194W,It Ends with Us,The Emotional #1 Sunday Times Bestseller,
OL49294668M,OL18020194W,It Ends With Us,,
OL49829791M,OL18020194W,It Ends With Us,,
OL49829792M,OL18020194W,It Ends With Us,,
OL49829794M,OL18020194W,It Ends With Us,,
OL49351534M,OL18020194W,IT ENDS WITH US,,
OL49646684M,OL18020194W,Ends With Us,,
OL47323735M,OL18020194W,It Ends With Us,,
OL48596657M,OL18020194W,It Ends With Us,,
OL48596656M,OL18020194W,It Ends With Us,,
OL48596654M,OL18020194W,It Ends With Us,,
OL46849212M,OL18020194W,IT ENDS WITH US,,
OL37736394M,OL18020194W,Romper el círculo,,
OL36214401M,OL18020194W,Nur noch ein einziges Mal,Roman,Deutsche Erstausgabe
OL35891593M,OL18020194W,É assim que acaba,,3a edição Capa Comum
OL35256642M,OL18020194W,Nooit meer,,
OL32956533M,OL18020194W,Jamais plus,,
OL38095018M,OL18020194W,Romper el Círculo (It Ends with Us),,
OL10273554M,OL5091273W,Dark Lover,A Novel of the Black Dagger Brotherhood,Reprint edition -  Black Dagger Brotherhood - 1
OL21626261M,OL3845101W,Cuando el amor se acaba.,,
OL14979987M,OL1708087W,To Catch A Butterfly,,
OL26419013M,OL3770466W,Betrayal in Bali,,
OL1560669M,OL3770466W,Betrayal in Bali,,
OL60629690M,OL20018811W,November 9,,
OL36858187M,OL20018811W,November 9,,
OL38862658M,OL20018811W,November 9,A Novel,
OL33498539M,OL20018811W,November 9,,
OL27824009M,OL20018811W,November 9,,
OL29273817M,OL20018811W,November 9,A Novel,
OL27440166M,OL20018811W,November 9,A Novel,
OL21223496M,OL3771180W,Sweet Revenge,,
OL38429115M,OL27245843W,Twisted Hate,,
OL36978097M,OL27245843W,Twisted Hate,,
OL42024692M,OL20808172W,Punk 57,,
OL43363129M,OL20808172W,Punk 57,,
OL43363120M,OL20808172W,Punk 57,,
OL32560275M,OL20808172W,Punk 57,,
OL28169596M,OL20808172W,Punk 57,,
OL60493763M,OL18020194W,It ends with us,,
OL47328533M,OL18020194W,It Ends With Us,,
OL49829793M,OL18020194W,It Ends With Us,,
OL49829796M,OL18020194W,It Ends With Us,,
OL49829797M,OL18020194W,It Ends With Us,,
OL49829799M,OL18020194W,It Ends With Us,,
OL40224862M,OL18020194W,Isto Acaba Aqui,,
OL50525389M,OL18020194W,It Ends with us,,
OL49230721M,OL18020194W,It ends with us,,
OL48596655M,OL18020194W,It Ends With Us,,
OL48596653M,OL18020194W,It Ends With Us,,
OL47323734M,OL18020194W,It Ends With Us,,
OL39816056M,OL18020194W,It Ends With Us,,
OL35366895M,OL18020194W,Bizimle başladı bizimle bitti,,
OL32956532M,OL18020194W,É assim que acaba,,1ª edição livro digital
OL17216230M,OL3845101W,When the Loving Stopped,,
OL10690923M,OL1708087W,To Catch a Butterfly,,
OL10749883M,OL1708087W,To Catch A Butterfly,,
OL21366017M,OL3770466W,Betrayal in Bali,,Large print ed.
OL14977002M,OL3770466W,Betrayal in Bali,,
OL52982047M,OL20018811W,Nächstes Jahr am selben Tag,Roman,
OL43407856M,OL20018811W,November 9,,
OL38386868M,OL3771180W,Sweet Revenge,,
OL24238949M,OL3771180W,Sweet Revenge,,
OL61516909M,OL27245843W,Twisted Hate (Collector's Edition),,
OL37998217M,OL27245843W,Twisted Hate,TikTok Made Me Buy It! Fall into a World of Addictive Romance...,
OL36978096M,OL27245843W,Twisted Hate - Special Edition,,
OL43363145M,OL20808172W,Punk 57,,
OL43363133M,OL20808172W,Punk 57,,
OL43363118M,OL20808172W,Punk 57,,
OL40232570M,OL18020194W,Nur noch ein einziges Mal,,
OL44897339M,OL18020194W,Все закончится на нас,,
OL49829795M,OL18020194W,It Ends With Us,,
OL49829798M,OL18020194W,It Ends With Us,,
OL46524413M,OL18020194W,Isto Acaba Aqui,,
OL51108597M,OL18020194W,It Ends with Us,A Novel,
OL41724387M,OL18020194W,It Ends With Us,,
OL42883035M,OL18020194W,It Ends With Us,,
OL40233705M,OL18020194W,It Ends With Us,,
OL39223386M,OL18020194W,It Ends With Us,,Large print edition
OL39479218M,OL18020194W,It Ends with Us,A Novel,First Atria Paperback edition.
OL35799667M,OL18020194W,It Ends with Us,,
OL30570882M,OL18020194W,Bizimle başladı bizimle bitti,,1. baskı
OL28220059M,OL18020194W,It Ends with Us,,Unabridged Audio book
OL38055215M,OL27838518W,From Blood and Ash,,
OL38052515M,OL27838518W,From Blood and Ash,,
OL37427842M,OL21833211W,Priest,A Love Story,
OL10739716M,OL3845179W,A First Time for Everything (easyread pring Harlequin Romance),,First edition
OL10239259M,OL3845179W,A First Time for Everything,,
OL24617972M,OL3845179W,A First Time for Everything,,Harlequin romance easyread ed.
OL20583136M,OL3845179W,Il cuore ha messo le ali.,,
OL20583210M,OL3845179W,O Aprovleptos kurios Tein.,,
OL10691242M,OL3476075W,Iceberg,,
OL9745249M,OL8315355W,Dark Illusion,,Largeprint edition
OL9750014M,OL8315355W,Dark Illusion,,Largeprint edition
OL18879270M,OL8315355W,Dark illusion,,
OL9744332M,OL8315355W,Dark Illusion,,
OL29572940M,OL3457933W,When Two Paths Meet,,
OL29127334M,OL3457933W,When Two Paths Meet,,
OL10280675M,OL3457933W,When Two Paths Meet,,
OL9324449M,OL3457933W,When Two Paths Meet,,Largeprint edition
OL17389748M,OL3457933W,When two paths meet.,,Large print ed.
OL18817321M,OL3457933W,When two paths meet,,
OL9564707M,OL2705619W,One More River to Cross,,
OL14976794M,OL2705619W,One More River to Cross,,
OL14977575M,OL3476079W,Mansion For My Love,,
OL17434943M,OL3476079W,Mansion for My Love,,
OL28951071M,OL3759116W,Lovers Touch,,
OL9805839M,OL3759116W,Lover's Touch,,
OL7421983M,OL3759116W,Lover's Touch,,
OL29264414M,OL11328452W,Bittersweet Passion,,
OL9754135M,OL11328452W,Bittersweet Passion,Harlequin Romance Subscription - 15,
OL10738442M,OL11327897W,Fire with Fire,,
OL24938967M,OL11327897W,Fire with fire,,
OL24975286M,OL11327897W,Fire with Fire,,
OL29264483M,OL11327973W,Substitute Lover,,
OL22426445M,OL11327973W,Substitute Lover,,
OL21364996M,OL11327666W,High price to pay,,Large Print ed.
OL36137916M,OL18020194W,It Ends With Us,,Large edition
OL37048559M,OL18020194W,우리가 끝이야,It ends with us,
OL35292977M,OL18020194W,It Ends with Us,a novel,
OL34033919M,OL18020194W,It Ends with Us,The emotional #1 Sunday Times bestseller,International ebook edition
OL29837601M,OL18020194W,It Ends with Us,A Novel,First Pocket Books paperback edition
OL27213498M,OL18020194W,It Ends With Us,,International Edition
OL26604553M,OL18020194W,It Ends with Us,,1. wyd. pol.:
OL37330446M,OL21775531W,Destroy Me,,
OL38466569M,OL27838518W,From Blood and Ash,,
OL38047166M,OL27838518W,From Blood and Ash,,
OL38045834M,OL27838518W,From Blood and Ash,A Blood and Ash Novel,
OL39819953M,OL21833211W,Priest,,
OL39958356M,OL21833211W,Priest,,
OL29755235M,OL21833211W,Priest,A Love Story,
OL10239263M,OL3845179W,A First Time for Everything,,Large Print Ed edition
OL10691770M,OL3845179W,A First Time for Everything,,
OL21376216M,OL3845179W,Een spannende uitdaging.,,
OL15236069M,OL3845179W,Passion dans la vallée des Rois.,,
OL21626306M,OL3845179W,A primeira vez,,
OL21626291M,OL3845179W,La primera vez.,,
OL18210485M,OL3467485W,Comparative Strangers,,
OL9750345M,OL3467485W,Comparative Strangers,,
OL24210332M,OL3476075W,Iceberg,,
OL9747335M,OL8315355W,Dark Illusion,,Largeprint edition
OL16522153M,OL8315355W,Dark Illusion,,
OL9503171M,OL3457933W,When Two Paths Meet,,
OL26598972M,OL3457933W,When Two Paths Meet,,
OL12043679M,OL2705619W,One More River to Cross,,
OL14981585M,OL3476079W,Mansion for My Love,,
OL29264333M,OL3759116W,Lovers Touch,,
OL18308656M,OL3759116W,Lovers touch.,,
OL9635064M,OL11327973W,Substitute Lover,,
OL18521257M,OL11327666W,A High Price to Pay,,Mills & Boon Best Seller Reissue #706
OL1085631M,OL11327666W,A High Price To Pay,,Large Print Edition
OL29729888M,OL18020194W,It Ends with Us,A Novel,First Atria eBook edition.
OL30570883M,OL18020194W,It Ends with Us,,ANZ Only edition
OL61375849M,OL21775531W,Verwoest me,Ze is van mij,
OL39221697M,OL21775531W,Destroy Me,,
OL29651281M,OL21775531W,Amarás a un estraño,,
OL38057296M,OL27838518W,From Blood and Ash,,
OL38047123M,OL27838518W,From Blood and Ash,A Blood and Ash Novel,
OL35031609M,OL21833211W,Priest,,
OL10280696M,OL3845179W,A First Time For Everything,,
OL37655917M,OL3467485W,Comparative Strangers,,
OL14982019M,OL3467485W,Comparative strangers,,New ed.
OL9752685M,OL3467485W,Comparative Strangers,,Large Print Edition
OL22615764M,OL3476075W,Iceberg.,,
OL21221046M,OL3476075W,Iceberg,,First edition
OL38269289M,OL3457933W,When Two Paths Meet,,
OL37392595M,OL3457933W,When Two Paths Meet,,
OL26852574M,OL3457933W,When Two Paths Meet,,
OL7417356M,OL3457933W,When Two Paths Meet,,The Best of Betty Neels
OL31856717M,OL2705619W,One More River to Cross,,
OL31856620M,OL2705619W,One More River to Cross,,
OL9604150M,OL3476079W,Mansion for My Love,,
OL21439489M,OL3759116W,L' importanza di essere donna,,
OL17214476M,OL11328452W,Bittersweet Passion.,,
OL14978532M,OL11328452W,Bittersweet Passion,,
OL29264469M,OL11327897W,Fire with Fire,,
OL18213797M,OL11327897W,Fire with fire,,
OL14978502M,OL11327973W,Substitute Lover,,
OL22824869M,OL11327666W,A High Price to Pay,Mills & Boon Romance #2549,First Edition
OL21364991M,OL11327666W,A High Price To Pay,,Large Print Edition
OL9668551M,OL11327666W,A High Price To Pay,Harlequin Presents #920,
OL38268326M,OL3457830W,Not Once but Twice,,
OL17215320M,OL5236199W,Temple of Fire,,
OL14977519M,OL4225414W,House of mirrors,,
OL10691317M,OL4225414W,House of Mirrors,,
OL11235181M,OL4225414W,House of Mirrors,,Lrg edition
OL29788367M,OL3775449W,Taggart's Woman,,
OL29264472M,OL3775449W,Taggart's Woman,,
OL10280664M,OL3775449W,Taggart's Woman,,
OL9682571M,OL3775449W,Taggart's Woman / Secret Passion,,
OL9853763M,OL3775449W,Taggart's Woman,,
OL2738323M,OL11327982W,Blackmail,,
OL14977422M,OL11327982W,Blackmail,,
OL9396517M,OL11327982W,Blackmail,,
OL9749069M,OL2959374W,"The Velvet Tiger (Harlequin Presents, No 1496)",,
OL29573546M,OL3467487W,Wife Against Her Will,,
OL25414034M,OL3467487W,Wife Against Her Will,,
OL24975909M,OL2959270W,Pattern of Deceit,,Harlequin romance 1st ed.
OL17390856M,OL2959270W,Pattern of Deceit,,
OL10691736M,OL2959270W,Pattern of Deceit,,
OL24972260M,OL6794523W,Temporary Bride,,Harlequin Presents 1st ed.
OL9752526M,OL6794523W,"Temporary Bride (Harlequin Presents, No 1238)",,
OL10807204M,OL3770492W,Echoes of the Past,,Largeprint edition
OL28973814M,OL5236259W,No Alternative,,
OL21222190M,OL5236259W,No Alternative,,Large Print Edition
OL9603671M,OL5236259W,No Alternative,,Large Print Edition
OL24959039M,OL5236259W,No Alternative,,Harlequin Romance 1st ed.
OL10738115M,OL4342701W,Confirmed Bachelor,,
OL14980278M,OL4342701W,Confirmed bachelor.,,
OL14981361M,OL4342701W,Confirmed Bachelor.,,
OL37815228M,OL20004814W,After we collided,,
OL29427102M,OL20004814W,After We Collided,,
OL29236910M,OL20004814W,After We Collided,,
OL28279108M,OL20004814W,After we collided,,
OL28278745M,OL20004814W,After we collided,,
OL21220748M,OL11277315W,Twist of fate,,
OL9774846M,OL11277315W,Twist of Fate,,Harlequin Presents #358
OL11658583M,OL11277315W,Twist of Fate,,Lrg edition
OL8926729M,OL11277315W,Twist of Fate,,Lrg edition
OL29264357M,OL3759285W,Bought with His Name,,
OL37392594M,OL3457830W,Not Once but Twice,,
OL28950989M,OL3457830W,Not Once but Twice,,
OL10691244M,OL3457830W,Not Once But Twice,,
OL10282771M,OL3457830W,Not Once But Twice (Betty Neels: The Ultimate Collection),,
OL10280402M,OL3457830W,Not Once But Twice (Betty Neels Large Print Collection),,Large Print Ed edition
OL22400323M,OL4225414W,House of mirrors,,Large print ed.
OL29242975M,OL11327982W,Blackmail,,
OL28973754M,OL11327982W,Blackmail,,
OL18427250M,OL11327982W,Blackmail,,
OL24934924M,OL11327982W,Blackmail,,Collector's Edition
OL24937157M,OL8030401W,Intangible Dream,,Harlequin presents 1st ed.
OL10280802M,OL8030401W,Intangible Dream,,
OL10738945M,OL8030401W,Intangible Dream,,
OL17411916M,OL2959374W,The velvet tiger,,
OL18051267M,OL2959374W,The velvet tiger,,
OL9751910M,OL2959374W,"The Velvet Tiger (Harlequin Presents, No 1496)",,
OL44177240M,OL3467487W,Wife Against Her Will,,
OL9744160M,OL3467487W,Wife Against Her Will (Romance Large),,Large Print Ed edition
OL24939124M,OL2959270W,Pattern of deceit,,Harlequin romance 1st ed.
OL22618271M,OL2959270W,Pattern of Deceit,,
OL17433641M,OL6794523W,Temporary Bride,,
OL9749628M,OL6794523W,"Temporary Bride (Harlequin Presents, No 1238)",,
OL22166304M,OL3770492W,Echoes of the past.,,
OL22593817M,OL3770492W,Echoes of the past.,,
OL10738735M,OL3770492W,Echoes of the Past,,
OL14977710M,OL5236259W,No Alternative,,
OL30600896M,OL20004814W,After We Collided,,
OL22619243M,OL11277315W,Twist of fate.,,
OL28973771M,OL3759285W,Bought with His Name,,
OL29127329M,OL3457830W,Not Once but Twice,,
OL26112068M,OL3457830W,"Not Once But Twice
            
                Best of Betty Neels",,
OL24967698M,OL3457830W,Not Once But Twice,,
OL10280582M,OL3457830W,Not Once But Twice,,
OL14977156M,OL3457830W,Not once but twice,,
OL10746962M,OL3457830W,Not Once But Twice,,The Best of Betty Neels
OL10691234M,OL5236199W,Temple of Fire,,1st edition
OL22612896M,OL3775449W,Taggart's woman.,,
OL20130268M,OL11327982W,Blackmail,,
OL10239517M,OL8030401W,Intangible Dream,,Large Prnt Edition
OL17125057M,OL8030401W,Intangible Dream,,
OL9750265M,OL2959374W,The Velvet Tiger,,Lrg edition
OL9749331M,OL2959374W,The Velvet Tiger,,Lrg edition
OL9746549M,OL2959374W,The Velvet Tiger,,
OL43642300M,OL3467487W,Wife Against Her Will,,
OL9676949M,OL3467487W,Wife Against Her Will,,
OL24251009M,OL3467487W,Wife Against Her Will,,
OL7416546M,OL3467487W,Contra Su Voluntad,(Against Her Will) (Harlequin Bianca (Spanish)),
OL1982402M,OL2959270W,Pattern of deceit,,
OL22415407M,OL2959270W,Pattern of Deceit,,Large Print Edition
OL24951976M,OL6794523W,Temporary Bride,,Harlequin Presents 1st ed.
OL9746982M,OL6794523W,"Temporary Bride (Harlequin Presents, No 1238)",,
OL9747240M,OL6794523W,Temporary Bride,,
OL9749920M,OL6794523W,Temporary Bride,,
OL1612903M,OL3770492W,Echoes of the past,,
OL48206819M,OL5236259W,No Alternative,,Large Print Edition
OL9615644M,OL5236259W,No Alternative,,
OL14977254M,OL4342701W,Confirmed bachelor,,
OL29249952M,OL20004814W,After We Collided,,
OL27184908M,OL20004814W,"After We Collided (After Series, Book 2)",,First Gallery Books trade paperback edition.
OL9587185M,OL11277315W,Twist of Fate,,Largeprint edition
OL9566454M,OL3759285W,Bought With His Name,,Large Prnt edition
OL18361887M,OL3759285W,Bought with his name.,,
OL9740569M,OL3759285W,Bought With His Name,,Lrg edition
OL29053848M,OL11327979W,Without Trust,,
OL28973668M,OL11327979W,Without Trust,,
OL14978632M,OL11327979W,Without trust.,,
OL16522168M,OL8315354W,Stormy Surrender,,
OL21220907M,OL3845148W,The other woman,,
OL10280988M,OL2959315W,Breaking Point,,
OL29243038M,OL11327953W,Levelling the Score,,
OL22384649M,OL11327953W,Levelling the score,,
OL1882868M,OL11327953W,Levelling the score,,
OL9507637M,OL11327953W,Levelling the Score,,
OL32132143M,OL3759349W,Past Passion,,Large Print Edition
OL9745567M,OL3759349W,Past Passion,,
OL37388997M,OL7990767W,Reluctant Husband,,
OL29263659M,OL7990767W,The Reluctant Husband,,
OL9747915M,OL7990767W,The Reluctant Husband,,Large Print Edition
OL9750627M,OL7990767W,The Reluctant Husband,,Large Print Edition
OL9745793M,OL7990767W,The Reluctant Husband,,Large Print Edition
OL9739060M,OL7990767W,The Reluctant Husband,,
OL10239188M,OL3845173W,Passport to Happiness,,Large Print Ed edition
OL10691730M,OL3845173W,Passport To Happiness,,
OL21259238M,OL3845173W,Matkalippu onneen.,,
OL21376204M,OL3845173W,Geheimzinnig spel.,,
OL21911056M,OL3845173W,Billett til lykken.,,
OL9747177M,OL3475982W,The Guarded Heart (Harlequin Presents # 623),,
OL9749853M,OL3475982W,The Guarded Heart (Harlequin Presents # 623),,
OL59046646M,OL27310398W,Haunting Adeling,,
OL53340128M,OL27310398W,Haunting Adeline,,
OL50524432M,OL27310398W,Haunting Adeline,Adelines Spuk,
OL46776502M,OL27310398W,Haunting Adeline,,
OL30786654M,OL17719508W,After,,
OL31853818M,OL17719508W,After,,
OL37815226M,OL17719508W,After,,
OL10691226M,OL9367818W,Never Count Tomorrow,,
OL10738185M,OL3467489W,Counterfeit Bride,,
OL14977564M,OL3759285W,Bought with his name,,
OL14982026M,OL11327979W,Without trust,,New ed.
OL10280691M,OL8315354W,Stormy Surrender,,
OL29734595M,OL11327953W,Levelling the Score,,
OL9750450M,OL3759349W,Past Passion,,
OL9747758M,OL3759349W,Past Passion,,
OL9749741M,OL3759349W,Past Passion,,Large Pr edition
OL9737071M,OL3759349W,Past Passion,,
OL38278522M,OL7990767W,Reluctant Husband,,
OL31882114M,OL7990767W,The Reluctant Husband,,Large Print Edition
OL28950684M,OL7990767W,The Reluctant Husband,,
OL24929928M,OL7990767W,The Reluctant Husband,,Large Print Edition
OL21626274M,OL3845173W,Pasaporte a la felicidad.,,
OL28973807M,OL3475982W,The Guarded Heart,,First edition
OL9745124M,OL3475982W,The Guarded Heart,,
OL14977691M,OL3475982W,The Guarded Heart,,
OL60736045M,OL27310398W,the haunting adeline,,
OL46535310M,OL27310398W,Meow,Nunca te dejaré,
OL42788780M,OL27310398W,Haunting Adeline,,
OL37077814M,OL27310398W,Haunting Adeline,,
OL27180374M,OL17719508W,After,,
OL30786655M,OL17719508W,After,,
OL31853390M,OL17719508W,After,,
OL31853389M,OL17719508W,After,,
OL28973600M,OL9367818W,Never Count Tomorrow,,First edition
OL10280580M,OL9367818W,Never Count Tomorrow,,
OL28973611M,OL3467489W,Counterfeit Bride,,
OL14980492M,OL3467489W,Counterfeit Bride,,
OL20121316M,OL3759285W,Bought with his name,,
OL9315113M,OL3759285W,Bought with His Name,,Harlequin Presents #562
OL29242984M,OL11327979W,Without Trust,,
OL9570177M,OL11327979W,Without Trust,,
OL10239227M,OL8315354W,Stormy Surrender,,Large Print Edition
OL10738835M,OL8315354W,Stormy Surrender,,
OL10691179M,OL3845148W,The Other Woman,,
OL10280745M,OL3845148W,The Other Woman,,New Ed edition
OL21084927M,OL3845148W,La otra.,,
OL10738837M,OL2959315W,Breaking Point,,
OL10239724M,OL2959315W,Breaking Point,,Large Print Edition
OL9636898M,OL11327953W,Levelling The Score,,
OL20501301M,OL11327953W,Levelling the score,,Large print ed.
OL29243000M,OL3759349W,Past Passion,,
OL21272914M,OL3759349W,Past Passion,,
OL9749242M,OL3759349W,Past Passion,,Large Pr edition
OL9746686M,OL3759349W,Past Passion,,Large Pr edition
OL28950902M,OL7990767W,The Reluctant Husband,,
OL17491809M,OL3845173W,Passport to Happiness,,
OL20320876M,OL3845173W,Möte med en italienare.,,
OL60825897M,OL27310398W,Haunting Adeline,,
OL57485885M,OL27310398W,Haunting Adeline,,
OL55327356M,OL27310398W,Haunting Adeline ,,
OL55327364M,OL27310398W,Haunting Adeline,,
OL59046647M,OL27310398W,Haunting Adeling,,
OL52256408M,OL27310398W,Haunting Adeline,,
OL48812423M,OL27310398W,Haunting Adeline,,
OL46495064M,OL27310398W,Haunting Adeline,,
OL28125626M,OL17719508W,After,,
OL28125628M,OL17719508W,After,"The After Series, book 1",
OL31853819M,OL17719508W,After,,
OL26320905M,OL17719508W,"After (After Series, Book 1)",,First Gallery books trade paperback edition.
OL44177351M,OL3467489W,Counterfeit Bride,,
OL47042348M,OL3467489W,Counterfeit Bride,,
OL16378884M,OL8315362W,Perilous Refuge,,
OL16521973M,OL8315362W,Perilous Refuge,,
OL9751943M,OL8315362W,Perilous Refuge,,Largeprint edition
OL22305558M,OL11277304W,Out of control.,,Large print ed.
OL10738580M,OL11277304W,Out of Control,,
OL37438695M,OL3458001W,Girl with the Green Eyes,,
OL29592696M,OL3458001W,Girl with Green Eyes,,
OL18138181M,OL3458001W,The girl with green eyes.,,
OL14978700M,OL3458001W,The girl with green eyes,,
OL29763354M,OL11327962W,Reason for Being,A Second Chance Romance,
OL22221985M,OL11327962W,A reason for being,CC.,
OL10239203M,OL11327962W,A Reason for Being,,Large Print Ed edition
OL10280681M,OL11327962W,A Reason For Being,,
OL10738099M,OL16481385W,Second-Best Bride,,
OL29243019M,OL3759318W,Beyond Compare,,
OL9741286M,OL3759318W,Beyond Compare,,
OL9747731M,OL3759318W,"Beyond Compare (Nightingale Series, Harlequin # 1282)",,Largeprint edition
OL38352639M,OL4233121W,Gold Ring of Betrayal,,
OL29802508M,OL4233121W,Gold Ring of Betrayal,,
OL52332504M,OL20090688W,"Rojo, Blanco y Sangre Azul / Red, White and Royal Blue",,
OL51509404M,OL20090688W,,,
OL51152917M,OL20090688W,Royal Blue,,
OL48197722M,OL20090688W,"Red, White and Royal Blue",,
OL36639394M,OL20090688W,"Rojo, blanco y sangre azul",,
OL47317897M,OL20090688W,"Red, White & Royal Blue",,
OL37986306M,OL20090688W,"Red, White and Royal Blue",,
OL36357162M,OL20090688W,"Red, White and Royal Blue",,
OL31895535M,OL20090688W,"Red, White, and Royal Blue",,
OL30767344M,OL20090688W,"Red, White & Royal Blue",,
OL27632309M,OL20090688W,"Red, White & Royal Blue",,1st ed.
OL27270721M,OL20090688W,"Red, White & Royal Blue",A Novel,First edition
OL9418489M,OL3775397W,Uncertain Destiny,,
OL24980949M,OL3775397W,Uncertain Destiny,,
OL11900295M,OL3294436W,Retribution,,Lrg edition
OL11658471M,OL3294436W,Retribution,,
OL21221097M,OL3294436W,Retribution.,,
OL9743312M,OL3294436W,Retribution,,
OL42621549M,OL25515697W,Twisted Games - Special Edition,,
OL35082870M,OL25515697W,Twisted Games,,Special Edition
OL38010864M,OL25515697W,Twisted Games,TikTok Made Me Buy It! Fall into a World of Addictive Romance...,
OL45650119M,OL77775W,CHATEAU DE MES REVES,,
OL52185147M,OL77775W,Blue Castle,,
OL51133569M,OL77775W,Blue Castle,,
OL50453514M,OL77775W,The Blue Castle,,
OL48767515M,OL77775W,Blue Castle,,
OL9746575M,OL8315362W,Perilous Refuge,,Largeprint edition
OL16522155M,OL8315362W,Perilous Refuge,,
OL9737447M,OL8315362W,Perilous Refuge,,
OL22330308M,OL11277304W,Out of control.,,
OL12053339M,OL11277304W,Out of Control,,
OL9636194M,OL3458001W,The Girl with Green Eyes (Betty Neels Large Print Collection),,Large Print Ed edition
OL24208250M,OL3458001W,The Girl with Green Eyes,,Harlequin Romance 1st ed.
OL9743615M,OL3458001W,The Girl With Green Eyes,,Largeprint edition
OL14981600M,OL3759318W,Beyond compare.,,
OL9746097M,OL3759318W,"Beyond Compare (Nightingale Series, Harlequin # 1282)",,Largeprint edition
OL29151880M,OL4233121W,Gold Ring of Betrayal,,
OL9569343M,OL4233121W,Gold Ring of Betrayal,,
OL9742514M,OL4233121W,Gold Ring of Betrayal,,Large Print Edition
OL37811712M,OL20090688W,"Vermelho, Branco e Sangue Azul",,
OL40201479M,OL20090688W,"Red, White and Royal Blue",A Novel,
OL36884024M,OL20090688W,"Red, White and Royal Blue",A Novel,
OL29264477M,OL3775397W,Uncertain Destiny,,
OL18352249M,OL3775397W,Uncertain destiny.,,
OL52946971M,OL25515697W,Twisted Games,,
OL47806732M,OL25515697W,Twisted 2. Twisted Games,,2. Auflage 2023
OL49295009M,OL25515697W,Twisted 2. Twisted Games,,
OL34224724M,OL25515697W,Twisted Games,,
OL51128368M,OL77775W,Blue Castle,,
OL48967223M,OL77775W,Blue Castle,,
OL49132718M,OL77775W,Blue Castle,,
OL49088870M,OL77775W,Blue Castle,,
OL9748768M,OL8315362W,Perilous Refuge,,Largeprint edition
OL29136677M,OL3458001W,Girl with Green Eyes,,
OL9306847M,OL3458001W,The Girl with Green Eyes,,
OL10282198M,OL3458001W,The Girl with Green Eyes,,New edition
OL29242971M,OL11327962W,Reason for Being,,
OL18107578M,OL11327962W,A reason for being,,
OL10738635M,OL11327962W,A Reason for Being,,
OL24947317M,OL11327962W,A Reason for Being,,Harlequin presents 1st ed. June 1989.
OL20501381M,OL3759318W,Beyond compare,,Large print ed.
OL9751253M,OL3759318W,"Beyond Compare (Nightingale Series, Harlequin # 1282)",,Largeprint edition
OL28953437M,OL4233121W,Gold Ring of Betrayal,,
OL57388938M,OL20090688W,"Red, White and Royal blue",,
OL37811705M,OL20090688W,"Vermelho, Branco e Sangue Azul",,
OL51089078M,OL20090688W,"Red, White and Royal Blue",A Novel,Collector's Edition (signed)
OL50539885M,OL20090688W,Royal Blue,,
OL40235172M,OL20090688W,"Red, White and Royal Blue",,
OL47765088M,OL20090688W,"Red, White & Royal Blue",,
OL37329271M,OL20090688W,"Red, White and Royal Blue",,
OL32642974M,OL20090688W,"Red, White & Royal Blue",,
OL24936582M,OL3775397W,Uncertain destiny,,Harlequin Presents 1st ed.
OL21224157M,OL3294436W,Retribution.,,
OL61516905M,OL25515697W,Twisted Games (Collector's Edition),,
OL53379022M,OL25515697W,Twisted Games,,
OL47276158M,OL25515697W,Twisted 2. Twisted Games,,
OL38152029M,OL25515697W,Twisted Games,,
OL38481543M,OL77775W,Blue CastleClassic(Illustarted),,
OL52070693M,OL77775W,Blue Castle,,
OL52176980M,OL77775W,Blue Castle,,
OL49088919M,OL77775W,Blue Castle,,
OL49114124M,OL77775W,Blue Castle,,
OL49118561M,OL77775W,Blue Castle,,
OL48176521M,OL77775W,Blue Castle,,
OL46930495M,OL77775W,The Blue Castle,,
OL46776834M,OL77775W,Blue Castle Novel by Lucy Maud Montgomery,,
OL46650744M,OL77775W,Blue Castle by L. M. Montgomery,,
OL46625241M,OL77775W,Blue Castle,,
OL46703777M,OL77775W,Blue Castle,,
OL46494887M,OL77775W,Blue Castle (Warbler Classics Annotated Edition),,
OL46123118M,OL77775W,Blue Castle,,
OL46158576M,OL77775W,Blue Castle,,
OL8075060M,OL77775W,The Blue Castle,,2nd edition
OL42798320M,OL77775W,Blue Castle,Finest Illustration,
OL42345219M,OL77775W,Blue Castle,Large Print,
OL42466114M,OL77775W,Blue Castle,Large Print,
OL42475222M,OL77775W,Blue Castle,,
OL42094570M,OL77775W,Blue Castle,,
OL41988248M,OL77775W,Blue Castle,Large Print,
OL42131194M,OL77775W,Blue Castle,Pocket Edition - Beyond World's ClassicsLucy Maud Montgomery,
OL41869111M,OL77775W,Blue Castle,,
OL42207204M,OL77775W,Blue Castle,Large Print,
OL42337277M,OL77775W,Blue Castle,,
OL41931022M,OL77775W,Blue Castle,,
OL41021946M,OL77775W,Blue Castle,,
OL41241694M,OL77775W,Blue Castle,Large Print,
OL40888130M,OL77775W,Blue Castle,Large Print,
OL41079796M,OL77775W,Blue Castle,,
OL41149501M,OL77775W,Blue Castle,,
OL41150606M,OL77775W,Blue Castle,Large Print,
OL41197260M,OL77775W,Blue Castle,Large Print,
OL41215909M,OL77775W,Blue Castle,,
OL40878358M,OL77775W,Blue Castle,,
OL40883989M,OL77775W,Blue Castle,Larg Print,
OL40658878M,OL77775W,Blue Castle,,
OL40553870M,OL77775W,Blue Castle,,
OL40155009M,OL77775W,Blue Castle,,
OL49148166M,OL77775W,Blue Castle,,
OL49179177M,OL77775W,Blue Castle,,
OL48432425M,OL77775W,Blue Castle,,
OL51627348M,OL77775W,Blue Castle,The Original Manuscript,
OL48328499M,OL77775W,Blue Castle,,
OL48386433M,OL77775W,Blue Castle,,
OL48397648M,OL77775W,Blue Castle,,
OL48282353M,OL77775W,Blue Castle,Large Print,
OL48326431M,OL77775W,Blue Castle,,
OL46730496M,OL77775W,Blue Castle,Finest Annotation,
OL46673214M,OL77775W,Blue Castle,,
OL47269657M,OL77775W,The Blue Castle,,
OL46401036M,OL77775W,Blue Castle (Warbler Classics Annotated Edition),,
OL46514802M,OL77775W,Blue Castle,,
OL46675618M,OL77775W,Blue Castle,,
OL44289585M,OL77775W,Blue Castle,Lucy Maud Montgomery,
OL43025732M,OL77775W,The Blue Castle,,
OL42618077M,OL77775W,Blue Castle Amazing Classical,Romance,
OL42341405M,OL77775W,Blue Castle,,
OL41904646M,OL77775W,Blue Castle,Large Print,
OL42180447M,OL77775W,Blue Castle,Large Print,
OL42209548M,OL77775W,Blue Castle,,
OL41771554M,OL77775W,Blue Castle,,
OL41842916M,OL77775W,Blue Castle,Large Print,
OL41036726M,OL77775W,Blue Castle,,
OL41187607M,OL77775W,Blue Castle,,
OL41195720M,OL77775W,Blue Castle,,
OL41210794M,OL77775W,Blue Castle,,
OL41241089M,OL77775W,The Blue Castle,,
OL41296251M,OL77775W,Blue Castle,,
OL41320228M,OL77775W,Blue Castle,Large Print,
OL41037507M,OL77775W,Blue Castle,,
OL41135368M,OL77775W,Blue Castle,Large Print,
OL41151918M,OL77775W,Blue Castle,Large Print,
OL40798457M,OL77775W,Blue Castle,,
OL40934960M,OL77775W,Blue Castle,,
OL40666130M,OL77775W,Blue Castle,,
OL40554042M,OL77775W,Blue Castle,,
OL49177628M,OL77775W,Blue Castle,,
OL48591623M,OL77775W,The Blue Castle,,
OL48528323M,OL77775W,Blue Castle,,
OL48387758M,OL77775W,Blue Castle,,
OL48282387M,OL77775W,Blue Castle,,
OL48295143M,OL77775W,The Blue Castle,,
OL48337086M,OL77775W,The Blue Castle,,
OL46474612M,OL77775W,Blue Castle : a Novel,Elegance Premium Edition,
OL46289146M,OL77775W,Blue Castle,Finest Annotation,
OL43376919M,OL77775W,The Blue Castle,,
OL42267740M,OL77775W,Blue Castle,,
OL42201236M,OL77775W,Blue Castle,,
OL42229628M,OL77775W,Blue Castle,,
OL41570716M,OL77775W,Blue Castle,,
OL41603034M,OL77775W,Blue Castle,Large Print,
OL40960708M,OL77775W,Blue Castle,,
OL41037856M,OL77775W,Blue Castle,Large Print,
OL41083306M,OL77775W,Blue Castle,,
OL41165264M,OL77775W,Blue Castle,,
OL41241084M,OL77775W,The Blue Castle,,
OL40874175M,OL77775W,Blue Castle,,
OL40877725M,OL77775W,Blue Castle,,
OL40717023M,OL77775W,Blue Castle : (Humour and Romance),,
OL40604783M,OL77775W,Blue Castle,,
OL40607906M,OL77775W,Blue Castle,,
OL40130462M,OL77775W,Blue Castle,A Novel,
OL40471869M,OL77775W,Blue Castle,,
OL40478226M,OL77775W,Blue Castle,,
OL39675563M,OL77775W,Blue Castle,,
OL38553648M,OL77775W,Blue Castle Annotated,,
OL38537632M,OL77775W,Blue Castle Annotated,,
OL38529941M,OL77775W,Blue Castle Annotated,,
OL38523570M,OL77775W,Blue Castle Annotated,,
OL38506400M,OL77775W,Blue Castle Annotated,,
OL38503176M,OL77775W,Blue Castle Annotated,,
OL38498652M,OL77775W,Blue Castle,Large Print,
OL38530504M,OL77775W,Blue Castle,Classic Edition,
OL38530998M,OL77775W,Blue Castle,Classic Edition,
OL39176886M,OL77775W,Blue Castle,,
OL38467859M,OL77775W,Blue Castle-(Annotated),,
OL38435685M,OL77775W,Blue Castle,,
OL38414633M,OL77775W,Blue Castle,Classic Edition,
OL38421174M,OL77775W,Blue Castle,Classic Edition,
OL38189675M,OL77775W,Blue Castle (Annotated),,
OL38170264M,OL77775W,Blue Castle,,
OL38108712M,OL77775W,Blue Castle Annotated,,
OL37729084M,OL77775W,Blue Castle,,
OL37710476M,OL77775W,Blue Castle Illustrated,,
OL37630060M,OL77775W,Blue Castle,,
OL37727167M,OL77775W,Blue Castle,,
OL36980071M,OL77775W,Blue Castle Annotated Norton Critical Edition,,
OL36979981M,OL77775W,Blue Castle Annotated,,
OL37004211M,OL77775W,Blue Castle Annotated,,
OL36912483M,OL77775W,Blue Castle,,
OL36901439M,OL77775W,Blue Castle (Annotated),,
OL36888633M,OL77775W,Blue Castle Annotated,,
OL36897594M,OL77775W,Blue Castle Annotated,,
OL36856307M,OL77775W,Blue Castle,Classic Edition,
OL36853095M,OL77775W,Blue Castle (Annotated),,
OL8547796M,OL77775W,The Blue Castle,,
OL7824443M,OL77775W,The Blue Castle (L.M. Montgomery Books),,
OL37723059M,OL77775W,Blue Castle Annotated,,
OL37608040M,OL77775W,Blue Castle Annotated,,
OL37523741M,OL77775W,Blue Castle,Large Print,
OL37528616M,OL77775W,Blue Castle Annotated,,
OL36486652M,OL77775W,Blue Castle,SeaWolf Press Classic,
OL39783219M,OL77775W,Blue Castle: (Finest Annotation Book),,
OL38545000M,OL77775W,Blue Castle Annotated,,
OL38548543M,OL77775W,Blue Castle,Classic Edition,
OL38550552M,OL77775W,Blue Castle,,
OL38474713M,OL77775W,Blue Castle Annotated,,
OL38493906M,OL77775W,Blue Castle L. M. Montgomery(illustrated Edition),,
OL38501619M,OL77775W,Blue Castle L. M. Montgomery(illustrated Edition),,
OL38438132M,OL77775W,Blue Castle Annotated,,
OL38415839M,OL77775W,Blue Castle,Classic Edition,
OL38106735M,OL77775W,Blue Castle Annotated,,
OL37702994M,OL77775W,Blue Castle L. M. Montgomery(illustrated Edition),,
OL38198710M,OL77775W,Blue Castle L. M. Montgomery(illustrated Edition),,
OL37516823M,OL77775W,Blue Castle by L. M. Montgomery,,
OL37485229M,OL77775W,Blue Castle,Large Print,
OL36987497M,OL77775W,Blue Castle,Classic Edition,
OL36993945M,OL77775W,Blue Castle,Classic Edition(Annotated,
OL36503508M,OL77775W,Blue Castle,,
OL35717544M,OL77775W,Le château de mes rêves,,
OL27688125M,OL77775W,The Blue Castle,,
OL52248106M,OL77775W,The blue castle,,
OL37656292M,OL77775W,Blue Castle Annotated,,
OL37663250M,OL77775W,Blue Castle Annotated,,
OL37668867M,OL77775W,Blue Castle Annotated,,
OL37591864M,OL77775W,Blue Castle Annotated,,
OL37548645M,OL77775W,Blue Castle Amazing Classical  Edison,Romance,
OL37518255M,OL77775W,Blue Castle,Classic Edition,
OL37522875M,OL77775W,Blue Castle,Classic Edition,
OL37523668M,OL77775W,Blue Castle,,
OL37516984M,OL77775W,Blue Castle Annotated,,
OL36987236M,OL77775W,Blue Castle L. M. Montgomery(illustrated Edition),,
OL38559029M,OL77775W,Blue Castle(annotated),,
OL38527987M,OL77775W,Blue Castle,,
OL38512856M,OL77775W,Blue Castle,Classic,
OL38518967M,OL77775W,Blue Castle,From the Canadian Authoress of Green Gables Fame,
OL38479757M,OL77775W,Blue Castle Annotated,,
OL38486949M,OL77775W,Blue Castle Annotated,,
OL38492609M,OL77775W,Blue Castle Annotated,,
OL38462604M,OL77775W,Blue Castle Annotated,,
OL38462304M,OL77775W,Blue Castle L. M. Montgomery(illustrated Edition),,
OL38467768M,OL77775W,Blue Castle L. M. Montgomery(illustrated Edition),,
OL38503532M,OL77775W,Blue Castle L. M. Montgomery(illustrated Edition),,
OL38548514M,OL77775W,Blue Castle L. M. Montgomery(illustrated Edition),,
OL38443781M,OL77775W,Blue Castle Annotated,,
OL38444353M,OL77775W,Blue Castle Annotated,,
OL38165273M,OL77775W,Blue Castle,,
OL38143518M,OL77775W,Blue Castle Annotated,,
OL38133361M,OL77775W,Blue Castle,,
OL37749967M,OL77775W,The blue castle,,Seal ed.
OL37729451M,OL77775W,Blue Castle,,
OL37008904M,OL77775W,Blue Castle,Classic Edition,
OL37002149M,OL77775W,Blue Castle:(illustrated Edition),,
OL36965726M,OL77775W,Blue Castle,,
OL35330489M,OL77775W,The Blue Castle,,
OL29072077M,OL77775W,The Blue Castle,,
OL27160911M,OL77775W,The Blue Castle,,
OL22921691M,OL77775W,Lan se cheng bao,,Chu ban
OL37695223M,OL77775W,Blue Castle,Classic Edition,
OL37528995M,OL77775W,Blue Castle (Annotated),,
OL37524351M,OL77775W,Blue Castle Annotated,,
OL36964460M,OL77775W,Blue Castle Illustrated,,
OL36486651M,OL77775W,Blue Castle,SeaWolf Press Classic,
