edition_key,description,notes,first_sentence
OL38344800M,"Dominic Stanton...
Quatre ans après leur rupture, la seule mention de ce nom suffit encore à faire battre le coeur de Madeline à coups redoublés. Pourtant, au cours de ces quatres années, elle a tout fait pour oublier ses brèves fiançailles avec l'irrésistible héros de son adolescence : elle est allée jusqu'à quitter le pays et couper les ponts avec tous ses amis dans l'espoir de guérir son terrible chagrin d'amour.
y est-elle parvenue ? elle ne va pas tarder à le découvrir : en effet, elle vient de recevoir une lettre de sa soeur la suppliant de venir en Angleterre pour assiter à son mariage. Nul doute qu'elle sera alors amenée à revoir Dominic...
L'heure de vérité à sonné !",,
OL32301034M,,Source title: Twisted Love: A Brother's Best Friend Romance,
OL28002476M,,Source title: De wrede prins: Deel 1 van de Elfhame-serie,
OL28478001M,,Source title: The Cruel Prince: 1 (The Folk of the Air),
OL26435884M,"Jude, seventeen and mortal, gets tangled in palace intrigues while trying to win a place in the treacherous High Court of Faerie, where she and her sisters have lived for a decade.",,
OL40729418M,"Lily Bloom continua administrando uma floricultura. Seu ex-marido abusivo, Ryle Kincaid, ainda é um cirurgião. Mas agora os dois estão oficialmente divorciados e dividem a guarda da filha, Emerson.

Quando Lily esbarra em Atlas ― com quem não fala há quase dois anos ―, parece que finalmente chegou o momento de retomar o relacionamento da adolescência, já que ele também está solteiro e parece retribuir os sentimentos de Lily. Mas apesar de divorciada, Lily não está exatamente livre de Ryle. Culpando Atlas pelo fim de seu casamento, Ryle não está nada disposto a aceitar o novo relacionamento de Lily, ainda mais com Atlas, o último homem que aceitaria ver perto de sua filha e da ex-esposa.

Alternando entre os pontos de vista de Atlas e Lily, É assim que começa retoma logo após o epílogo de É assim que acaba. Revelando mais sobre o passado de Atlas e acompanhando a jornada de Lily para abraçar a sua segunda chance, no amor enquanto lida com um ex-marido ciumento, É assim que começa prova que ninguém entrega uma leitura mais emocionante do que Colleen Hoover.",,
OL41889877M,,"It is a sequel to collen hoover's best selling book ""it ends with us""",
OL47391456M,,Source title: Hopeless (edición limitada a precio especial): Tocando el cielo,
OL26940602M,"Jude was seven years old when her parents were murdered and she and her two sisters were stolen away to live in the treacherous High Court of Faerie. Ten years later, Jude wants nothing more than to belong there, despite her mortality. But many of the fey despise humans. Especially Prince Cardan, the youngest and wickedest son of the High King. To win a place at the Court, she must defy him, and face the consequences.","Title from web page.

Compact discs.

Read by Caitlin Kelly.",
OL46526687M,"Lily, depuis que sa fille Emerson est née, lui a promis que le cycle de la violence s'arrêterait avec elles. Que jamais plus, les femmes de leur famille n'endureraient des abus. Alors elle a pris la décision de quitter son mari et père de sa petite fille. Elle ne s'attendait pas à croiser Atlas, son amour d'adolescente par hasard, et elle ne sait pas quelle place il pourrait occuper dans sa vie. A-t-elle seulement envie de le revoir ? D'avoir à nouveau une vie sentimentale ? De recommencer sa vie et de croire à l'amour éternel, elle qui a appris de la plus dure des façons qu'il était bien difficile à trouver. Atlas n'est plus du tout le même que l'adolescent en perdition qu'elle a connu. Il a un restaurant, a passé de longues années loin d'elle. Leur histoire peut-elle recommencer là où elle s'était arrêtée ?",,
OL40005138M,,,The way ass whole is misspelled in red spray paint across the back door of Bib's makes me think of my mother.
OL59829704M,,Source title: Twisted Love: English Edition by LYX,
OL59067928M,"Il a un cœur de glace… mais pour elle, il brûlerait le monde. Alex Volkov est un diable doté d’un visage d’ange. Poussé par une tragédie qui l’a hanté pendant la majeure partie de sa vie, sa quête impitoyable de succès et de vengeance laisse peu de place aux affaires de cœur.

Mais quand il est contraint de s’occuper de la sœur de son meilleur ami, il commence à sentir quelque chose dans sa poitrine :

Une fissure.

Une fissure. Un feu.

Un feu qui pourrait mettre fin au monde dans lequel il a toujours évolué.

 

Ava Chen est un esprit libre piégé par les cauchemars d’une enfance dont elle ne se souvient pas. Mais malgré son passé brisé, elle n’a jamais cessé de voir la beauté dans le monde… y compris le cœur sous le visage froid d’un homme qu’elle ne devrait pas désirer :

Le meilleur ami de son frère.

Son voisin.

Son sauveur et sa perte.

Quand leur histoire commence à prendre forme, elle révèle des secrets qui pourraient les détruire tous les deux… et tout ce qui leur est cher.",,
OL32234215M,,"Source title: The Cruel Prince (The Folk of the Air, 1)",
OL28153628M,,Source title: The Cruel Prince (The Folk of the Air (1)),
OL40208522M,,Source title: Volver a empezar (It Starts with Us),
OL37050436M,"Before It Ends with Us, it started with Atlas. Colleen Hoover tells fan favorite Atlas’s side of the story and shares what comes next in this long-anticipated sequel to the “glorious and touching” (USA TODAY) #1 New York Times bestseller It Ends with Us

Switching between the perspectives of Lily and Atlas, It Starts with Us picks up right where the epilogue for the “gripping, pulse-pounding” (Sarah Pekkanen, author of Perfect Neighbors) bestselling phenomenon It Ends with Us left off. Revealing more about Atlas’s past and following Lily as she embraces a second chance at true love while navigating a jealous ex-husband, it proves that “no one delivers an emotional read like Colleen Hoover” (Anna Todd, New York Times bestselling author).",,
OL47391457M,,Source title: Hopeless (edición limitada a precio especial): Tocando el cielo,
OL32734086M,,Source title: The Blue Castle (Japanese Edition),
OL19746209M,,1,
OL15388701M,,King Collection copy with author's autographed note pasted on front endpaper,
OL19889860M,,Series from dust jacket.,
OL22098412M,,6,
OL28363959M,,Source title: The Marriage Possession (Romance Large),
OL47620785M,"Since the day Serenity got hitched to a stranger on their blind date, she had assumed married life would be ordinary but respectful and mundane. It never crossed her mind that her new husband would be clingy like a piece of gum stuck to the bottom of a shoe. To her utmost surprise, he could make her troubles disappear whenever she was in a fix. Despite her questioning, her husband would always pass it off as luck. Until one day, she watched an interview with a local billionaire known for fussing over his wife. That was when she noticed the uncanny resemblance of the billionaire to her husband. The wife whom he was showering attention on turned out to be her!",,
OL23247589M,,"""A Bantam Starfire book.""

RL 7, IL age 12 and up.",
OL10738160M,,Harlequin Presents,
OL14979995M,,Originally published: 1975.,
OL61188557M,"Felicia sabia que haveria obstáculos a superar quando concordou em ir sozinha ao Kuwait visitar os parentes de seu noivo, Faisal. Ela era uma garota inglesa comum, enquanto ele era um árabe de uma família imensamente rica. Mas havia um problema em particular para o qual Felicia não estava preparada: o tio de Faisal, o sheik Raschid Al Hamid al Sabah. Não era apenas a errônea convicção de Raschid de que ela era uma inescrupulosa caçadora de fortunas que a alarmava. Era também a lenta e relutante percepção de que podia ter se comprometido com o homem errado...",,
OL9752646M,"Could East and west love side by side?

They were in love--why shouldn't they be married? But both Felicia and Faisal knew there would be problems. Ordinary English girls just didn't marry wealthy Arabs.

On a cloud of love and optimism, Felicia flew to Kuwait to meet Faisal's family, to gain their trust, love and approval....

But Faisal's dictatorial uncle, Raschid, had no intention of allowing Felicia to marry his nephew, and his methods of driving her away were dishonorable and grossly unfair. Though Felicia resented his prejudiced attitude, she had to admit the man himself fascinated her.

Hero: Faisal al Hamid al Sabah
Heroine: Felicia Gordon",,
OL60303596M,"תקציר:
לואן אשלי היא סופרת בתחילת דרכה על סף קריסה כלכלית. יום אחד פונה אליה ג´רמי קרופורד, שאשתו וריטי - סופרת פופולרית – מרותקת למיטה, ומציע לה להשלים את כתיבתה של סדרת ספרים רבת-מכר בשם אשתו. ללואן אין ברירה אלא להסכים. היא מגיעה לבית משפחת קרופורד בכוונה להישאר שם לילה אחד או שניים – די זמן למיין את אי־הסדר בחדר העבודה של וריטי ולאסוף את כל החומר הדרוש לה לכתיבת הספר הבא בסדרה. אלא שהימים חולפים בחברתו של ג´רמי, והיא פחות ממהרת לעזוב. במהלך שהותה שם לואן מגלה כתב יד חבוי, אוטוביוגרפיה המכילה הודאות מצמררות שווריטי תיכננה לקחת איתה לקברה, ובהן גם האמת מאחורי האירועים שהפכו על פיהם את חייהם של בני הזוג. אמת שאם תתגלה לג´רמי, תמוטט עוד יותר את האב המתאבל. לואן מחליטה לשמור בסוד את קיומו של כתב היד ולהניח לג´רמי להמשיך להאמין שווריטי היא רק קורבן תמים ביש מזל של הנסיבות. אבל ככל שרגשותיה לאב ולבעל המסור מעמיקים, היא מתחילה לתהות אם זה נבון מבחינתה להמשיך לשמור את הסוד הזה. אחרי הכול, אם ג´רמי יקרא את האוטוביוגרפיה של אשתו, הוא לא יוכל להמשיך לאהוב אותה. -- מאתר צומת ספרים",,
OL48120574M,"Adictiva, impredecible y altamente perturbadora. Suspense de alto voltaje. Colleen Hoover. Un fenómeno imparable. Por la autora de Romper el círculo.

Lowen Ashleigh recibe un encargo que le cambiará la vida: Jeremy, el flamante marido de Verity Crawford, una de las autoras más importantes del momento, la contrata para terminar la serie de libros en la que trabajaba su mujer antes de sufrir un grave accidente que la ha dejado en coma. Cuando Lowen se instala en la mansión del matrimonio para poder trabajar con los materiales de Verity, descubre una autobiografía escondida en la que Verity hace confesiones escalofriantes. Lowen decide ocultarle el manuscrito a Jeremy, pero a medida que sus sentimientos por él co­mienzan a intensificarse, se da cuenta que ella podría beneficiarse si Jeremy leyera las palabras de su mujer.",,
OL57485262M,"Lowen Ashleigh is a struggling writer on the brink of financial ruin when she accepts the job offer of a lifetime. Jeremy Crawford, husband of bestselling author Verity Crawford, has hired Lowen to complete the remaining books in a successful series his injured wife is unable to finish.",,
OL27587656M,"Verity Crawford, sławna autorka thrillerów, zostaje sparaliżowana wskutek tragicznego wypadku. Jej mąż zatrudnia pisarkę Lowen Ashleigh, by dokończyła bestsellerową serię książek chorej żony.

Podczas przygotowań do pracy w posiadłości Crawfordów Lowen w stosie notatek znajduje niepublikowany dotąd materiał. Tekst, który miał na zawsze pozostać tajemnicą, okazuje się wstrząsającą spowiedzią Verity.

Odkrywając sekrety autorki, Lowen coraz bardziej pogrąża się w mroku i niebezpiecznie zbliża się do jej męża Jeremy’ego. Aż w pewnym momencie staje się częścią życia Crowfordów, jeszcze bardziej niepokojącego niż thrillery Verity...

Szokująca opowieść o małżeństwie, obsesji i manipulacji.",,
OL31986851M,,,"The rolling tide of summer grass had engulfed the small meadow in a sweet smelling flood of lambs’ tails, coltsfoot, feverfew, the drifting pollen from them like pale yellow dust on Linden’s bare arms as she lay full length among them."
OL17507026M,,"Originally published, 1986.",
OL21366179M,,"Originally published, London , Mills & Boon, 1981.",
OL22321605M,,Large print ed.,
OL39801379M,"Die Jungautorin Lowen Ashleigh bekommt ein Angebot, das sie unmöglich ablehnen kann: Sie soll die gefeierten Psychothriller von Starautorin Verity Crawford zu Ende schreiben. Diese ist seit einem Autounfall, der unmittelbar auf denTod ihrer beiden Töchter folgte, nicht mehr ansprechbar und ein dauerhafter Pflegefall.

Lowen akzeptiert – auch, weil sie sich zu Veritys Ehemann Jeremy hingezogen fühlt. Während ihrer Recherchen im Haus der Crawfords findet sie Veritys Tagebuch und darin offenbart sich Lowen Schreckliches ...",,
OL39220275M,"Lowen Asleigh, yaşadığı finansal krizin ardından evini kaybetmek üzere olan bir yazardır. Büyük bir umutsuzluk içinde olduğu sırada beklenmedik bir teklif alır. Geçirdiği kaza sebebiyle kitap yazamayacak durumdaki ünlü yazar Verity Crawford'ın çoksatan serisini tamamlayacak ve karşılığında Verity'nin eşi Jeremy'den hayatını tamamen değiştirecek yüklü miktarda bir ödeme alacaktır.

Lowen kendini kısa süre içinde Verity'nin gözlerden uzak evinde bulur. Göl kıyısındaki bu muhteşem malikanede onun seriye dair tuttuğu notlarını okuyacak ve serinin devamını yazacaktır. Ne var ki Lowen bilinci yerinde olmayan Verity'nin notları arasında onun acımasız bir dürüstlükle yazdığı otobiyografisini de bulur. Gerilim türünde bir başyapıt sayılabilecek bu otobiyografide iki kızını da kaybeden Verity kızlarının gerçekte nasıl öldüğünü anlatmıştır. Lowen okudukça dehşete kapıldığı bu taslağı, Verity'nin her şeyden habersiz eşine göstermekle yok etmek arasında bir seçim yapmak zorundadır.

Colleen Hoover içgüdülerimize, bilinçaltımıza ve gerçeğe meydan okuyor.",Source title: Verity: Gercegin Diger Kiyisi,
OL38406842M,"Un autor, que escribe sobre un autor que lee sobre otro autor, la sensación constante de que alguien te está mintiendo, pero ¿quién es?.
Lowen Ashleigh, autora al borde de la bancarrota, recibe un encargo que le cambiará la vida: Jeremy, el flamante marido de Verity Crawford, una de las autoras más importantes del momento, la contrata para terminar la serie de libros en la que trabajaba su mujer antes de sufrir un grave accidente que la ha dejado en coma. Lowen se instala en la mansión del matrimonio para poder trabajar en las notas en las que trabajaba Verity, con la esperanza de encontrar material suficiente para empezar con su encargo, pero lo que no esperaba descubrir en la caótica oficina es una autobiografía de la propia Verity, escondida para que nunca salga a la luz. Un autor, que escribe sobre un autor que lee sobre otro autor, la sensación constante de que alguien te está mintiendo, pero ¿quién es?.",,
OL28288027M,,Source title: Verity. La sombra de un engaño (Planeta Internacional) (Spanish Edition),
OL31986854M,,,"The rolling tide of summer grass had engulfed the small meadow in a sweet smelling flood of lambs’ tails, coltsfoot, feverfew, the drifting pollen from them like pale yellow dust on Linden’s bare arms as she lay full length among them."
OL24382038M,,,"The rolling tide of summer grass had engulfed the small meadow in a sweet smelling flood of lambs’ tails, coltsfoot, feverfew, the drifting pollen from them like pale yellow dust on Linden’s bare arms as she lay full length among them."
OL10239116M,,Large Print Harlequin,
OL10807085M,,Limited Edition,
OL2726049M,,"""Atlantic romance""--Cover.",
OL47314659M,,Source title: Verity (Chinese Edition),
OL21220705M,,,"The rolling tide of summer grass had engulfed the small meadow in a sweet smelling flood of lambs' tails, coltsfoot, feverfew, the drifting pollen from them like pale yellow dust on Linden's bare arms as she lay full length among them."
OL27350901M,"Ostracized or incarcerated her whole life, seventeen-year-old Juliette is freed on the condition that she use her horrific abilities in support of The Reestablishment, a postapocalyptic dictatorship, but Adam, the only person ever to show her affection, offers hope of a better future.",,
OL28286358M,,Source title: Shatter Me (Turtleback School & Library Binding Edition),
OL61638992M,"**Ella es lo que él ha pasado toda su vida cazando.**

**Él es todo lo que ella ha pasado la vida fingiendo ser.**

Solo lo extraordinario pertenece al reino de Ilya: los excepcionales, los poderosos, los élites.

Aquellos que nacieron vulgares son solo eso: vulgares. Y cuando el rey decreta que todos los vulgares serán eliminados para preservar su sociedad de élite, carecer de poder se vuelve un crimen, convirtiendo a Paedyn Gray en una criminal por destino y en una ladrona por necesidad. Se hace pasar por psíquica en la ciudad real, pasando desapercibida para seguir viva y fuera de peligro.

Cuando Paedyn inesperadamente salva a uno de los príncipes de Ilya, se ve arrojada a las Pruebas de la Purga. La brutal competición existe para exhibir los poderes de los élites, algo de lo que Paedyn carece. Si la Purga y sus rivales no la matan, lo hará el príncipe cuando descubra lo que ella es en realidad...",,
OL32216971M,,"Source title: Shatter Me: The Shatter Me Series, book 1 (Shatter Me Series, 1)",
OL27781701M,,"Source title: Shatter Me: The Shatter Me Series, book 1 (Shatter Me Series, 1)",
OL49297283M,"Only the extraordinary belong in the kingdom of Ilya—the exceptional, the empowered, the Elites.

The powers these Elites have possessed for decades were graciously gifted to them by the Plague, though not all were fortunate enough to both survive the sickness and reap the reward. Those born Ordinary are just that—ordinary. And when the king decreed that all Ordinaries be banished in order to preserve his Elite society, lacking an ability suddenly became a crime—making Paedyn Gray a felon by fate and a thief by necessity.

Surviving in the slums as an Ordinary is no simple task, and Paedyn knows this better than most. Having been trained by her father to be overly observant since she was a child, Paedyn poses as a Psychic in the crowded city, blending in with the Elites as best she can in order to stay alive and out of trouble. Easier said than done.

When Paeydn unsuspectingly saves one of Ilyas princes, she finds herself thrown into the Purging Trials. The brutal competition exists to showcase the Elites’ powers—the very thing Paedyn lacks. If the Trials and the opponents within them don’t kill her, the prince she’s fighting feelings for certainly will if he discovers what she is—completely Ordinary.",,
OL17476629M,,,"Leonie looked up as her friend and associate came excitedly into the room, waving a letter about under her nose."
OL20121410M,,,"Leonie looked up as her friend and associate came excitedly into the room, waving a letter about under her nose."
OL61366359M,"Ik ben een monster - Ik heb een gave

'Je kunt me niet aanraken,'
fluister ik.
Ik lieg,
hij kan me aanraken,
maar dat zal ik nooit vertellen.
Raak me alsjeblieft aan,
is wat ik wil zeggen.
Er gebeuren dingen als mensen me aanraken.
Vreemde dingen.
Slechte dingen.
Dode dingen.

Niemand weet waarom de aanraking van Juliette dodelijk is, maar Het Herstel heeft grootse plannen met haar. Ze willen haar gebruiken als wapen in hun strijd voor een alleenheerschappij.
Maar Juliette heeft haar eigen plannen.
Ze vindt voor het eerst in haar leven de kracht om terug te vechten, en om aan een toekomst te denken met de jongen van wie ze dacht dat ze hem voor altijd kwijt was.",,
OL42512520M,,Source title: Shatter Me: Shatter Me series 1,
OL24917781M,"Ostracized or incarcerated her whole life, seventeen-year-old Juliette is freed on the condition that she use her horrific abilities in support of The Reestablishment, a post-apocalyptic dictatorship, but Adam, the only person ever to show her affection, offers hope of a better future.",,
OL59414384M,,Source title: Powerless: Édition reliée,
OL10738150M,,,"LEONIE looked up as her friend and associate came excitedly into the room, waving a letter about under her nose."
OL35651243M,"Lise son sınıf öğrencisi olan Sky çapkınlığı kendi şanıyla yarışan Dean Holderla tanışır. İlk karşılaştıkları andan itibaren Holder onu hem korkutur hem de cezbeder. Ona dair bir şeyler, Skyın derinlere gömmek için çok uğraştığı sıkıntılı geçmişine ait anılarını ateşler. Sky ondan uzak durmaya kararlı olsa da Holderın kararlı tutumu ve esrarengiz gülümsemesi savunmasını yerle bir edip aralarındaki bağın güçlenmesini sağlar. Ama gizemli Holderın sakladığı sırlar vardır, bu sırlar ortaya çıkar çıkmaz Sky sonsuza kadar değişir ve güven duygusu gerçekler karşısında yenilgiye uğrar.

Sky ve Holder ancak çıplak gerçeklerle cesurca yüzleşerek yaralarını iyileştirebilecek ve sınır tanımadan yaşayıp birbirlerini sevebileceklerdir.

Umutsuz nefesinizi kesecek, merakınızı uyandıracak size ilk aşkınızı hatırlatacak bir roman.",,
OL32419698M,"Sky, 17 ans, vit avec sa mère adoptive Karen. Elle débute sa dernière année de lycée dans un nouvel établissement où elle ne connaît quasiment personne. Peu importe, de toute façon, Sky ne ressent aucune émotion depuis son enfance. Alors, quand elle croise Holder, elle est surprise de l'effet qu'il produit sur elle. D'autant que ce garçon croit la connaître, alors qu'elle n'a aucun souvenir de lui...",Traduction de : Hopeless.,
OL31129806M,"Sky, a senior in high school, meets Dean Holder, a guy with a promiscuous reputation that rivals her own. From their very first encounter, he terrifies and captivates her. Something about him sparks memories of her deeply troubled past, a time she's tried so hard to bury. Though Sky is determined to stay far away from him, his unwavering pursuit and enigmatic smile break down her defenses and the intensity of the bond between them grows. But the mysterious Holder has been keeping secrets of his own, and once they are revealed, Sky is changed forever and her ability to trust may be a casualty of the truth.--From back cover.",,
OL20947352M,,"Originally published: New York : Harcourt Brace Jovanovich, 1973.

870  Lexile.

Accelerated Reader AR UG 5.8 14.0 60420.",
OL17892075M,"A tale of true love and high adventure, pirates, princesses, giants, miracles, fencing, and a frightening assortment of wild beasts.",Includes reader's guide.,
OL52236850M,"Unidos por la sangre.

Tentados por el deseo.

Liberados por el destino.

Bryce Quinlan tenía la vida perfecta, trabajando cada día y saliendo cada noche, hasta que un demonio asesinó a sus amigos y la dejó vacía, herida y sola. Cuando el acusado está entre rejas, pero los crímenes continúan, Bryce hará lo que sea para vengar sus muertes.

Hunt Athalar es un ángel caído, esclavo de los arcángeles a los que una vez intentó destronar. Sus brutales habilidades sirven ahora para un solo propósito: acabar con los enemigos de su dueño. Pero entonces Bryce le ofrece un trato irresistible: si la ayuda a encontrar al demonio asesino, su libertad estará al alcance de su mano.

Mientras Bryce y Hunt investigan en las entrañas de Ciudad Medialuna, descubrendos cosas: un poder oscuro que amenaza todo lo que desean proteger y una atracción feroz que podría liberarlos a ambos.

Con personajes inolvidables, un romance apasionado y una trama llena de suspense, esta novela de la autora bestseller Sarah J. Maas te sumergirá en una historia sobre el dolor de la pérdida, el precio de la libertad y el poder del amor.","Edición tapa dura que incluye contenido extra, cantos pintados, mapa y firma digital de la autora.",
OL35361326M,"Sevgiyle, her şey mümkündür.

Kanla bağlandı.
Arzuyla baştan çıkarıldı.
Kaderle serbest bırakıldı.

Bryce’ın yaşamı kusursuzdu, bütün gün çalışır, gece de partilerdi, ta ki bir iblis en yakın arkadaşını öldürene kadar. Suçlu parmaklıklar ardında olmasına rağmen cinayetler devam edince Bryce kendini büyük bir soruşturmanın merkezinde buldu.

Hunt ise düşmüş bir melekti. Bir zamanlar devirmeye çalıştığı Başmelekler tarafından köleleştirildi. Artık acımasız becerilerini tek bir amaç için kullanıyordu, patronunun düşmanlarına suikast yapmak… Ancak bir gün, Bryce’ın davasını çözerse özgürlüğüne bir adım atabileceğini fark etti.

Bryce ve Hunt, Hilal Şehir’in derinliklerine inerken, her şeyi tehdit eden karanlık gücü ve alev alev yanan tutkuyu keşfederler.",,
OL30342532M,"Con personajes inolvidables, un romance apasionante y un suspenso adictivo, esta nueva e inventiva serie de fantasía por la autora #1 del New York Times Sarah J. Maas explora el dolor de la pérdida, el precio de la libertad... y el poder del amor.

Bryce Quinlan tenía una vida perfecta, trabajando todo el día y divirtiéndose toda la noche, hasta que un demonio asesina a sus mejores amigos, dejándola herida y sola. Cuando el culpable está detrás de las rejas pero los crímenes continúan, Bryce se encuentra a sí misma en el corazón de la investigación... y hará lo que sea necesario para vengar la muerte de sus amigos.

Hunt Athalar es un importante Ángel Caído que ahora se encuentra esclavizado por los Arcángeles a los que alguna vez trató de derrocar. Sus habilidades brutales y su fuerza descomunal han sido moldeadas con un solo propósito: asesinar a los enemigos de su amo sin hacer ni una sola pregunta. Cuando un demonio causa pánico en la ciudad, le ofrecen un trato irresistible: ayudar a Bryce a encontrar al asesino, y su libertad estará al alcance de su mano.

Mientras Bryce y Hunt exploran las profundidades de Ciudad Medialuna, descubren un poder oscuro que amenaza a todo lo que aman, y encuentran en el otro una pasión deslumbrante #una que los podría liberar, si lo permitieran. Con personajes inolvidables, un romance apasionante y un suspenso adictivo, esta nueva e inventiva serie de fantasía por la autora #1 del New York Times Sarah J. Maas explora el dolor de la pérdida, el precio de la libertad... y el poder del amor.",,
OL22380110M,,"Originally published, Mills & Boon, 1986.",
OL32037490M,,"Source title: Dark Lover (Black Dagger Brotherhood, Book 1)",
OL32037489M,,Source title: Dark Lover (The Black Dagger Brotherhood),
OL32037492M,,Source title: Dark Lover (The Black Dagger Brotherhood Series),
OL27549830M,,Source title: Dark Lover: The First Novel of the Black Dagger Brotherhood,
OL11235259M,,Linford Romance Library,
OL3704385M,,"""Includes a new introduction""--Cover.
Includes reader's guide.",
OL35618229M,"Unidos por la sangre.
Tentados por el deseo.
Liberados por el destino.

Llega la nueva saga de Sarah J. Maas...

Bryce Quinlan tenía la vida perfecta, trabajando cada día y saliendo cada noche, hasta que un demonio asesinó a sus amigos y la dejó vacía, herida y sola. Cuando el acusado está entre rejas, pero los crímenes continúan, Bryce hará lo que sea para vengar sus muertes.

Hunt Athalar es un ángel caído, esclavo de los arcángeles a los que una vez intentó destronar. Sus brutales habilidades sirven ahora para un solo propósito: acabar con los enemigos de su dueño. Pero entonces Bryce le ofrece un trato irresistible: si la ayuda a encontrar al demonio asesino, su libertad estará al alcance de su mano.

Mientras Bryce y Hunt investigan en las entrañas de Ciudad Medialuna, descubren dos cosas: un poder oscuro que amenaza todo lo que desean proteger# y una atracción feroz que podría liberarlos a ambos.

Con personajes inolvidables, un romance apasionado y una trama llena de suspense, la nueva novela de la autora bestseller Sarah J. Maas te sumergirá en una historia sobre el dolor de la pérdida, el precio de la libertad y el poder del amor.",Source title: Casa de tierra y sangre (Ciudad Medialuna 1),
OL27925074M,"Köti a vér. Kísérti a vágy.
Szabadjára ereszti a sors.

Bryce Quinlan nappal kemény munkával, éjszakánként pedig bulizással töltött élete egészen addig tökéletes volt, amíg egy démon meg nem gyilkolta a legjobb barátait, magára hagyva őt a veszteségével és a fájdalmával. A tettes rács mögött ül ugyan, a gyilkosságok mégis folytatódnak, és Bryce hirtelen egy nyomozás kellős közepén találja magát. Bármire kész, hogy megbosszulja a barátai halálát.

Hunt Athalar, a hírhedt bukott angyal most kényszerből azokat az arkangyalokat szolgálja, akiket egykor le akart taszítani trónjukról. Brutális képességeit és elképesztő erejét egyetlen ügy szolgálatába állították – meg kell gyilkolnia a főnöke ellenségeit, vitának helye nincs. Amikor démon dúlja fel a városukat, ellenállhatatlan ajánlatot kap: ha segít Bryce-nak megtalálni a gyilkost, karnyújtásnyira kerülhet a szabadsága. Miközben Bryce és Hunt Crescent City legsötétebb részein nyomozva rájön, hogy egy gonosz erő minden egyes, a szívüknek kedves személyt és dolgot halálos veszéllyel fenyeget, arra is rádöbbennek, hogy perzselő szenvedély lakozik a másikban, ami mindkettejüket felszabadíthatja – már ha hagyják.",,
OL27925078M,"The first book in Sarah J. Maas's #1 bestselling Crescent City series.

Bryce Quinlan had the perfect life-working hard all day and partying all night-until a demon murdered her closest friends, leaving her bereft, wounded, and alone. When the accused is behind bars but the crimes start up again, Bryce finds herself at the heart of the investigation. She'll do whatever it takes to avenge their deaths.

Hunt Athalar is a notorious Fallen angel, now enslaved to the Archangels he once attempted to overthrow. His brutal skills and incredible strength have been set to one purpose-to assassinate his boss's enemies, no questions asked. But with a demon wreaking havoc in the city, he's offered an irresistible deal: help Bryce find the murderer, and his freedom will be within reach.

As Bryce and Hunt dig deep into Crescent City's underbelly, they discover a dark power that threatens everything and everyone they hold dear, and they find, in each other, a blazing passion-one that could set them both free, if they'd only let it.

With unforgettable characters, sizzling romance, and page-turning suspense, this richly inventive new fantasy series by #1 bestselling author Sarah J. Maas delves into the heartache of loss, the price of freedom-and the power of love.
Source: [bloomsbury.com](https://www.bloomsbury.com/us/house-of-earth-and-blood-9781635574050/)",,
OL56884344M,"Los sueños son deseos del corazón; las pesadillas, mi obsesión.
Erika
Cuando lo tengo cerca tiemblo. De miedo y deseo.

Michael Crist, el hermano mayor de mi exnovio, es como una de esas películas que, aunque den miedo, no puedes dejar de ver. Guapo, fuerte e intimidante, lo he observado durante años, deseando estar más cerca para comprobar si lo que se dice de él es verdad. Es la estrella del equipo de basquetbol de su universidad, jamás había reparado en mí y apenas me había mirado… hasta ahora. Tiene algo en mente, lo noto, casi puedo saborearlo pero, sabiendo todo lo que sé, ¿realmente quiero averiguar qué tiene planeado?

Michael
Quiero vengarme. Casi tanto como poseerla.

Su nombre es Erika Fane, pero todos la llaman Rika. Podría decirse que creció en mi casa, siempre ha estado cerca. Mira a otro lado cuando entro en una habitación y se queda quieta cuando estoy cerca. Puedo sentir la tensión que desprende, sus ganas de más; no tengo su cuerpo pero sé que he atrapado su mente. Y ahora, la oportunidad de vengarme por lo que pasó hace unos años es demasiado buena para ser verdad. He sido paciente. He esperado el momento. Hasta la última de sus pesadillas se hará realidad.

Cuando la pasión y el peligro se mezclan, todo puede ocurrir.",,
OL21626275M,,Translation of: Hidden heart.,
OL32037491M,,Source title: Dark Lover (Black Dagger Brotherhood Series),
OL9522109M,,,"Darius looked around the club, taking in the teeming, half-naked bodies on the dance floor."
OL39332831M,"Dos jóvenes heridos y desorientados aprenderán que, en ocasiones, descubrir la verdad resulta más doloroso que creer las mentiras y que solo el amor puede salvarnos.

A sus diecisiete años, la vida de Sky se ve sacudida por la irrupción de Dean Holder, un chico más conflictivo que ella si cabe, y que es capaz de aterrorizarla y cautivarla a partes iguales con una sola palabra. Pese a que sospecha que la relación solo puede traerle problemas, Sky es incapaz de mantenerse alejada de ese intrigante y atractivo muchacho, conocedor de un secreto que cambiará para siempre la vida de la chica.

Tensión, drama, deseo y amor se mezclan con maestría en esta historia repleta de giros y revelaciones que está a punto de dar el salto a la gran pantalla. Un amor apasionado entre dos jóvenes marcados por un pasado oscuro y turbulento. Sin lugar a dudas, uno de los máximos exponentes del pujante género New Adult.",,
OL20161132M,"""A Del Rey book."" The most beautiful girl in the world marries the handsomest prince in the world.","""A Del Rey book.""

""The ""good parts"" version abridged, by William Goldman.""",
OL22184538M,,"""A Del Rey book.""",
OL28562969M,,Source title: Dom Ziemi i Krwi (Tom 1) KsiÄĹzycowe miasto. CzÄĹÄ 1 - J. Maas Sarah [KSIÄĹťKA],
OL21376214M,,Translation of: Hidden heart.,
OL10807106M,,Magna Popular Series (Large Print),
OL3475143M,,"""A Signet Eclipse book.""",
OL21376202M,,"Originally published as ""When the loving stopped"", 1988.",
OL9827465M,,Harlequin Presents,
OL56900534M,"Él la odia... casi tanto como la desea.

 Josh Chen es ambicioso, arrogante y ninguna mujer se le resiste. Ninguna excepto Jules Ambrose. La enemistad entre ellos es tan obvia como lo es el deseo que, desde que se conocen, no hace más que aumentar. Cuando la tensión por fin estalle, Josh propondrá un trato imposible de rechazar: un acuerdo entre enemigos con derechos y tres sencillas reglas: 

Sin celos. Sin condiciones. Y, por supuesto, sin enamorarse.
Extrovertida y ambiciosa, Jules Ambrose ha dejado atrás un pasado de desenfreno para enfocarse en un objetivo: convertirse en abogada. En este momento, lo último que necesita es iniciar una relación con un hombre que es tan insufrible como atractivo. Pero con el paso del tiempo, se dará cuenta de que Josh es mucho más de lo que aparenta: 

El hermano de su mejor amiga. Su némesis. Y su único refugio. 
Forman una pareja hecha en el infierno y, cuando los demonios de su pasado los alcancen, se enfrentarán a verdades que podrían salvarlos… o destruirlos por completo.",,
OL37736394M,"A veces, quien más te quiere es quién más daño te hace.
Lily no siempre lo ha tenido fácil. Por eso, su idílica relación con un magnífico neurocirujano llamado Ryle Kincaid, parece demasiado buena para ser verdad. Cuando Atlas, su primer amor, reaparece repentinamente y Ryle comienza a mostrar su verdadera cara, todo lo que Lily ha construido con él se ve amenazado.",,
OL36214401M,"Als Lily Ryle kennenlernt, scheinen all ihre Träume wahr zu werden: eine neue Stadt, der erste Job und dann noch Ryle - überaus attraktiv, überaus wohlhabend und überaus erfolgreich. Vergessen scheint Lilys schwierige Kindheit. Vergessen auch Atlas, ihre erste Liebe, der gegenüber von Lily squattete - bis ihr Vater die beiden erwischte und Atlas von heute auf morgen verschwand. Und dann steht Atlas auf einmal vor ihr. Als Ryle von ihrer gemeinsamen Vorgeschichte erfährt, weckt dies seine Eifersucht.",Source title: Nur noch ein einziges Mal: Roman,
OL35891593M,"Um romance sobre as escolhas corretas nas situações mais difíceis. As coisas não foram sempre fáceis para Lily, mas isso nunca a impediu de conquistar a vida tão sonhada. Ela percorreu um longo caminho desde a infância, em uma cidadezinha no Maine: se formou em marketing, mudou para Boston e abriu a própria loja. Então, quando se sente atraída por um lindo neurocirurgião chamado Ryle Kincaid, tudo parece perfeito demais para ser verdade. Ryle é confiante, teimoso, talvez até um pouco arrogante e se sente atraído por Lily. Porém, sua grande aversão a relacionamentos é perturbadora. Além de estar sobrecarregada com as questões sobre seu novo relacionamento, Lily não consegue tirar Atlas Corrigan da cabeça — seu primeiro amor e a ligação com o passado que ela deixou para trás. Ele era seu protetor, alguém com quem tinha grande afinidade. Quando Atlas reaparece de repente, tudo que Lily construiu com Ryle fica em risco. Com um livro ousado e extremamente pessoal, Colleen Hoover conta uma história arrasadora, mas também inovadora, que não tem medo de discutir temas como abuso e violência doméstica. Uma narrativa inesquecível sobre um amor que custa caro demais.",Source title: E Assim que Acaba (Em Portugues do Brasil),
OL35256642M,"‘Nooit meer’ van Colleen Hoover vertelt het aangrijpende verhaal van Lily, die verliefd wordt op de knappe neurochirurg Ryle. Hij is assertief, koppig en een tikje arrogant, maar ook gevoelig, briljant en dol op Lily. De opbloeiende nieuwe relatie brengt herinneringen terug aan Atlas, haar eerste liefde. Als hij weer in haar leven verschijnt, komt alles wat Lily heeft opgebouwd in gevaar. Dan komt het eropaan dat ze de kracht in zichzelf vindt om te zorgen dat de toekomst geen herhaling wordt van het verleden. Colleen Hoover schreef met ‘Nooit meer’ een persoonlijk emotioneel verhaal met universele zeggingskracht.",,
OL32956533M,"Lily Blossom Bloom n'a pas eu une enfance très facile, entre un père violent et une mère qu'elle trouve soumise, mais elle a su s'en sortir dans la vie et est à l'aube de réaliser le rêve de sa vie : ouvrir, à Boston, une boutique de fleurs. Elle vient de rencontrer un neurochirurgien, Lyle, charmant, ambitieux, visiblement aussi attiré par elle qu'elle l'est par lui. Le chemin de Lily semble tout tracé.

Elle hésite pourtant encore un peu : il n'est pas facile pour elle de se lancer dans une histoire sentimentale, avec des parents comme les siens et Atlas, ce jeune homme qu'elle avait rencontré adolescente, lui a laissé des souvenirs à la fois merveilleux et douloureux. Est-ce que le chemin de Lily est finalement aussi simple ? Les choix les plus évidents sont-ils les meilleurs ?",,
OL38095018M,"A veces, quien más te quiere es quién más daño te hace.

Lily no siempre lo ha tenido fácil. Por eso, su idílica relación con un magnífico neurocirujano llamado Ryle Kincaid, parece demasiado buena para ser verdad. Cuando Atlas, su primer amor, reaparece repentinamente y Ryle comienza a mostrar su verdadera cara, todo lo que Lily ha construido con él se ve amenazado.",,
OL10273554M,,,"Darius looked around the club, taking in the teeming, half-naked bodies on the dance floor."
OL21626261M,,"Originally published as ""When the loving stopped"".",
OL26419013M,"Link on Amazon.com:
https://www.amazon.com/Betrayal-Harlequin-Presents-Sally-Wentworth/dp/0373103964/ref=sr_1_1?ie=UTF8&qid=1516563156&sr=8-1&keywords=Sally+Wentworth+-+Betrayal+in+Bali",,
OL1560669M,,"""Atlantic romance""--Cover.",
OL38862658M,,Source title: November 9: A Novel,
OL27440166M,,Source title: November 9: A Novel,
OL42024692M,"From New York Times Bestselling Author, Penelope Douglas, comes the latest standalone love-hate romance...""We were perfect together. Until we met."" MishaI can’t help but smile at the lyrics in her letter. She misses me.In fifth grade, my teacher set us up with pen pals from a different school. Thinking I was a girl, with a name like Misha, the other teacher paired me up with her student, Ryen. My teacher, believing Ryen was a boy like me, agreed.It didn’t take long for us to figure out the mistake. And in no time at all, we were arguing about everything. The best take-out pizza. Android vs. iPhone. Whether or not Eminem is the greatest rapper ever…And that was the start. For the next seven years, it was us.Her letters are always on black paper with silver writing. Sometimes there’s one a week or three in a day, but I need them. She’s the only one who keeps me on track, talks me down, and accepts everything I am.We only had three rules. No social media, no phone numbers, no pictures. We had a good thing going. Why ruin it?Until I run across a photo of a girl online. Name’s Ryen, loves Gallo’s pizza, and worships her iPhone. What are the chances?F*ck it. I need to meet her.I just don’t expect to hate what I find.RyenHe hasn’t written in three months. Something’s wrong. Did he die? Get arrested? Knowing Misha, neither would be a stretch.Without him around, I’m going crazy. I need to know someone is listening. It’s my own fault. I should’ve gotten his phone number or picture or something.He could be gone forever.Or right under my nose, and I wouldn’t even know it.*Punk 57 is a stand alone New Adult romance. It is suitable for ages 18+.",,
OL40224862M,"Para meu pai, que deu o seu melhor para não ser pior.
E para a minha mãe, que garantiu que nunca víssemos no seu pior.",Source title: Isto Acaba Aqui (Portuguese Edition),"Aqui sentada, com uma perna de cada lado do parapeito, a olhar para baixo, 12 andares acima das ruas de Boston, não consigo deixar de pensar em suicídio."
OL32956532M,"Um romance sobre as escolhas corretas nas situações mais difíceis. As coisas não foram sempre fáceis para Lily, mas isso nunca a impediu de conquistar a vida tão sonhada. Ela percorreu um longo caminho desde a infância, em uma cidadezinha no Maine: se formou em marketing, mudou para Boston e abriu a própria loja. Então, quando se sente atraída por um lindo neurocirurgião chamado Ryle Kincaid, tudo parece perfeito demais para ser verdade. Ryle é confiante, teimoso, talvez até um pouco arrogante e se sente atraído por Lily. Porém, sua grande aversão a relacionamentos é perturbadora. Além de estar sobrecarregada com as questões sobre seu novo relacionamento, Lily não consegue tirar Atlas Corrigan da cabeça — seu primeiro amor e a ligação com o passado que ela deixou para trás. Ele era seu protetor, alguém com quem tinha grande afinidade. Quando Atlas reaparece de repente, tudo que Lily construiu com Ryle fica em risco. Com um livro ousado e extremamente pessoal, Colleen Hoover conta uma história arrasadora, mas também inovadora, que não tem medo de discutir temas como abuso e violência doméstica. Uma narrativa inesquecível sobre um amor que custa caro demais.",,
OL52982047M,"New York – Los Angeles, und dazwischen die große Liebe

Ausgerechnet am Abend, bevor sie von Los Angeles nach New York zieht, lernen sie sich kennen: die 18-jährige  Fallon, Tochter eines bekannten Filmschauspielers, und der gleichaltrige Ben, der davon träumt, Schriftsteller zu werden. Beide verlieben sich auf den ersten Blick ineinander und verbringen die Stunden vor dem Abflug zusammen. Doch wie soll es weitergehen? Wollen sie sich wirklich auf eine Fernbeziehung einlassen und ihren Alltag nur halbherzig leben? Um das zu verhindern, beschließen die beiden, sich die nächsten fünf Jahr  jedes Jahr am selben Novembertag zu treffen, dazwischen jedoch auf jeglichen Kontakt zu verzichten. Und wer weiß, vielleicht, so die Hoffnung, klappt es am Ende der fünf Jahre ja mit einem Happyend.

Doch fünf Jahre sind eine lange Zeit - und so kommt ihnen trotz aller intensiven Gefühle, die bei jedem Treffen der beiden hochkochen, ganz einfach das Leben dazwischen …",,
OL43407856M,"Fallon meets Ben, an aspiring novelist, the day of her scheduled cross-country move. Their untimely attraction leads them to spend Fallon's last day in L.A. together, and her eventful life becomes the creative inspiration Ben has always sought for his novel. Over time, and amidst the various relationships and tribulations of their own separate lives, they continue to meet on the same day every year. Until one day Fallon becomes unsure if Ben has been telling her the truth or fabricating a perfect reality for the sake of the ultimate plot twist. Can Ben's relationship with Fallon - and simultaneously his novel - be considered a love story if it ends in heartbreak?",,
OL40232570M,"Eine Achterbahn der Gefühle

Als Lily Ryle kennenlernt, scheinen all ihre Träume wahr zu werden: eine neue Stadt, der erste Job und dann noch Ryle – überaus attraktiv, überaus wohlhabend und überaus erfolgreich. Vergessen scheint Lilys schwierige Kindheit. Vergessen auch Atlas, ihre erste Liebe, der gegenüber von Lily squattete – bis ihr Vater die beiden erwischte und Atlas von heute auf morgen verschwand. Und dann steht Atlas auf einmal vor ihr. Als Ryle von ihrer gemeinsamen Vorgeschichte erfährt, weckt dies seine Eifersucht …",,
OL44897339M,"Иногда тот, кого ты любишь, причиняет тебе сильнейшую боль.

Но отношения Лили и Райла слишком хороши, чтобы она задумывалась о таких вещах.

Райл напорист и упрям, отлично выглядит и умеет сопереживать. Достойный мужчина, которого Лили однажды предпочла своей тайной первой любви, человеку, от которого была без ума.

Но когда этот ""другой"" вновь появляется в ее жизни, Лили вдруг замечает: с каждым днем Райл все больше меняется.",,
OL41724387M,,Source title: It Ends With Us (versione italiana),
OL42883035M,,,"For my father, who tried his very best not to be his worst. And for my mother, who made sure we never saw him at his worst."
OL39479218M,,Source title: It Ends with Us: A Novel (1),
OL30570882M,"Ailesinden ona miras kalan öğrenilmiş çaresizliğe başkaldıran Lily’nin tüm acılara rağmen yeniden doğuşunun ümit ve sevgi dolu hikâyesi...

İçine doğdukları aileyi seçememenin yarattığı acının üstesinden beraber gelmeye çalışan Lily ile Atlas’ın hayatlarındaki ve hayallerindeki dönüşüm hayranlık uyandırıyor. İlginç tesadüflerle bezeli bu romanı okurken kendinizden bir parça bulacaksınız.

Bizimle Başladı Bizimle Bitti, asla vazgeçmeyen ve “yüzmeye devam etmek” isteyenlerin kitabı; başkaldırının ve empatinin yazıya dökülmüş hâli...",,
OL20583136M,,Translation of: A first time for everything.,
OL20583210M,,Translation of: A first time for everything.,
OL18817321M,,Originally published: 1988.,
OL37048559M,"전 세계 틱톡 유저들이 사랑에 빠진 로맨스 소설, 15초 영상 세대도 열광한 페이지 터너 콜린 후버의 《우리가 끝이야》가 드디어 국내에 출간되었다. 릴리는 죽음을 생각하던 어느 밤, 운명처럼 한 남자를 만난다. 모든 것이 완벽한 그와의 관계가 깊어질수록 드러나는 짙은 어둠. 두렵지만 피할 수 없고, 사랑하지만 용서할 수 없는 연인의 비밀 앞에서 릴리가 마침내 입을 연다. “우리가 끝이야.” 한번 손에 쥐면 마지막 장을 덮기 전까지 절대로 내려놓을 수 없는 책, 책을 덮은 후에도 결코 놓여날 수 없는 강렬한 마성의 러브 스토리다.",,
OL39819953M,,"Source title: Priest (Priest, 1)",
OL29755235M,,Source title: Priest: A Love Story,
OL21376216M,,Translation of: A first time for everything.,
OL15236069M,,Translation of: A first time for everything.,
OL21626306M,,Translation of: A first time for everything.,
OL21626291M,,Translation of: A first time for everything.,
OL12043679M,,Story Sound,
OL1085631M,,Cover photo is of actual book.,
OL61375849M,"IK HEB DE REPUTATIE OPGEBOUWD VAN EEN KOUD, GEVOELLOOS MONSTER DAT VOOR NIETS OF NIEMAND BANG IS EN NERGENS OM GEEFT. MAAR DIT ALLES IS VRESELIJK MISLEIDEND. wANT IN WERKELIJKHEID BEN IK NIET VEEL MEER DAN EEN LAFAARD Terug op de basis van Sector 45 is Warner, de meedogenloze leider van Sector 45, aan het herstellen van zijn bijna dodelijke schotwond. Na de ontsnapping van Juliette, Adam en Kenji moet hij er alles aan doen om zijn gezag terug te krijgen en de beginnende opstand onder de bewoners van Sector 45 te onderdrukken. Maar zijn obsessie voor Juliette wordt met de dag groter en het wordt zijn hoogste prioriteit om haar te vinden. Als Warners vader, de opperbevelhebber van Het Herstel, op de basis arriveert om de fouten van zijn zoon te corrigeren, wordt duidelijk dat hij hele andere plannen heeft voor Juliette. Plannen die Warner simpelweg niet kan toestaan. Het fascinerende en alles onthullende boek Verwoest me is deel 1,5 uit de Touching Juliette-trilogie. Het speelt zich af na Vrees me en voor Breek me en wordt volledig verteld vanuit het persectief van Warner.",,
OL9604150M,,Harlequin Presents,
OL21439489M,,Italian translation of: Lover's touch.,
OL10691317M,,Harlequin Romance,
OL11235181M,,Linford Romance Library,
OL9774846M,"Page 105 & 106 are missing
The latest pages: from page 132 to the end it was scanned very poorly. The top of all the pages have been cut off.",The latest pages: from page 132 to the end it was scanned very poorly. The top of all the pages have been cut off.,
OL11658583M,,Thorndike Press Large Print Buckinghams,
OL8926729M,,Dales Romance,
OL10691244M,,Harlequin Romance,
OL22400323M,,"Previous ed, London , Mills & Boon, 1982.",
OL24937157M,,"""Original hardcover edition published in 1992 by Mills & Boon Limited""--T.p. verso.",
OL10746962M,,Reader's Choice,
OL10239517M,,Romance,
OL9676949M,,Harlequin Presents,
OL27184908M,"""Tessa has everything to lose. Hardin has nothing to lose… except her.

After a tumultuous beginning to their relationship, Tessa and Hardin were on the path to making things work. Tessa knew Hardin could be cruel, but when a bombshell revelation is dropped about the origins of their relationship—and Hardin’s mysterious past—Tessa is beside herself.

Hardin will always be… Hardin. But is he really the deep, thoughtful guy Tessa fell madly in love with despite his angry exterior—or has he been a stranger all along? She wishes she could walk away. It’s just not that easy. Not with the memory of passionate nights spent in his arms. His electric touch. His hungry kisses.

Still, Tessa’s not sure she can endure one more broken promise. She put so much on hold for Hardin—school, friends, her mom, a relationship with a guy who really loved her, and now possibly even a promising new career. She needs to move forward with her life.

Hardin knows he made a mistake, possibly the biggest one of his life. He’s not going down without a fight. But can he change? Will he change for love?""","""Gallery original fiction trade.""",
OL9740569M,,Dales Romance,
OL9745793M,,,MATT FINLAY scanned Frankie’s shocked face and gave her a bracing smile. ‘I happen to think that Sardinia could be a very therapeutic trip for you. You could confront your memories of the love of your life and get it all out of your system—’
OL21259238M,,Translation of: Passport to happiness.,
OL21376204M,,"Originally published as ""Passport to happiness"".",
OL21911056M,,Translation of: Passport to happiness.,
OL30786654M,,Source title: After (The After Series),
OL31853818M,,Source title: After (Serie After 1) (Bestseller) (Spanish Edition),
OL10738185M,,Harlequin Presents,
OL31882114M,"She was still his wife! Frankie thought she'd seen the last of her husband, Santino Vitale - until he breezed back on the scene with some earth shattering news. Their marriage wasn't annulled, and he intended to claim the wedding night they'd never had! He had it all worked out. Within three weeks Frankie would have paid her dues and be free to leave Sardinia and file for divorce. But Santino hadn't reckoned on falling for Frankie all over again - or that now she could be expecting his baby.","Standard print ed. originally published: Richmond, Surrey : Mills & Boon, 1998.

""OCT 12 C2""--Spine.",
OL24929928M,,"""Harlequin""--Cover.",
OL21626274M,,Translation of: Passport to happiness.,
OL46535310M,,Source title: Haunting Adeline: Nunca te dejaré (edición en español),
OL27180374M,,Translation of: After we collided.,
OL30786655M,,Source title: After (The After Series),
OL31853390M,,Source title: After (1) (The After Series),
OL31853389M,,Source title: After (1) (The After Series),
OL21084927M,,Translation of: The other woman.,
OL20501301M,,"Originally published, London: Mills & Boon, 1987.",
OL20320876M,,Translation of: Passport to happiness.,
OL28125626M,,Source title: After (1) (The After Series),
OL28125628M,,"Source title: After: The After Series, book 1 (Wattpad)",
OL31853819M,,Source title: After (Serie After 1) (Bestseller) (Spanish Edition),
OL26320905M,"There was the time before Tessa met Hardin, and then there’s everything AFTER... Life will never be the same. #Hessa

Tessa is a good girl with a sweet, reliable boyfriend back home. She’s got direction, ambition, and a mother who’s intent on keeping her that way.

But she’s barely moved into her freshman dorm when she runs into Hardin. With his tousled brown hair, cocky British accent, and tattoos, Hardin is cute and different from what she’s used to.

But he’s also rude—to the point of cruelty, even. For all his attitude, Tessa should hate Hardin. And she does—until she finds herself alone with him in his room. Something about his dark mood grabs her, and when they kiss it ignites within her a passion she’s never known before.

He'll call her beautiful, then insist he isn’t the one for her and disappear again and again. Despite the reckless way he treats her, Tessa is compelled to dig deeper and find the real Hardin beneath all his lies. He pushes her away again and again, yet every time she pushes back, he only pulls her in deeper.

Tessa already has the perfect boyfriend. So why is she trying so hard to overcome her own hurt pride and Hardin's prejudice about nice girls like her?

Unless...could this be love?",,
OL22305558M,,"Originally published, 1987.",
OL36639394M,"**A veces, el amor puede ser una cuestión de Estado.** 

Alex Clarademont-Díaz, el hijo millennial de la presidenta de los Estados Unidos, es un tesoro para el *marketing* de la Casa Blanca: atractivo, carismático e inteligente. Lo que nadie sabe es que no soporta al príncipe Henry, el hijo de la reina de Inglaterra. Así que, cuando la prensa sensacionalista se hace con una fotografía que refleja un altercado entre Alex y Henry, las relaciones entre Estados Unidos y el Reino Unido se enfrían.

Ambos países trazan un plan para paliar los daños. Lo que empieza como una falsa amistad, publicada en Instagram, se va transformando en algo más profundo de lo que Alex y Henry podrían haber imaginado.

**¿Puede el amor cambiar el mundo?**","Source title: Rojo, blanco y sangre azul / Red, White & Royal Blue (Spanish Edition)",
OL27632309M,"What happens when America's First Son falls in love with the Prince of Wales?

When his mother became President, Alex Claremont-Diaz was promptly cast as the American equivalent of a young royal. Handsome, charismatic, genius—his image is pure millennial-marketing gold for the White House. There's only one problem: Alex has a beef with the actual prince, Henry, across the pond. And when the tabloids get hold of a photo involving an Alex-Henry altercation, U.S./British relations take a turn for the worse.

Heads of family, state, and other handlers devise a plan for damage control: staging a truce between the two rivals. What at first begins as a fake, Instragramable friendship grows deeper, and more dangerous, than either Alex or Henry could have imagined. Soon Alex finds himself hurtling into a secret romance with a surprisingly unstuffy Henry that could derail the campaign and upend two nations and begs the question: Can love save the world after all? Where do we find the courage, and the power, to be the people we are meant to be? And how can we learn to let our true colors shine through? Casey McQuiston's Red, White & Royal Blue proves: true love isn't always diplomatic.
[(source)](https://us.macmillan.com/books/9781250316783)",,
OL12053339M,,Soundings S.,
OL10282198M,,Betty Neels Collector's Editions,
OL18107578M,,First published 1989.,
OL24947317M,,"""40th Anniversary edition""--Cover.",
OL57388938M,"First Son Alex Claremont-Diaz, with his sister and the Veep's genius granddaughter, are the White House Trio, a beautiful millennial marketing strategy for his mother, President Ellen Claremont. Then photos of a confrontation with his longtime nemesis Prince Henry at a royal wedding leak to the tabloids. The plan for damage control: stage a fake friendship between the First Son and the Prince. Alex soon discovers that beneath Henry's Prince Charming veneer, there's a soft-hearted eccentric with a dry sense of humor and more than one ghost haunting him. As President Claremont kicks off her reelection bid, Alex finds himself hurtling into a relationship with Henry that could derail the campaign and upend two nations. -- adapted from back cover",,
OL8547796M,"Valancy Stirling, an inhibited twenty-nine-year-old spinster, undergoes a total personality change when a doctor tells her she has no more than one year to live.",,
OL37749967M,"Valancy, 29 years old and never married, has never contradicted her overbearing mother and troublesome aunt. However, one fateful day a letter arrives from Doctor Trent, and Valancy decides she must do and say exactly what she wishes.","""A Bantam-Seal book.""

""Seal books.""",
OL35330489M,,"Standard print edition originally published: London: Hesperus, 2013.",
OL29072077M,,Source title: The Blue Castle (Annotated),
OL27160911M,"In early 1920s Canada, drastic circumstances give Valancy, a twenty-nine-year-old unmarried woman resigned to being an ""old maid,"" the courage to defy her controlling family and escape to a life of her own choosing.","Originally published by McClelland & Stewart in 1926.

10 and up.",
