edition_key,number_of_pages,physical_format,physical_dimensions,weight,language
OL29784098M,192,,,,eng
OL29264502M,192,,,,eng
OL9599446M,188,Paperback,,,eng
OL38344800M,,,,,fre
OL38357055M,,,,,eng
OL29793484M,192,,,,eng
OL9749585M,288,Hardcover,8.8 x 6 x 1.2 inches,14.4 ounces,eng
OL35152719M,358,,,0.455 ,eng
OL32301034M,358,paperback,,,
OL10745631M,152,Paperback,,,fre
OL28002476M,349,Hardcover,,,dut
OL46528859M,385,Kindle,,,eng
OL28478001M,370,audio cd,,,eng
OL26435884M,370,Hardcover,,,eng
OL38357220M,,,,,eng
OL29152053M,192,,,,eng
OL46256805M,,,,,spa
OL40729418M,336,Paperback,,,por
OL48198961M,,,,,eng
OL43624118M,,,,,eng
OL47391456M,400,mass market paperback,,,
OL49672019M,379,okładka miękka,,,pol
OL14976827M,188,,,,eng
OL11383501M,,Audio Cassette,,,eng
OL38271588M,,,,,eng
OL28974638M,187,,,,eng
OL9746950M,288,Hardcover,8.8 x 6 x 1.2 inches,14.4 ounces,eng
OL9742578M,,Paperback,7 x 4.2 x 0.8 inches,4 ounces,eng
OL17413527M,192,,,,eng
OL43974295M,358,hardcover,,,
OL36615850M,,,,,eng
OL9744667M,,Paperback,6.5 x 4.2 x 0.8 inches,4 ounces,eng
OL9746871M,288,Hardcover,,,eng
OL48258839M,400,,,,eng
OL39633592M,,,,,eng
OL26940602M,750,[sound recording] /,,,eng
OL26694821M,370,,,,
OL27292928M,,paperback,,,
OL28950418M,186,,,,eng
OL9747566M,186,Paperback,6.8 x 4.2 x 0.6 inches,3.5 ounces,eng
OL9745419M,186,Paperback,6.8 x 4.2 x 0.6 inches,3.5 ounces,eng
OL9750790M,288,Hardcover,8.3 x 5.5 x 0.8 inches,1 pounds,eng
OL46526687M,384,paperback,,,fre
OL49140417M,,,,,eng
OL40207502M,497,paperback,,,
OL40005138M,323,,,,
OL39209653M,,audio cd,,,eng
OL38323115M,,,,,eng
OL37857529M,336,,,,
OL29151999M,192,,,,eng
OL9752484M,288,Hardcover,8.8 x 6 x 1.2 inches,14.4 ounces,eng
OL59829704M,368,paperback,,,eng
OL59067928M,,eBook,,,fre
OL44319740M,,,,,spa
OL47276214M,384,paperback,,,spa
OL37985553M,,,,0.300 ,spa
OL9752371M,288,Hardcover,,,eng
OL9749480M,288,Hardcover,,,eng
OL17388896M,189,,,,eng
OL59126422M,320,,,,heb
OL38538688M,,,,,eng
OL32234215M,,audio cd,,,
OL27099606M,416,,,,
OL28153628M,,audio cd,,,
OL38270779M,,,,,eng
OL29783129M,192,,,,eng
OL9750254M,186,Paperback,6.8 x 4.2 x 0.6 inches,3.5 ounces,eng
OL17207889M,186,,,,eng
OL9748049M,288,Hardcover,8.3 x 5.5 x 0.8 inches,1 pounds,eng
OL40208522M,384,paperback,,,spa
OL40078929M,,hardcover,,,
OL37050436M,352,paperback,,,
OL39651255M,,Hardcover,,,eng
OL38059274M,,,,,eng
OL54181319M,486,,,0.641,eng
OL47391457M,400,mass market paperback,,,
OL47407550M,,paperback,,,
OL36719800M,,,,,eng
OL36115757M,,,,0.623,eng
OL36494660M,,,,0.386,eng
OL36511489M,,,,0.395,eng
OL36463509M,,,,0.409,eng
OL36388502M,,,,0.395,eng
OL36449356M,,,,0.395,eng
OL36173474M,,,,0.414,eng
OL36117787M,,,,0.386,eng
OL36121113M,,,,0.395,eng
OL36033247M,,,,0.395,eng
OL35064630M,,,,0.386,eng
OL35192408M,,,,0.395,eng
OL34349410M,257,,,0.395,eng
OL34290658M,257,,,0.395,eng
OL34314453M,257,,,0.395,eng
OL34252853M,220,,,0.391,eng
OL34288533M,257,,,0.395,eng
OL34201054M,214,,,0.382,eng
OL32734086M,350,paperback bunko,,,
OL27594308M,208,paperback,,,
OL23750346M,260,,,,
OL16236596M,,,,,eng
OL19746209M,264,,,,eng
OL17421552M,321,,,,eng
OL22146128M,217,,,,eng
OL9562522M,192,Mass Market Paperback,6.3 x 4.1 x 0.5 inches,3.2 ounces,eng
OL1646145M,188,,,,eng
OL36776178M,,,,,eng
OL36085169M,,,,0.309,eng
OL36035450M,,,,0.623,eng
OL33467124M,352,,,,eng
OL36594695M,,,,0.405,eng
OL36494671M,,,,0.395,eng
OL36366758M,,,,0.395,eng
OL36164531M,,,,0.395,eng
OL36123559M,,,,0.395,eng
OL36125456M,,,,0.386,eng
OL36148760M,,,,0.395,eng
OL36112487M,,,,0.395,eng
OL36120568M,,,,0.395,eng
OL36033160M,,,,0.395,eng
OL35973962M,,,,0.618,eng
OL35222165M,,,,0.395,eng
OL35121412M,,,,0.395,eng
OL35041920M,,,,0.395,eng
OL34294054M,257,,,0.395,eng
OL34279982M,218,,,0.391,eng
OL34244747M,264,,,0.405,eng
OL30744945M,210,paperback,,,
OL30275467M,217,,,,eng
OL30221213M,217,,,,eng
OL30240049M,217,,,,eng
OL30190568M,256,,,,eng
OL15388701M,309,,,,eng
OL14584199M,309,,,,eng
OL18119812M,309,,,,eng
OL19889860M,264,,,,eng
OL23750345M,309,,,,
OL8188838M,,School & Library Binding,6.8 x 4.2 x 0.8 inches,9.6 ounces,eng
OL22098412M,264,,,,eng
OL8076181M,260,Hardcover,,,eng
OL14977398M,188,,,,eng
OL10280610M,192,Paperback,,,
OL29152288M,192,,,,eng
OL28990644M,185,,,,eng
OL28363959M,,hardcover,,,
OL24260394M,,Electronic resource,,,eng
OL47620785M,,Web Book,,,eng
OL17558866M,188,,,,eng
OL36334826M,,,,0.336,eng
OL35503359M,,,,,eng
OL34817704M,,,,0.159,eng
OL34125258M,212,,,0.623,eng
OL36601113M,,,,0.395,eng
OL36508198M,,,,0.395,eng
OL36473533M,,,,0.395,eng
OL36496937M,,,,0.382,eng
OL36116168M,,,,0.395,eng
OL36076192M,,,,0.427,eng
OL35180289M,,,,0.395,eng
OL34347964M,257,,,0.395,eng
OL34307879M,218,,,0.391,eng
OL34261768M,257,,,0.395,eng
OL31853905M,170,hardcover,,,
OL30357114M,177,,,,eng
OL23247589M,218,,,,eng
OL8258400M,,Hardcover,,,eng
OL8076176M,260,Paperback,8.4 x 5.5 x 0.7 inches,11.2 ounces,eng
OL10738160M,188,Paperback,,,eng
OL9741669M,256,Mass Market Paperback,6.5 x 4.2 x 0.9 inches,4 ounces,eng
OL22727034M,,,,,eng
OL21222645M,,,,,eng
OL10738804M,188,Paperback,,,eng
OL26335728M,192,,,,eng
OL14979995M,192,,,,eng
OL38446297M,560,Paperback,,0.010 ,eng
OL38574449M,450,paperback,,,
OL61188557M,285,,,,por
OL24333338M,284,Hardcover,20.6 x 13.8 x 2.8 centimeters,425 grams,eng
OL9752646M,,Paperback,,,eng
OL60303596M,269,,,,heb
OL48120574M,412,Mass Market Paperback,,,spa
OL49586096M,,,,,spa
OL27587656M,317,Paperback,,,pol
OL39412651M,,,,,eng
OL39128605M,368,,,,eng
OL36284697M,,,,0.300,eng
OL36020400M,,,,,eng
OL35611219M,314,Paperback,21 x 14 x 3 centimeters,290 grams,eng
OL9750982M,,Paperback,6.6 x 4.1 x 0.5 inches,,eng
OL9748216M,,Paperback,6.6 x 4.1 x 0.5 inches,,eng
OL19699246M,288,,,,eng
OL1776472M,189,,,,eng
OL31986851M,187,Paperback,,,eng
OL9752090M,192,Paperback,,,
OL9749227M,192,Paperback,,,
OL16522162M,,,,,eng
OL9750733M,288,Hardcover,,,eng
OL9747979M,189,Paperback,,,eng
OL21310545M,287,,,,eng
OL10738506M,188,Paperback,,,eng
OL9745468M,288,Hardcover,,,
OL9750324M,288,Hardcover,,,
OL9747626M,288,Hardcover,,,
OL44175236M,,,,,eng
OL17371302M,188,,,,eng
OL17507026M,288,,,,eng
OL14976258M,,,,,eng
OL56904047M,672,,,,spa
OL52564084M,672,paperback,,,spa
OL39730646M,,,,,eng
OL39441146M,,,,,eng
OL29663909M,384,,,,eng
OL18050045M,220,,,,eng
OL21366179M,296,,,,eng
OL22321605M,,,,,eng
OL9752238M,187,Paperback,,,eng
OL39801379M,368,perfect paperback,21 x 13.5 x 3 centimeters,430 grams,ger
OL39220275M,298,paperback,,,tur
OL38406842M,368,Paperback,22.86 x 15.24 x 2.54 centimeters,386 grams,spa
OL28288027M,368,paperback,,,
OL37689762M,368,,,,eng
OL28152674M,,mp3 cd,,,
OL27248516M,314,Paperback,,,
OL14976197M,192,Paperback,,,eng
OL14980268M,192,,,,und
OL14979815M,187,Paperback,,,eng
OL24372658M,187,,,,eng
OL9745901M,,Paperback,6.6 x 4.1 x 0.5 inches,,eng
OL28973935M,189,,,,eng
OL31986854M,187,Paperback,,,eng
OL24382038M,189,Paperback,,,eng
OL31992151M,148,,,,fre
OL9750715M,189,Paperback,,,eng
OL9745722M,189,Paperback,,,eng
OL10239116M,287,Hardcover,8.6 x 6 x 1.1 inches,13.6 ounces,eng
OL38290911M,,,,,eng
OL34872144M,,,,,eng
OL9751599M,380,Paperback,,,
OL9745051M,380,Paperback,,,
OL22568185M,235,,,,eng
OL10807085M,254,Hardcover,8.8 x 5.8 x 0.8 inches,13.6 ounces,eng
OL10280838M,384,Paperback,,,
OL10738492M,187,Paperback,,,eng
OL38010863M,,,,0.300 ,eng
OL29243056M,192,,,,eng
OL29106576M,192,,,,eng
OL24333336M,192,Paperback,,,
OL2726049M,284,,,,eng
OL14977285M,188,,,,eng
OL24333337M,219,Paperback,16.4 x 10.6 x 1.6 centimeters,120 grams,
OL17255651M,187,,,,eng
OL9747434M,187,Paperback,,,eng
OL9746776M,187,Paperback,,,eng
OL47314659M,,paperback,,,chi
OL38448570M,,,,0.736,eng
OL37984861M,,,,0.300,eng
OL36038052M,154,Hardcover,11 x 8.5 x 0.4 inches,654 grams,eng
OL28974140M,189,,,,eng
OL21220705M,192,Hardcover,,,eng
OL9748521M,288,Hardcover,,,eng
OL18817745M,,,,,eng
OL29248529M,192,,,,eng
OL14977516M,188,,,,eng
OL9748793M,380,Paperback,,,
OL9742157M,188,Paperback,,,eng
OL10738607M,188,Paperback,,,eng
OL14981312M,190,,,,eng
OL49511303M,,,,,eng
OL51095009M,338,,,,eng
OL37401548M,,,,,eng
OL28907014M,464,,,,eng
OL27350901M,448,hardcover,,,eng
OL28286358M,464,library binding,,,
OL28769199M,464,,,,eng
OL25114382M,,Audio book,,,eng
OL61638992M,600,Paperback,,,spa
OL52654002M,,,,,eng
OL51621343M,,,,0.369 ,spa
OL48262168M,,,,,eng
OL48199602M,,,,,eng
OL29763294M,192,,,,eng
OL27923306M,187,Paperback,,,eng
OL41347527M,,hardcover,,,
OL48152017M,,,,,eng
OL50655522M,,,,,eng
OL32216971M,1,mp3 cd,,,
OL34115689M,368,,,,eng
OL35813696M,,,,,eng
OL27105656M,357,,,,
OL27781701M,1,audio cd,,,
OL52556338M,528,,,,eng
OL49297283M,,,,,eng
OL49296355M,,,,,eng
OL48369768M,,,,,eng
OL48316907M,,,,,eng
OL18356833M,190,Hardcover,,,eng
OL17476629M,190,Paperback,,,eng
OL20121410M,188,Paperback,,,eng
OL61366359M,352,Paperback,,,dut
OL48675455M,,,,,eng
OL42512520M,,mass market paperback,,,eng
OL27277806M,329,Paperback,,,eng
OL24917781M,,,,,eng
OL59414384M,624,paperback,,,por
OL51098487M,,,,,eng
OL29264363M,192,,,,eng
OL10738150M,188,Paperback,,,eng
OL35651243M,429,paperback,,,tur
OL32419698M,512,Paperback,22.5 x 14.5 x 3.8 centimeters,600 grams,fre
OL31129806M,416,Paperback,21 x 13.5 x 2.6 centimeters,308 grams,eng
OL9561823M,,Paperback,,,
OL377544M,399,,,,eng
OL15125290M,283,,,,eng
OL10683605M,,Mass Market Paperback,,,eng
OL9639148M,,Mass Market Paperback,,,eng
OL11558534M,,Hardcover,8.2 x 5.6 x 1.2 inches,1 pounds,eng
OL9598700M,464,Hardcover,9 x 6 x 1.2 inches,1.5 pounds,eng
OL8845011M,,Audio cassette,9.4 x 4.3 x 0.4 inches,3 ounces,eng
OL11000892M,,Paperback,,,
OL20947352M,398,Paperback,,,eng
OL17892075M,414,,,,eng
OL52236850M,816,Hardcover,,0.568 ,spa
OL45128496M,28,audio cd,,,eng
OL35361326M,856,paperback,,,tur
OL35866018M,805,Paperback,,,eng
OL34724098M,648,eBook,,,eng
OL30342532M,976,Paperback,,,spa
OL30157071M,816,Hardcover,,,eng
OL31979042M,28,audio cd,,,eng
OL28343065M,816,paperback,,,eng
OL48447846M,,,,0.371,eng
OL32499504M,,audio cd,,,
OL10280690M,192,Paperback,,,
OL10239225M,288,Hardcover,,,
OL10691758M,189,Paperback,6.4 x 4 x 0.6 inches,2.4 ounces,eng
OL24737464M,189,,,,eng
OL22380110M,306,,,,eng
OL10738477M,186,Paperback,6.5 x 4.1 x 0.7 inches,4 ounces,eng
OL14981209M,186,Paperback,,,eng
OL32037490M,464,hardcover,,,
OL32037489M,,mp3 cd,,,
OL32037492M,1,audio cd,,,
OL27549830M,432,mass market paperback,,,
OL39765219M,,,,,eng
OL14980183M,192,,,,und
OL11235259M,304,Paperback,,,eng
OL21437817M,192,,,,eng
OL14981210M,189,Paperback,,,eng
OL10738472M,189,Paperback,,,eng
OL10686514M,,Hardcover,,,eng
OL18504626M,456,,,,eng
OL8603363M,,Audio cassette,7.2 x 4.5 x 0.5 inches,4.8 ounces,eng
OL18587170M,456,,,,eng
OL7961854M,400,Paperback,7.7 x 5 x 1.1 inches,12 ounces,
OL9844175M,416,Mass Market Paperback,6.8 x 4.1 x 1.1 inches,7.2 ounces,eng
OL3704385M,429,,,,eng
OL10682161M,,Mass Market Paperback,,,eng
OL9738841M,480,Paperback,7.9 x 5.2 x 0.9 inches,13.6 ounces,eng
OL46573795M,,,,,eng
OL35618229M,972,paperback,,,spa
OL27925074M,912,Paperback,,,hun
OL27925078M,648,eBook,,,eng
OL56884344M,560,,,,spa
OL28300621M,460,paperback,,,eng
OL21626275M,,,,,spa
OL53484656M,463,,,,heb
OL32037491M,416,paperback,,,
OL28107930M,480,paperback,,,
OL32037493M,,audio cd,,,
OL26004944M,448,,,,
OL9522109M,448,Paperback,,,eng
OL39332831M,,Mass Market Paperback,,0.369 ,spa
OL33023688M,,audio cd,,,
OL31870730M,416,Paperback,19.2 x 12.9 x 3 centimeters,,eng
OL29173419M,416,,,,eng
OL24238814M,189,,,,eng
OL14976844M,189,,,,eng
OL29264499M,192,,,,eng
OL20161132M,283,,,,eng
OL16771051M,308,,,,eng
OL7961810M,352,Hardcover,,,
OL7973920M,398,School & Library Binding,6.7 x 4.4 x 1.5 inches,9.6 ounces,eng
OL22184538M,283,,,,eng
OL10682557M,456,Mass Market Paperback,,,eng
OL9682652M,512,Paperback,7.9 x 5.2 x 0.9 inches,15.2 ounces,eng
OL8276771M,,School & Library Binding,8.8 x 5.8 x 1 inches,1.2 pounds,eng
OL21920251M,399,,,,eng
OL7866886M,288,Hardcover,,,
OL23273991M,399,,,,eng
OL10684301M,,Mass Market Paperback,8.6 x 5.5 x 0.7 inches,5.4 ounces,eng
OL28562969M,560,paperback,,,pol
OL32388174M,,audio cd,,,eng
OL32388173M,,audio cd,,,eng
OL32388170M,803,paperback,,,eng
OL27924119M,803,Hardcover,,,eng
OL52553172M,496,,,,eng
OL10239236M,192,Hardcover,,,
OL21376214M,,,,,dut
OL10807106M,306,Hardcover,,,eng
OL58114645M,576,paperback,,,fre
OL33428668M,480,,,,eng
OL3475143M,393,,,,eng
OL24265453M,,Electronic resource,,,eng
OL10239435M,288,Hardcover,,,eng
OL10691657M,189,Paperback,,,eng
OL21376202M,,,,,dut
OL10738070M,,Paperback,,,eng
OL9827465M,192,Paperback,,,
OL43581194M,,,,,eng
OL57743660M,320,,,,eng
OL35499270M,326,,,,eng
OL27198876M,320,Paperback,20.96 x 13.49 x 2.03 centimeters,249 grams,eng
OL56900534M,640,Paperback,,,spa
OL38183720M,,,,,eng
OL49950513M,,,,,pol
OL48903613M,,,,0.315,eng
OL39272166M,,,,0.300,eng
OL39203166M,384,paperback,,,
OL31924968M,,mp3 cd,,,
OL49294668M,,,,0.830 ,eng
OL46849212M,287,Ebook,,,
OL37736394M,400,paperback,,,spa
OL36214401M,416,Paperback,21 x 13.5 x 3 centimeters,500 grams,ger
OL35891593M,368,Paperback,20.5 x 13.5 x 2.2 centimeters,,por
OL35256642M,400,Paperback,,,dut
OL32956533M,450,Paperback,17.9 x 11 x 2.2 centimeters,246 grams,fre
OL38095018M,400,Paperback,20 x 13 x 2.5 centimeters,340 grams,spa
OL10273554M,416,Paperback,6.4 x 4.2 x 1.2 inches,6.4 ounces,eng
OL21626261M,,,,,spa
OL14979987M,189,Hardcover,,,eng
OL26419013M,186,Paperback,,4.8 ounces,
OL1560669M,235,,,,eng
OL60629690M,320,Paperback,,,dut
OL36858187M,,,,,eng
OL38862658M,1,audio cd,,,
OL33498539M,320,,,,eng
OL29273817M,320,,,,eng
OL27440166M,384,hardcover,,,
OL21223496M,189,,,,eng
OL38429115M,512,,,0.010 ,eng
OL36978097M,,,,,eng
OL42024692M,341,,,,eng
OL32560275M,396,paperback,,,
OL28169596M,341,Paperback,,,eng
OL40224862M,334,Capa dura,,,
OL35366895M,376,paperback,,,tur
OL32956532M,250,eBook,,,por
OL17216230M,189,,,,eng
OL10690923M,189,Mass Market Paperback,,,eng
OL10749883M,,Paperback,,,eng
OL21366017M,240,,,,eng
OL14977002M,186,,,,eng
OL52982047M,372,,,,ger
OL43407856M,384,,,,eng
OL38386868M,,,,,eng
OL24238949M,189,,,,eng
OL37998217M,,,,0.300 ,eng
OL36978096M,,,,,eng
OL40232570M,412,,,,ger
OL44897339M,416,hardcover,,,rus
OL46524413M,336,,,,por
OL51108597M,,,,0.296,eng
OL41724387M,,hardcover,,,
OL42883035M,,,,,eng
OL39223386M,536,Paperback,22.86 x 15.24 x 3.81 centimeters,620 grams,eng
OL39479218M,384,trade paperback,20.96 x 13.49 x 2.29 centimeters,295 grams,eng
OL35799667M,384,Paperback,23.4 x 15.3 x  centimeters,,eng
OL30570882M,376,Paperback,,300 grams,tur
OL28220059M,1,audio cd,,,eng
OL38055215M,,,,,eng
OL38052515M,,,,,eng
OL37427842M,,,,0.459,eng
OL10739716M,,Paperback,,,
OL10239259M,192,Hardcover,,,eng
OL24617972M,253,,,,eng
OL20583136M,,,,,ita
OL20583210M,,,,,gre
OL10691242M,189,Mass Market Paperback,,,eng
OL9745249M,288,Hardcover,,,eng
OL9750014M,288,Hardcover,,,eng
OL18879270M,187,,,,eng
OL9744332M,,Paperback,6.8 x 4.2 x 0.8 inches,3.2 ounces,eng
OL29572940M,192,,,,eng
OL29127334M,220,,,,eng
OL10280675M,190,Paperback,,,
OL9324449M,248,Paperback,8.8 x 5.8 x 0.5 inches,10.4 ounces,eng
OL17389748M,,,,,eng
OL18817321M,221,,,,eng
OL9564707M,,Mass Market Paperback,,,eng
OL14976794M,188,Paperback,,,eng
OL14977575M,188,,,,eng
OL17434943M,188,,,,eng
OL28951071M,221,,,,eng
OL9805839M,188,Paperback,,,eng
OL7421983M,221,,,,eng
OL29264414M,192,,,,eng
OL9754135M,187,Paperback,,,eng
OL10738442M,189,Paperback,,,eng
OL24938967M,189,,,,eng
OL24975286M,189,,,,eng
OL29264483M,192,,,,eng
OL22426445M,,,,,eng
OL21364996M,240,,,,eng
OL36137916M,376,Paperback,2.5 x 13 x 2 centimeters,,eng
OL37048559M,488,Paperback,21 x 14 x 2.4 centimeters,614 grams,kor
OL35292977M,310,Hardcover,22.86 x 15.24 x 1.91 centimeters,585 grams,eng
OL34033919M,352,eBook,,,eng
OL29837601M,448,Mass Market Paperback,17.15 x 10.48 x 2.54 centimeters,,eng
OL27213498M,384,Paperback,20 x 13 x 2.6 centimeters,260 grams,eng
OL26604553M,358,Softcover,20.5 x 13.5 x 2.5 centimeters,,pol
OL37330446M,,,,,eng
OL38466569M,,,,,eng
OL38047166M,,,,,eng
OL38045834M,,,,,eng
OL39819953M,320,paperback,,,
OL39958356M,,,,,eng
OL29755235M,388,paperback,,,
OL10239263M,288,Hardcover,,,
OL10691770M,187,Paperback,,,eng
OL21376216M,,,,,dut
OL15236069M,,,,,fre
OL21626306M,,,,,por
OL21626291M,126,,,,spa
OL18210485M,188,,,,eng
OL9750345M,,Paperback,,,eng
OL24210332M,189,,,,eng
OL9747335M,288,Hardcover,,,eng
OL16522153M,,,,,eng
OL9503171M,188,Paperback,,,eng
OL26598972M,188,Paperback,17 x 10.5 x 1.5 inches,,eng
OL12043679M,,Audio Cassette,9.5 x 7 x 1.2 inches,13.6 ounces,eng
OL14981585M,192,,,,und
OL29264333M,192,,,,eng
OL18308656M,192,,,,eng
OL9635064M,187,Paperback,,,eng
OL18521257M,189,Mass Market Paperback,,,eng
OL1085631M,244,Paperback,,,eng
OL29729888M,384,eBook,,,eng
OL30570883M,384,Softcover,,,eng
OL61375849M,100,Kindle,,,dut
OL29651281M,111,,,,eng
OL38057296M,493,,,,eng
OL38047123M,,,,,eng
OL35031609M,,,,,eng
OL10280696M,192,Paperback,,,
OL14982019M,188,,,,eng
OL9752685M,288,Hardcover,,,eng
OL22615764M,189,,,,eng
OL21221046M,189,Hardcover,,,eng
OL38269289M,,,,,eng
OL37392595M,,,,,eng
OL7417356M,304,,,,eng
OL31856717M,188,Hardcover,,,eng
OL31856620M,188,Paperback,,,eng
OL9604150M,188,Paperback,,,eng
OL21439489M,159,,,,ita
OL17214476M,190,,,,und
OL14978532M,192,,,,eng
OL29264469M,192,,,,eng
OL18213797M,189,,,,eng
OL14978502M,,,,,eng
OL22824869M,189,Paperback,,,eng
OL21364991M,240,Hardcover,,,eng
OL9668551M,189,Paperback,7 x 4.1 x 0.5 inches,3.2 ounces,eng
OL38268326M,,,,,eng
OL17215320M,189,,,,eng
OL14977519M,187,,,,eng
OL10691317M,187,Paperback,,,eng
OL11235181M,322,Paperback,7.8 x 5.2 x 0.8 inches,10.4 ounces,eng
OL29788367M,192,,,,eng
OL29264472M,192,,,,eng
OL10280664M,190,Paperback,,,eng
OL9682571M,384,Paperback,,,eng
OL9853763M,188,Paperback,,,eng
OL2738323M,248,,,,eng
OL14977422M,187,,,,eng
OL9396517M,187,Mass Market Paperback,,,eng
OL9749069M,,Paperback,,,eng
OL29573546M,256,,,,eng
OL24975909M,188,,,,eng
OL17390856M,188,,,,eng
OL10691736M,188,Paperback,,,eng
OL24972260M,190,,,,eng
OL9752526M,190,Paperback,,,eng
OL10807204M,265,Hardcover,8.8 x 5.5 x 1 inches,13.6 ounces,eng
OL28973814M,188,,,,eng
OL21222190M,285,,,,eng
OL9603671M,288,Library Binding,,,eng
OL24959039M,188,,,,eng
OL10738115M,190,Paperback,,,eng
OL14980278M,,,,,eng
OL14981361M,190,,,,und
OL37815228M,784,,,,
OL29427102M,688,,,,eng
OL29236910M,688,,,,eng
OL21220748M,190,,,,eng
OL9774846M,190,Paperback,,,eng
OL11658583M,240,Hardcover,,,eng
OL8926729M,240,Paperback,8.5 x 5.5 x 0.5 inches,9.4 ounces,eng
OL29264357M,192,,,,eng
OL37392594M,,,,,eng
OL28950989M,224,,,,eng
OL10691244M,192,Paperback,,,eng
OL10282771M,299,Paperback,,,
OL10280402M,285,Hardcover,8.1 x 5.5 x 1 inches,11.2 ounces,eng
OL22400323M,302,,,,eng
OL29242975M,224,,,,eng
OL28973754M,187,,,,eng
OL18427250M,219,,,,eng
OL24934924M,218,,,,eng
OL24937157M,189,,,,eng
OL10280802M,192,Paperback,,,
OL10738945M,,Paperback,6.8 x 4.5 x 0.5 inches,4 ounces,eng
OL17411916M,192,,,,eng
OL18051267M,189,,,,eng
OL9751910M,,Paperback,,,eng
OL44177240M,,,,,eng
OL9744160M,288,Paperback,,,eng
OL24939124M,188,,,,eng
OL22618271M,189,,,,eng
OL17433641M,190,,,,eng
OL9749628M,190,Paperback,,,eng
OL22166304M,187,,,,eng
OL22593817M,187,,,,eng
OL10738735M,187,Paperback,,,eng
OL14977710M,188,,,,eng
OL30600896M,336,paperback,,,
OL22619243M,190,,,,eng
OL28973771M,186,,,,eng
OL29127329M,220,,,,eng
OL24967698M,187,,,,eng
OL10280582M,192,Paperback,,,
OL14977156M,187,,,,eng
OL10746962M,304,Paperback,6.8 x 3.8 x 0.8 inches,4 ounces,eng
OL10691234M,189,Paperback,,,eng
OL22612896M,188,,,,eng
OL20130268M,219,,,,eng
OL10239517M,288,Hardcover,8.5 x 5.8 x 1 inches,14.4 ounces,eng
OL17125057M,192,,,,eng
OL9750265M,304,Hardcover,8.8 x 5.5 x 0.8 inches,15.2 ounces,eng
OL9749331M,304,Hardcover,8.8 x 5.5 x 0.8 inches,15.2 ounces,eng
OL9746549M,,Paperback,,,eng
OL9676949M,192,Mass Market Paperback,6.6 x 4.1 x 0.6 inches,3.2 ounces,eng
OL24251009M,,Electronic resource,,,eng
OL7416546M,160,,,,spa
OL1982402M,188,,,,eng
OL22415407M,285,,,,eng
OL24951976M,190,,,,eng
OL9746982M,190,Paperback,,,eng
OL9747240M,384,Paperback,,,eng
OL9749920M,384,Paperback,,,
OL1612903M,187,,,,eng
OL48206819M,,,,,eng
OL9615644M,188,Paperback,,,eng
OL14977254M,190,,,,eng
OL29249952M,336,,,,eng
OL27184908M,671,,,,eng
OL9587185M,240,Paperback,,,eng
OL9566454M,235,Paperback,,,eng
OL18361887M,190,,,,eng
OL9740569M,250,Paperback,8.5 x 5.5 x 0.6 inches,9.6 ounces,eng
OL29053848M,288,,,,eng
OL28973668M,189,,,,eng
OL14978632M,189,,,,eng
OL16522168M,192,,,,eng
OL21220907M,190,,,,eng
OL10280988M,192,Paperback,,,
OL29243038M,224,,,,eng
OL22384649M,187,,,,und
OL1882868M,252,,,,eng
OL9507637M,187,Mass Market Paperback,,,eng
OL32132143M,,,,,eng
OL9745567M,192,Paperback,,,
OL37388997M,,,,,eng
OL29263659M,250,,,,eng
OL9747915M,,Hardcover,8.5 x 5.9 x 0.9 inches,13.6 ounces,eng
OL9750627M,,Hardcover,8.5 x 5.9 x 0.9 inches,13.6 ounces,eng
OL9745793M,,Hardcover,8.5 x 5.9 x 0.9 inches,13.6 ounces,eng
OL9739060M,188,Paperback,6.8 x 4.2 x 0.5 inches,3.2 ounces,eng
OL10239188M,288,Hardcover,,,
OL10691730M,187,Paperback,,,eng
OL21259238M,,,,,fin
OL21376204M,,,,,dut
OL21911056M,,,,,nor
OL9747177M,191,Paperback,,,eng
OL9749853M,191,Paperback,,,eng
OL53340128M,624,,,,eng
OL50524432M,,,,,ger
OL46776502M,,,,,eng
OL30786654M,608,paperback,,,
OL31853818M,592,paperback,,,
OL10691226M,,Paperback,,,eng
OL10738185M,187,Paperback,,,eng
OL14977564M,186,,,,eng
OL14982026M,189,,,,eng
OL10280691M,192,Paperback,,,
OL29734595M,192,,,,eng
OL9750450M,192,Paperback,,,
OL9747758M,192,Paperback,,,
OL9749741M,288,Hardcover,8.8 x 5.8 x 1 inches,14.4 ounces,eng
OL9737071M,,Paperback,6.8 x 4.2 x 0.5 inches,3.2 ounces,eng
OL38278522M,,,,,eng
OL31882114M,285,,,,eng
OL28950684M,188,,,,eng
OL24929928M,285,,,,eng
OL21626274M,,,,,spa
OL28973807M,191,Hardcover,,,eng
OL9745124M,191,Paperback,,,eng
OL14977691M,191,Paperback,,,eng
OL46535310M,592,paperback,,,spa
OL42788780M,,,,,eng
OL37077814M,606,paperback,,,
OL27180374M,706,,,,fre
OL30786655M,608,paperback,,,
OL31853390M,592,paperback,,,
OL31853389M,592,paperback,,,
OL28973600M,189,Hardcover,,,eng
OL10280580M,192,Paperback,,,eng
OL28973611M,187,,,,eng
OL14980492M,187,,,,eng
OL20121316M,186,,,,eng
OL9315113M,186,Mass Market Paperback,,,eng
OL29242984M,192,,,,eng
OL9570177M,189,Paperback,,,eng
OL10239227M,288,Hardcover,8.4 x 5.7 x 1.1 inches,15.8 ounces,eng
OL10738835M,,Paperback,,,eng
OL10691179M,,Mass Market Paperback,,,eng
OL10280745M,192,Paperback,,,
OL21084927M,128,,,,spa
OL10738837M,,Paperback,,,eng
OL10239724M,288,Hardcover,,,eng
OL9636898M,224,Paperback,,,
OL20501301M,264,,,,eng
OL29243000M,192,,,,eng
OL21272914M,219,,,,eng
OL9749242M,288,Hardcover,8.8 x 5.8 x 1 inches,14.4 ounces,eng
OL9746686M,288,Hardcover,8.8 x 5.8 x 1 inches,14.4 ounces,eng
OL28950902M,188,,,,eng
OL17491809M,187,,,,eng
OL20320876M,,,,,swe
OL60825897M,624,,,,eng
OL48812423M,,,,0.964,eng
OL46495064M,,,,0.873,eng
OL28125626M,608,paperback,,,
OL28125628M,1,audio cd,,,
OL31853819M,592,paperback,,,
OL26320905M,584,,,,eng
OL44177351M,,,,,eng
OL16378884M,187,,,,eng
OL16521973M,187,,,,eng
OL9751943M,288,Hardcover,,,eng
OL22305558M,285,,,,eng
OL10738580M,187,Paperback,,,eng
OL37438695M,,,,,eng
OL29592696M,192,,,,eng
OL18138181M,189,,,,eng
OL14978700M,,,,,eng
OL29763354M,192,,,,eng
OL22221985M,187,,,,eng
OL10239203M,288,Hardcover,,,
OL10280681M,192,Paperback,,,
OL10738099M,,Paperback,,,eng
OL29243019M,192,,,,eng
OL9741286M,187,Paperback,,,eng
OL9747731M,,Paperback,8.5 x 5.5 x 0.5 inches,9.6 ounces,eng
OL38352639M,,,,,eng
OL29802508M,192,,,,eng
OL51152917M,496,,,,ger
OL48197722M,,,,,eng
OL36639394M,496,Paperback,21.4 x 14.1 x 3.5 centimeters,609 grams,spa
OL37986306M,,,,,eng
OL36357162M,,library binding,,,
OL30767344M,,preloaded digital audio player,,,
OL27632309M,432,Epub,,,eng
OL27270721M,421,Trade paperback,,,eng
OL9418489M,187,Paperback,,,eng
OL24980949M,187,Paperback,,,eng
OL11900295M,240,Paperback,8.3 x 5.4 x 0.6 inches,7.2 ounces,eng
OL11658471M,320,Paperback,,,
OL21221097M,192,,,,eng
OL9743312M,187,Mass Market Paperback,,,eng
OL42621549M,,,,0.664,eng
OL35082870M,454,,,0.573 ,eng
OL38010864M,,,,0.300,eng
OL52185147M,,,,,eng
OL51133569M,,,,,eng
OL50453514M,,,,,eng
OL48767515M,,,,0.400,eng
OL9746575M,288,Hardcover,,,eng
OL16522155M,,,,,eng
OL9737447M,,Paperback,,,eng
OL22330308M,187,,,,eng
OL12053339M,,Audio Cassette,,,
OL9636194M,287,Hardcover,8.2 x 5.3 x 1 inches,13.6 ounces,eng
OL24208250M,189,,,,eng
OL9743615M,288,Hardcover,8.8 x 5.8 x 1.2 inches,15.2 ounces,eng
OL14981600M,187,,,,eng
OL9746097M,,Paperback,8.5 x 5.5 x 0.5 inches,9.6 ounces,eng
OL29151880M,192,,,,eng
OL9569343M,187,Paperback,6.5 x 4.1 x 0.6 inches,3.2 ounces,eng
OL9742514M,288,Hardcover,8.3 x 5.5 x 0.8 inches,14.7 ounces,eng
OL37811712M,,,,,por
OL40201479M,448,,,0.455,eng
OL36884024M,,,,0.450,eng
OL29264477M,192,,,,eng
OL18352249M,187,,,,eng
OL52946971M,454,Hardcover,,42 pounds,
OL47806732M,528,Taschenbuch,,642 grams,
OL49295009M,,,,,spa
OL34224724M,,,,,eng
OL51128368M,,,,,eng
OL48967223M,,,,0.623,eng
OL49132718M,,,,0.623,eng
OL49088870M,,,,0.505,eng
OL9748768M,288,Hardcover,,,eng
OL29136677M,220,,,,eng
OL9306847M,224,Paperback,6.8 x 4.2 x 0.6 inches,3.7 ounces,eng
OL10282198M,224,Paperback,,,
OL29242971M,192,,,,eng
OL18107578M,219,,,,eng
OL10738635M,187,Mass Market Paperback,,,eng
OL24947317M,187,,,,eng
OL20501381M,,,,,eng
OL9751253M,,Paperback,8.5 x 5.5 x 0.5 inches,9.6 ounces,eng
OL28953437M,192,,,,eng
OL57388938M,421,,,,eng
OL37811705M,392,,,,por
OL51089078M,,,,0.600 ,eng
OL37329271M,,,,0.300,eng
OL32642974M,476,paperback,,,
OL24936582M,187,,,,eng
OL21224157M,192,,,,eng
OL53379022M,,,,,eng
OL47276158M,480,paperback,,,spa
OL38152029M,454,,,,eng
OL38481543M,,,,0.395,eng
OL52070693M,,,,0.191,eng
OL52176980M,,,,,eng
OL49088919M,,,,0.509,eng
OL49114124M,,,,0.623,eng
OL49118561M,,,,0.623,eng
OL48176521M,,,,,eng
OL46930495M,,,,,eng
OL46776834M,,,,0.391,eng
OL46650744M,,,,0.341,eng
OL46625241M,,,,0.623,eng
OL46703777M,,,,1.364,eng
OL46494887M,,,,,eng
OL46123118M,,,,,eng
OL46158576M,,,,0.468,eng
OL8075060M,226,Unbound,6 x 3.5 x 0.9 inches,,
OL42798320M,,,,0.400,eng
OL42345219M,,,,0.391,eng
OL42466114M,,,,0.527,eng
OL42475222M,,,,0.409,eng
OL42094570M,,,,0.427,eng
OL41988248M,,,,1.373,eng
OL42131194M,,,,0.159,eng
OL41869111M,,,,0.382,eng
OL42207204M,,,,0.600,eng
OL42337277M,,,,0.368,eng
OL41931022M,,,,0.300,eng
OL41021946M,,,,0.768,eng
OL41241694M,,,,0.486,eng
OL40888130M,,,,0.559,eng
OL41079796M,,,,0.309,eng
OL41149501M,,,,0.691,eng
OL41150606M,,,,0.455,eng
OL41197260M,,,,0.455,eng
OL41215909M,,,,0.482,eng
OL40878358M,,,,0.277,eng
OL40883989M,,,,0.491,eng
OL40658878M,,,,0.432,eng
OL40553870M,,,,0.768,eng
OL40155009M,,,,1.327,eng
OL49148166M,,,,0.509,eng
OL49179177M,,,,0.623,eng
OL48432425M,,,,0.464,eng
OL51627348M,,,,,eng
OL48328499M,,,,0.241 ,eng
OL48386433M,,,,0.295,eng
OL48397648M,,,,0.414,eng
OL48282353M,,,,1.064,eng
OL48326431M,,,,,eng
OL46730496M,,,,0.405,eng
OL46673214M,,,,0.400,eng
OL47269657M,320,paperback,,,eng
OL46401036M,,,,,eng
OL46514802M,,,,0.445,eng
OL46675618M,,,,0.382,eng
OL44289585M,,,,0.327,eng
OL43025732M,,,,,eng
OL42618077M,,,,0.414,eng
OL42341405M,,,,0.445,eng
OL41904646M,,,,0.432,eng
OL42180447M,,,,0.532,eng
OL42209548M,,,,0.418,eng
OL41771554M,,,,0.209,eng
OL41842916M,,,,0.800,eng
OL41036726M,,,,0.673,eng
OL41187607M,,,,0.377,eng
OL41195720M,,,,0.673,eng
OL41210794M,,,,0.700,eng
OL41241089M,,audio cd,,,
OL41296251M,,,,0.518,eng
OL41320228M,,,,0.536,eng
OL41037507M,,,,0.605,eng
OL41135368M,,,,0.455,eng
OL41151918M,,,,0.559,eng
OL40798457M,,,,0.391,eng
OL40934960M,,,,0.273,eng
OL40666130M,,,,0.732,eng
OL40554042M,,,,0.582,eng
OL49177628M,,,,0.736,eng
OL48591623M,,,,,eng
OL48528323M,,,,0.395,eng
OL48387758M,,,,0.200,eng
OL48282387M,,,,0.509,eng
OL48295143M,,,,,eng
OL48337086M,,,,,eng
OL46474612M,,,,0.295,eng
OL46289146M,,,,0.400,eng
OL43376919M,,,,,eng
OL42267740M,,,,0.314,eng
OL42201236M,,,,0.418,eng
OL42229628M,,,,0.391,eng
OL41570716M,,,,0.409,eng
OL41603034M,,,,0.655,eng
OL40960708M,,,,0.841,eng
OL41037856M,,,,0.455,eng
OL41083306M,,,,0.650,eng
OL41165264M,,,,0.732,eng
OL41241084M,168,hardcover,,,
OL40874175M,,,,0.432,eng
OL40877725M,,,,0.277,eng
OL40717023M,,,,0.277,eng
OL40604783M,,,,0.432,eng
OL40607906M,,,,0.473,eng
OL40130462M,,,,0.341,eng
OL40471869M,,,,,eng
OL40478226M,,,,,eng
OL39675563M,,,,0.545,eng
OL38553648M,,,,0.395,eng
OL38537632M,,,,0.395,eng
OL38529941M,,,,0.395,eng
OL38523570M,,,,0.391,eng
OL38506400M,,,,0.395,eng
OL38503176M,,,,0.391,eng
OL38498652M,,,,0.564,eng
OL38530504M,,,,0.395,eng
OL38530998M,,,,0.391,eng
OL39176886M,,,,,eng
OL38467859M,,,,0.395,eng
OL38435685M,,,,0.623,eng
OL38414633M,,,,0.395,eng
OL38421174M,,,,0.395,eng
OL38189675M,,,,0.409,eng
OL38170264M,,,,0.418,eng
OL38108712M,,,,0.395,eng
OL37729084M,,,,,eng
OL37710476M,,,,0.391,eng
OL37630060M,,,,0.250,eng
OL37727167M,,,,0.255,eng
OL36980071M,,,,0.391,eng
OL36979981M,,,,0.391,eng
OL37004211M,,,,0.395,eng
OL36912483M,,,,0.282,eng
OL36901439M,,,,0.409,eng
OL36888633M,,,,0.395,eng
OL36897594M,,,,0.395,eng
OL36856307M,,,,0.395,eng
OL36853095M,,,,0.618,eng
OL8547796M,272,Paperback,8.3 x 5.5 x 0.9 inches,10.4 ounces,eng
OL7824443M,224,Mass Market Paperback,6.7 x 4.2 x 0.7 inches,4.2 ounces,eng
OL37723059M,,,,0.395,eng
OL37608040M,,,,0.395,eng
OL37523741M,,,,0.323,eng
OL37528616M,,,,0.395,eng
OL36486652M,,,,,eng
OL39783219M,,,,0.405,eng
OL38545000M,,,,0.395,eng
OL38548543M,,,,0.395,eng
OL38550552M,,,,0.345,eng
OL38474713M,,,,0.395,eng
OL38493906M,,,,0.395,eng
OL38501619M,,,,0.405,eng
OL38438132M,,,,0.395,eng
OL38415839M,,,,0.395,eng
OL38106735M,,,,0.395,eng
OL37702994M,,,,0.395,eng
OL38198710M,,,,0.395,eng
OL37516823M,,,,0.318,eng
OL37485229M,,,,0.532,eng
OL36987497M,,,,0.391,eng
OL36993945M,,,,0.395,eng
OL36503508M,,,,0.400,eng
OL35717544M,281,,,,fre
OL27688125M,230,library binding,,,eng
OL52248106M,326,,,,eng
OL37656292M,,,,0.391,eng
OL37663250M,,,,0.395,eng
OL37668867M,,,,0.386,eng
OL37591864M,,,,0.395,eng
OL37548645M,,,,0.405,eng
OL37518255M,,,,0.391,eng
OL37522875M,,,,0.395,eng
OL37523668M,,,,0.205,eng
OL37516984M,,,,0.391,eng
OL36987236M,,,,0.395,eng
OL38559029M,,,,0.382,eng
OL38527987M,,,,0.623,eng
OL38512856M,,,,0.395,eng
OL38518967M,,,,0.350,eng
OL38479757M,,,,0.395,eng
OL38486949M,,,,0.395,eng
OL38492609M,,,,0.395,eng
OL38462604M,,,,0.395,eng
OL38462304M,,,,0.395,eng
OL38467768M,,,,0.395,eng
OL38503532M,,,,0.395,eng
OL38548514M,,,,0.395,eng
OL38443781M,,,,0.395,eng
OL38444353M,,,,0.395,eng
OL38165273M,,,,0.368,eng
OL38143518M,,,,0.391,eng
OL38133361M,,,,0.395,eng
OL37749967M,218,,,,eng
OL37729451M,,,,,eng
OL37008904M,,,,0.391,eng
OL37002149M,,,,0.395,eng
OL36965726M,,,,0.391,eng
OL35330489M,,,,,eng
OL29072077M,209,paperback,,,
OL27160911M,247,,,,eng
OL22921691M,302,,,,chi
OL37695223M,,,,0.395,eng
OL37528995M,,,,0.382,eng
OL37524351M,,,,0.395,eng
OL36964460M,,,,0.414,eng
OL36486651M,,,,,eng
