work_key,person
OL18020194W,Lily
OL18020194W,atlas
OL18020194W,Ryle
OL20090688W,Alex Claremont-Diaz
OL20090688W,Prince Henry of Wales
OL20090688W,June Claremont-Diaz
OL20090688W,Ellen Claremont
OL27245843W,Josh Chen
OL27245843W,Jules Ambrose
OL27733867W,Colleen Hoover
OL27733867W,Lily
OL27733867W,Ryle
OL27733867W,Atlas
OL11327658W,Samma
OL11327658W,Roche Delacroix
OL2959315W,Tanya
OL2959315W,Rafe
OL2959315W,Tanya Carlton
OL2959315W,Rafe Carlton
OL27818823W,Ava Chen
OL27818823W,Alex Volkov
OL27818823W,Christian Harper
OL27818823W,Stella Alonso
OL27818823W,Dante Russo
OL3775397W,Caroline Maxwell
OL3775397W,Justin de Wolfe
OL11327660W,Ashley Landon
OL11327660W,Jago Marrick
OL11327987W,Felicia
OL11327987W,Sheik Raschid al Hamid al Sabah
OL11327987W,Faisal
OL1708087W,Kate Warrington
OL1708087W,Damian St. Ewan
OL3759285W,Genista
OL3759285W,Luke Ferguson
OL3467487W,Darcy Langton
OL3467487W,Joel Castille
OL4215998W,Chelsea Prescott
OL4215998W,Ricardo Colchero
OL4215998W,Hal Prescott
OL4215998W,Ramon Colchero
OL4215998W,Mercedes Colchero
OL4215998W,Vincente Colchero. Emilio
OL4215998W,Doña Teodora
OL4215998W,Carmen Romero
OL4215998W,Mrs Freer
OL4215998W,Sister Teresa
OL4215998W,Maureen Prescott
OL4215998W,Klaus Schultz
OL4215998W,Anna Hervas
OL4215998W,Madame du Vilier
OL4215998W,Miguel Buendia
OL5091273W,Wrath
OL5091273W,Beth Randall
OL3457830W,Sister Christina Forbes
OL3457830W,Dr. Duert ter Brandt
OL3457830W,Dr. Adam ter Brandt
OL3775449W,Heather Daniels
OL3775449W,Daniel Taggart
OL3775478W,Leonie
OL3775478W,John G. Noble
OL3775478W,Emily Dryer
OL3775478W,Phil
OL3775478W,Wanda
OL3775478W,Tom
OL3775478W,Jeremy Lindsay
OL6794523W,Charlotte
OL6794523W,Kit Landor
OL3771321W,Abby
OL3771321W,Piers
OL11277304W,Liza
OL11277304W,G.K. Gifford
OL3759349W,Nicola
OL3759349W,Matt Hunt
OL3458001W,Lucy Lockitt
OL3458001W,Dr. William Thurloe
OL3458001W,Fiona Seymour
OL11327979W,Lark Cummings
OL11327979W,James Wolfe
OL3457933W,Katherine Marsh
OL3457933W,Dr. Jason Fitzroy
OL11327957W,Kate Hammond
OL11327957W,Dominic Harland
OL3759116W,Lady Eleanor de Tressail
OL3759116W,Joss Wycliffe
OL9367818W,Lin Blake
OL9367818W,Soren Wingard
OL5236259W,Lynda Endfield
OL5236259W,Kyle Endfield
OL11327666W,Alison Mortimer
OL11327666W,Nicholas Bristow
OL20650912W,Bryce Quinlan
OL20650912W,Hunt Athalar
OL8315359W,Metissa
OL8315359W,Julian Forrest
OL3759318W,Holly Witchell
OL3759318W,Drew Hammond
OL3759318W,Rosamund
OL3759318W,Howard Neston
OL11327953W,Jenna
OL11327953W,Simon Townsend
OL11277315W,Joanne
OL11277315W,Ben Norris
OL11277315W,Clea Thorpe
OL3475982W,Alannah Finderne
OL3475982W,Nicholas Challoner
OL8315354W,Kathryn
OL8315354W,Diego Alvarez
OL8315362W,Helen Andrews
OL8315362W,Ross Maclean
OL11328452W,Claire Fletcher
OL11328452W,Dane Visconti
OL11277298W,Stephanie
OL11277298W,Gerard Tenniel
OL3467485W,Amanda
OL3467485W,Malory Templeton
OL3467485W,Nigel Templeton
OL3294436W,Laura
OL3294436W,Simon Hilliard
OL3294436W,Annette
OL3845148W,Georgina
OL3845148W,Tallis York
OL3845148W,Desmond Warner
OL4233148W,Madeline Gilburn
OL4233148W,Dominic Stanton
OL2959270W,Ann
OL2959270W,Matt Fielding
OL11277334W,Belinda
OL11277334W,Vincent Garrett
OL11277334W,Ricky
OL7990767W,Santino Vitale
OL7990767W,Frankie Caparelli Vitale
OL11327897W,Emma
OL11327897W,Drake Harwood
OL11327897W,Camilla
OL8030401W,Gemma Lyle
OL8030401W,James Sanderson
OL8315310W,Georgina
OL8315310W,Steven Templeton
OL3770492W,"Perdita ""Purdey"" Bruce"
OL3770492W,Jared Faulkner
OL4233186W,Roberta
OL4233186W,Solomon Maclaine
OL3467489W,Nicola Tarrant
OL3467489W,Luis Alvarado de Montalba
OL3467489W,Teresita
OL4233175W,Rebecca Shaw
OL4233175W,Jay Lorence
OL20893778W,Michael Crist
OL20893778W,Erika 'Rika' Fane
OL11327973W,Stephanie
OL11327973W,Gray Chalmers
OL11327962W,Maggie
OL11327962W,Marcus Landersby
OL11327962W,Susie
OL11327962W,Sara
OL11327962W,Isobel
OL4342716W,Emily Lamb
OL4342716W,Luke Adams
OL4342716W,Gina Harrick
OL3845179W,Josslyn
OL3845179W,Thane Addison
OL15411754W,Linden Howard
OL15411754W,Lin Howard
OL15411754W,Sir Joshua Wyatt (Joss)
OL15411754W,Daniel Wyatt
OL15411754W,Dolly
OL15411754W,Helen
OL15411754W,Bill
OL15411754W,Geoff
OL15411754W,Penny
OL15411754W,Marquis of Chern
OL15411754W,Helen Innes
OL2959374W,Lissa Gilmore
OL2959374W,Kane Marriot
OL3476079W,Faine
OL3476079W,Burke Harding
OL3845101W,Whitney Lawford
OL3845101W,Sloan Illingworth
OL3771180W,Toni Morley
OL3771180W,The Conde
OL8315355W,Joanna
OL8315355W,Nick Martella
OL3845173W,Jayme Warren
OL3845173W,Nerone Mondadori
OL4233121W,Sara
OL4233121W,Nicolas Santino
OL4233121W,Lia
OL5236211W,Renee
OL5236211W,Nick Garbutt
OL3845160W,Mornay
OL3845160W,Brad Kendrick
OL11327982W,Lee
OL11327982W,Gilles de Chauvigny
OL2705619W,Rebecca Menteith
OL2705619W,Darrock Fordyce
OL2705619W,Becky
OL2705619W,Lennox
OL3770466W,Gael
OL3770466W,Leo Kane
OL5236199W,Fleur
OL5236199W,Julian Standford
OL4225414W,Liz Holden
OL4225414W,Dr. Grant Battersby
OL3775489W,Kate
OL3775489W,Damien Savage
OL3775489W,James St. Just
OL11327153W,Carla Howard
OL11327153W,Blaze Douglas
OL11327153W,Crispin Douglas
