work_key,title,subtitle,description,edition_count,first_publish_year,first_publish_date
OL18020194W,It Ends With Us,,"Lily hasn’t always had it easy, but that’s never stopped her from working hard for the life she wants. She’s come a long way from the small town where she grew up—she graduated from college, moved to Boston, and started her own business. And when she feels a spark with a gorgeous neurosurgeon named Ryle Kincaid, everything in Lily’s life seems too good to be true.

Ryle is assertive, stubborn, maybe even a little arrogant. He’s also sensitive, brilliant, and has a total soft spot for Lily. And the way he looks in scrubs certainly doesn’t hurt. Lily can’t get him out of her head. But Ryle’s complete aversion to relationships is disturbing. Even as Lily finds herself becoming the exception to his “no dating” rule, she can’t help but wonder what made him that way in the first place.

As questions about her new relationship overwhelm her, so do thoughts of Atlas Corrigan—her first love and a link to the past she left behind. He was her kindred spirit, her protector. When Atlas suddenly reappears, everything Lily has built with Ryle is threatened.

With this bold and deeply personal novel, It Ends With Us is a heart-wrenching story and an unforgettable tale of love that comes at the ultimate price.",56,2012,
OL24390422W,Twisted Love,,"He has a heart of ice … but for her, he'd burn the world. Alex Volkov is a devil blessed with the face of an angel and cursed with a past he can't escape. Driven by a tragedy that has haunted him for most of his life, his ruthless pursuits for success and vengeance leave little room for matters of the heart. But when he's forced to look after his best friend's sister, he starts to feel something in his chest: A crack. A melt. A fire that could end his world as he knew it.

Ava Chen is a free spirit trapped by nightmares of a childhood she can't remember. But despite her broken past, she's never stopped seeing the beauty in the world … including the heart beneath the icy exterior of a man she shouldn't want. Her brother's best friend. Her neighbor. Her savior and her downfall. Theirs is a love that was never supposed to happen - but when it does, it unleashes secrets that could destroy them both … and everything they hold dear. Twisted Love is a brother's best friend/opposites attract romance with a hint of suspense. It's book one in the Twisted series, but can be read as a standalone. WARNING: This book contains a possessive alpha/antihero, explicit sexual content, and profanity. No cheating or ménage, but if you're looking for a traditionally sweet, loveable hero, this is not the book for you. Recommended for 18+.",18,2021,
OL35223328W,Married at first sight,,,5,2015,
OL20808172W,Punk 57,,"""We were perfect together. Until we met.""

Misha

I can’t help but smile at the words in her letter. She misses me.

In fifth grade, my teacher set us up with pen pals from a different school. Thinking I was a girl, with a name like Misha, the other teacher paired me up with her student, Ryen. My teacher, believing Ryen was a boy like me, agreed.

It didn’t take long for us to figure out the mistake. And in no time at all, we were arguing about everything. The best take-out pizza. Android vs. iPhone. Whether or not Eminem is the greatest rapper ever…

And that was the start. For the next seven years, it was us.

Her letters are always on black paper with silver writing. Sometimes there’s one a week or three in a day, but I need them. She’s the only one who keeps me on track, talks me down, and accepts everything I am.

We only had three rules. No social media, no phone numbers, no pictures. We had a good thing going. Why ruin it?

Until I run across a photo of a girl online. Name’s Ryen, loves Gallo’s pizza, and worships her iPhone. What are the chances?

F*ck it. I need to meet her.

I just don’t expect to hate what I find.

Ryen

He hasn’t written in three months. Something’s wrong. Did he die? Get arrested? Knowing Misha, neither would be a stretch.

Without him around, I’m going crazy. I need to know someone is listening. It’s my own fault. I should've gotten his number or picture or something.

He could be gone forever.

Or right under my nose, and I wouldn’t even know it.",17,2016,
OL34774028W,Powerless,,"Only the extraordinary belong in the kingdom of Ilya—the exceptional, the empowered, the Elites.

The powers these Elites have possessed for decades were graciously gifted to them by the Plague, though not all were fortunate enough to both survive the sickness and reap the reward. Those born Ordinary are just that—ordinary. And when the king decreed that all Ordinaries be banished in order to preserve his Elite society, lacking an ability suddenly became a crime—making Paedyn Gray a felon by fate and a thief by necessity.

Surviving in the slums as an Ordinary is no simple task, and Paedyn knows this better than most. Having been trained by her father to be overly observant since she was a child, Paedyn poses as a Psychic in the crowded city, blending in with the Elites as best she can in order to stay alive and out of trouble. Easier said than done.

When Paeydn unsuspectingly saves one of Ilyas princes, she finds herself thrown into the Purging Trials. The brutal competition exists to showcase the Elites’ powers—the very thing Paedyn lacks. If the Trials and the opponents within them don’t kill her, the prince she’s fighting feelings for certainly will if he discovers what she is—completely Ordinary.",13,2023,
OL20090688W,"Red, White & Royal Blue",,"**What happens when America's First Son falls in love with the Prince of Wales?**

When his mother became President of the United States, Alex Claremont-Diaz was promptly cast as the American equivalent of a young royal. Handsome, charismatic, genius--his image is pure millennial-marketing gold for the White House. There's only one problem: Alex has a beef with an actual prince, Henry, across the pond. And when the tabloids get hold of a photo involving an Alex/Henry altercation, U.S./British relations take a turn for the worse.

Heads of family and state and other handlers devise a plan for damage control: Stage a truce between the two rivals. What at first begins as a fake, Instagrammable friendship grows deeper, and more dangerous, than either Alex or Henry could have imagined. Soon Alex finds himself hurtling into a secret romance with a surprisingly unstuffy Henry that could derail the presidential campaign and upend two nations. It raises the question: Can love save the world after all? Where do we find the courage, and the power, to be the people we are meant to be? And how can we learn to let our true colors shine through?

This description comes from the publisher.",20,2019,
OL25515697W,Twisted Games,,"She can never be his…but he’s taking her anyway.

Stoic, broody, and arrogant, elite bodyguard Rhys Larsen has two rules: 1) Protect his clients at all costs 2) Do not become emotionally involved. Ever.

He has never once been tempted to break those rules…until her.

Bridget von Ascheberg. A princess with a stubborn streak that matches his own and a hidden fire that reduces his rules to ash. She’s nothing he expected and everything he never knew he needed.

Day by day, inch by inch, she breaks down his defenses until he’s faced with a truth he can no longer deny: he swore an oath to protect her, but all he wants is to ruin her. Take her.

Because she’s his.

His princess.

His forbidden fruit.

His every depraved fantasy.

***

Regal, strong-willed, and bound by the chains of duty, Princess Bridget dreams of the freedom to live and love as she chooses.

But when her brother abdicates, she’s suddenly faced with the prospect of a loveless, politically expedient marriage and a throne she never wanted.

And as she navigates the intricacies—and treacheries—of her new role, she must also hide her desire for a man she can’t have.

Her bodyguard.

Her protector.

Her ultimate ruin.


Unexpected and forbidden, theirs is a love that could destroy a kingdom…and doom them both.


Twisted Games is a contemporary royal bodyguard romance. It’s book two of the Twisted series but can be read as a standalone.

Warning: This book contains a possessive hero, explicit content, and profanity.",11,2021,
OL20564687W,Hopeless,,"Sky, a senior in high school, meets Dean Holder, a guy with a promiscuous reputation that rivals her own. From their very first encounter, he terrifies and captivates her. Something about him sparks memories of her deeply troubled past, a time she's tried so hard to bury. Though Sky is determined to stay far away from him, his unwavering pursuit and enigmatic smile break down her defences and the intensity of the bond between them grows. But the mysterious Holder has been keeping secrets of his own, and once they are revealed, Sky is changed forever and her ability to trust may be a casualty of the truth.",15,2013,
OL27245843W,Twisted Hate,,"He hates her...almost as much as he wants her.

Gorgeous, cocky, and fast on his way to becoming a hotshot doctor, Josh Chen has never met a woman he couldn’t charm—except for Jules f**king Ambrose.

The beautiful redhead has been a thorn in his side since they met, but she also consumes his thoughts in a way no woman ever has.

When their animosity explodes into one unforgettable night, he proposes a solution that’ll get her out of his system once and for all: an enemies with benefits arrangement with simple rules.

No jealousy.

No strings attached.

And absolutely no falling in love.

**

Outgoing and ambitious, Jules Ambrose is a former party girl who’s focused on one thing: passing the attorney’s bar exam.

The last thing she needs is to get involved with a doctor who puts the SUFFER in insufferable…no matter how good-looking he is.

But the more she gets to know him, the more she realizes there’s more than meets the eye to the man she’s hated for so long.

Her best friend’s brother.

Her nemesis.

And her only salvation.

Theirs is a match made in hell, and when the demons from their past catch up with them, they’re faced with truths that could either save them …or destroy everything they’ve worked for.

Twisted Hate is a steamy enemies with benefits/enemies to lovers romance. It's book three in the Twisted series but can be read as a standalone.

Warning: The story contains explicit content, mild violence, profanity, and topics that may be sensitive to some readers. Detailed list linked inside the book. Recommended for 18+.",7,2022,
OL27733867W,It Starts with Us,,"**Before It Ends with Us, it started with Atlas. Colleen Hoover tells fan favorite Atlas’s side of the story and shares what comes next in this long-anticipated sequel to the “glorious and touching” (USA TODAY) #1 New York Times bestseller It Ends with Us.**

Lily and her ex-husband, Ryle, have just settled into a civil coparenting rhythm when she suddenly bumps into her first love, Atlas, again. After nearly two years separated, she is elated that for once, time is on their side, and she immediately says yes when Atlas asks her on a date.

But her excitement is quickly hampered by the knowledge that, though they are no longer married, Ryle is still very much a part of her life—and Atlas Corrigan is the one man he will hate being in his ex-wife and daughter’s life.

Switching between the perspectives of Lily and Atlas, It Starts with Us picks up right where the epilogue for the “gripping, pulse-pounding” (Sarah Pekkanen, author of Perfect Neighbors) bestselling phenomenon It Ends with Us left off. Revealing more about Atlas’s past and following Lily as she embraces a second chance at true love while navigating a jealous ex-husband, it proves that “no one delivers an emotional read like Colleen Hoover” (Anna Todd, New York Times bestselling author).",26,2022,
OL11327658W,Devil and the Deep Sea,,"""A year out of your life. What price would you ask?""

Samma supposed that any other woman would surely slap the face of a man who would pose such a question. But Samma couldn't afford that luxury with Roche Delacroix.

With her stepfather ready to sell her ""favors"" to clear his gambling debts, Roche represented Samma's only avenue of escape from an unthinkable future on Cristoforo Island.

Only a few hours earlier, the lips that opened the suggestive negotiation had made Samma so thoroughly aware of being female. Samma couldn't help feeling that life was doubly unfair.",5,1988,
OL27310398W,Haunting Adeline,,"**The Manipulator**

I can manipulate the emotions of anyone who lets me.

I will make you hurt, make you cry, make you laugh and sigh.

But my words don't affect him. Especially not when I plead for him to leave.

He's always there, watching and waiting.

And I can never look away.

Not when I want him to come closer.

**The Shadow**

I didn't mean to fall in love.

But now that I have, I can't stay away.

I'm mesmerized by her smile, by her eyes, and the way she moves.

The way she undresses...

I'll keep watching and waiting. Until I can make her mine.

And once she is, I'll never let her go.

Not even when she begs me to.",16,2021,
OL2959315W,Breaking Point,,"The honeymoon was over

Rafe had wanted Tanya the moment he saw her. When he proposed, she'd been deliciously happy--happy to give up her job without a second thought, and devote herself to decorating their beautiful new home in Sydney's most prestigious neighborhood.

She hadn't realized then that the only intimacy he wanted with her was in their bed. Rafe put business--including his cool blond personal assistant--first.

Tanya was not about to spend the rest of her life waiting for a man who thought another woman was more important than his wife. The honeymoon was over. The marriage was at the breaking point.",3,1992,1993
OL20068530W,Verity,,"Lowen Ashleigh is a struggling writer on the brink of financial ruin when she accepts the job offer of a lifetime. Jeremy Crawford, husband of bestselling author Verity Crawford, has hired Lowen to complete the remaining books in a successful series his injured wife is unable to finish.
 
Lowen arrives at the Crawford home, ready to sort through years of Verity’s notes and outlines, hoping to find enough material to get her started. What Lowen doesn’t expect to uncover in the chaotic office is an unfinished autobiography Verity never intended for anyone to read. Page after page of bone-chilling admissions, including Verity's recollection of the night her family was forever altered.
 
Lowen decides to keep the manuscript hidden from Jeremy, knowing its contents could devastate the already grieving father. But as Lowen’s feelings for Jeremy begin to intensify, she recognizes all the ways she could benefit if he were to read his wife’s words. After all, no matter how devoted Jeremy is to his injured wife, a truth this horrifying would make it impossible for him to continue loving her.",23,2018,
OL27818823W,Twisted Lies,,"He'll do anything to have her...including lie.

Charming, deadly, and smart enough to hide it, Christian Harper is a monster dressed in the perfectly tailored suits of a gentleman.

He has little use for morals and even less use for love, but he can’t deny the strange pull he feels toward the woman living just one floor below him.

She’s the object of his darkest desires, the only puzzle he can’t solve. And when the opportunity to get closer to her arises, he breaks his own rules to offer her a deal she can’t refuse.

Every monster has their weakness. She’s his.

His obsession.

His addiction.

His only exception.

---

Sweet, shy, and introverted despite her social media fame, Stella Alonso is a romantic who keeps her heart in a cage.

Between her two jobs, she has little time or desire for a relationship.

But when a threat from her past drives her into the arms—and house—of the most dangerous man she’s ever met, she’s tempted to let herself feel something for the first time in a long time.

Because despite Christian’s cold nature, he makes her feel everything when she’s with him.

Passionate.

Protected.

Truly wanted.

Theirs is a love twisted with secrets and tainted by lies…and when the truths are finally revealed, they could shatter everything.

Twisted Lies is a steamy fake dating romance. It's the fourth and final book in the Twisted series but can be read as a standalone.

Warning: The story contains explicit content, violence, profanity, and topics that may be sensitive to some readers. Please see inside the book for a detailed list. Recommended for 18+.",10,2022,
OL3775397W,Uncertain Destiny,,"""Can't you see how much loving someone hurts?""

Justin de Wolfe's words were prophetic for Caroline Maxwell. Drawn to Justin by a fierce mutual passion, the usually sensible Caroline married him knowing that he couldn't love her, just as she couldn't help loving him.

She accepted the hazards of marriage to the arrogant, magnetic lawyer. But Justin's reaction to Caroline's eager announcement of her pregnancy shocked her to the core.

So many things about Justin needed an explanation; his aversion to love, his sudden changes of mood and the woman from his past whose name he cried out in his sleep. Her, most of all.",5,1988,
OL11327660W,The Marriage Deal,,"Jago was the only possible solution

Ashley Landon was desperate. After two years of her best efforts as chairman, her family's business faced either bankruptcy or a takeover. Then Jago Marrick, her ex-fiance, turned up with a hardheaded alternative--marriage.

Ashley's first reaction was shock, but Jago seemed to be the company's only hope. As her husband and the new chairman, Jago's vast business experience could put Landons back on its feet.

Reluctantly Ashley accepted--only to find that he wanted much more from their marriage than she was prepared to give.

Mills & Boon

Ashley had put all thoughts of Jago Marrick behind her three years ago when he disillusioned her so totally about his motives for marrying her. She had grown a hard shell and learned how to fight her own battles in the business world and she was proud of her achievements. But now a problem faced her that she couldn't conquer and it seemed that Jago was the only man prepared to help her - at a price. Every instinct told Ashley not to trust him. But had she really an alternative?",4,1986,
OL11327987W,Falcon's Prey,,"Desert Bride. Felicia accepted there would be hurdles to overcome when she agreed to accompany her fiance, Faisal, to his homeland: she was ordinary English girl, and he was an Arab from a immensely wealthy family. But there was one particular problem she hadn't bargained for- Faisal's uncle, Sheikh Raschid al Hamid al Sabah. It wasn't just Raschid's mistaken conviction that Felicia was an unprincipled gold digger that was causing her alarm. It was the slowly awakening realization that she might have become engaged to the wrong man....",13,1981,
OL1708087W,To Catch A Butterfly,,"Kate had always adored Cornwall, and when the wealthy business tycoon Damian St. Ewan offered her a job there for two months - despite the fact that she didn't like tycoons in general and Damian St. Ewan in particular - she decided the opportunity was too good to miss. She had taken it for granted that the job in question was a secretarial one, so she was astounded when she arrived in Cornwall to learn that Damian had had something quite different in mind. It appeared that he wanted a temporary fiancee, to keep another woman at bay. And something told Kate that she would be playing with fire if she agreed . . .",3,1977,"March 1, 1985"
OL3759285W,Bought with His Name,,"To discourage him, Genista had deliberately let the arrogantly handsome Luke Ferguson believe that she was a promiscuous adventuress. She knew from experience the hurt a man could carelessly inflict on an innocent heart, and she realized how vulnerable she was to his brand of magnetism. Luke's proposal of marriage was a shock, as was his method of asking. It sounded very much like blackmail, and in the circumstances she had no alternative but to accept.",8,1982,
OL4342701W,Confirmed bachelor,,"Her assignment was glamorous but tough.

The man Robyn was sent to work with was the disreputable playboy author, Bradley Dexter--a man whose scandalous life-style and cynical attitude she despised.

However, Robyn wasn't easily deterred. She ignored the noisy parties and exotic women at Brad's villa and set determinedly to work.

Making Bradley concentrate on his manuscript required the most devious tactics--and Robyn pretended to be as jaded as he was. But falling in love with this outrageous man was never part of her plan!",4,1981,
OL3467487W,Contra Su Voluntad,(Against Her Will) (Harlequin Bianca (Spanish)),"Darcy Langton is stunned when she finds herself engaged to businessman Joel Castille—traded as part of a business merger! While Joel represents everything that she detests in a mate, he's also the most charismatic man she's ever met.Joel has no intentions of honoring their in-name-only agreement, and away from the boardroom Darcy is unable to resist his sensual persuasions. But when Darcy makes a shocking discovery, Joel must win her back—or risk losing his most valuable asset forever....",8,2006,"February 13, 2007"
OL21833211W,Priest,,"There are many rules a priest can't break. A priest cannot marry. A priest cannot abandon his flock. A priest cannot forsake his God.

I've always been good at following rules.

Until she came. Then I learned new rules.

My name is Tyler Anselm Bell. I'm twenty-nine years old. Six months ago, I broke my vow of celibacy on the altar of my own church, and God help me, I would do it again.

I am a priest and this is my confession.",5,2015,
OL4215998W,To Speak of Love,,"Chelsea had to grow into love.

Neglected by her parents, Chelsea Prescott was a rebellious, insecure teenager when she'd first met Ricardo Colchero at his family home in Madrid. ""Be careful about what you want, nina,"" the dark eyed banker had warned gently, ""because that's surely what you'll get.""

Finishing school and a year of traveling had transformed Chelsea from an awkward girl to a beautiful woman. Suddenly her easy relationship with Ricardo was complicated by a new and powerful attraction.

Ricardo's intentions were clear. He wanted Chelsea. But only if she was free and ready to choose love for itself.",4,1986,
OL5091273W,Dark Lover,,"In the shadows of the night in Caldwell, New York, there's a deadly turf war going on between vampires and their slayers. There exists a secret band of brothers like no other--six vampire warriors, defenders of their race. Yet none of them relishes killing their enemies, the lessers, more than Wrath, the leader of the Black Dagger Brotherhood....

The only purebred vampire left on the planet, Wrath has a score to settle with the slayers who murdered his parents centuries ago. But, when one of his most trusted fighters is killed--orphaning a half-breed daughter unaware of her heritage or her fate--Wrath must usher the beautiful female into the world of the undead....

Racked by a restlessness in her body that wasn't there before, Beth Randall is helpless against the dangerously sexy man who comes to her at night with shadows in his eyes. His tales of brotherhood and blood frighten her. But his touch ignites a dawning hunger that threatens to consume them both....",17,2005,
OL486967W,The Princess Bride,,"*The Princess Bride is a timeless tale that pits country against country, good against evil, love against hate. This incredible journey and artfully rendered love story is peppered with strange beasties monstrous and gentle, memorable surprises both terrible and sublime, and such unforgettable characters as...*

**Westley**, the handsome farm boy who risks death (and much worse) for the woman he loves; **Inigo**, the Spanish swordsman who lives only to avenge his father's death; **Fezzik**, the gentlest giant ever to have uprooted a tree with his bear hands; **Vizzini**, the evil Sicilian, with a mind so keen he's foiled by his own perfect logic; **Prince Humperdinck**, the eviler ruler of Guilder, who has an equally insatiable thirst for war and beauteous Buttercup; **Count Rugen**, the evilest man of all, who thrives on the excruciating pain of others; **Miracle Max**, the King's ex-Miracle Man, who can raise the dead (kind of); and, of course, **Buttercup**... the princess bride, the most perfect, beautiful woman in the history of the world!",31,1973,
OL3457830W,Not Once But Twice,,"Dr. Duert ter Brandt disapproved of Christina's relationship with his brother Adam, and he made sure they both knew it. True, he didn't stop Chrissy from coming to Holland to work near Adam. Still, he made it clear that her infatuation was not in the best interest of his hospital. But maybe he had other --hidden-- reasons for hoping that Chrissy would give up her notion of love at first sight…..",12,1981,"June 1, 2001"
OL3775449W,Taggart's Woman,,"She married into turbulence

To inherit her rightful share of the family airline business, Heather Danvers, 21, was forced to marry her late father's partner--Daniel Taggart, a rough-edged, self-made millionaire whose contempt for her was obvious.

In the two years since they'd first met, Heather's love had soared to dizzying heights while 34 year old Daniel's feelings had stayed in a holding pattern of indifference.

The thought of sleeping with Daniel now seemed to Heather a little like hell--and heaven! Would true love be forever on standby?",6,1987,
OL3775478W,Love's Duel,,"Four years ago, Leonie had gone through the worst experience of her life, when as a result of her innocent love affair with Jeremy Lindsay she had been confronted by the hateful John G Noble, who had done his best to wreck her. Since then Leonie had managed to rebuild her life, been married and widowed, and put the past behind her. But now, when she had least expected it, John Noble had reappeared, with no intention it seemed, of burying the past.",7,1982,
OL6794523W,Temporary Bride,,"It was a terrible choice for her

Yet Kit Landor was as implacable as his piercing blue eyes when he told Charlotte,

""You'll marry me or Uncle Joe gets what's coming to him.""

Charlotte couldn't let her beloved uncle go to prison. Besides, Kit was too attractive for his own good, and Charlotte was not immune to his charms.

But she wasn't going to let him have things all his own way. Why should she--especially when he really wanted the glamorous Veronica.",8,1988,
OL3771321W,Season of Mists,,"""Our marriage was a farce,"" Piers said. 

 Abby couldn't deny Piers's statement. Time had certainly proven that true, but the young Abby had loved him with all the passion within her. 

 At that time she could not have foreseen the awful events that had led him to deny his own son. Abby had done the only thing possible, she'd fled. 

 For twelve years she thought she hated Piers, and then he came back into her life. Try as she did to fight it, she realized hopelessly that she was as vulnerable as ever to his attraction.",11,1982,
OL11277304W,Out of Control,,"No man would get close to her again! 

The scars of an adolescent indiscretion were still so raw that Liza kept her heart uninvolved in any relationships. A modeling career and business had given her material success and peace of mind. 

Then she collided with G. K. Gifford outside her Essex cottage and poof - there went her hard-won serenity. For this wealthy man had crashed into her life to break up his nephew's friendship with a ""gold digger"" and the chemistry between them had flared.",4,1987,
OL3759349W,Past Passion,,"Too close...
 
At eighteen, Nicola had made a terrible mistake and eight years later is still punishing herself for her folly. But her shameful secret comes full circle when Matt Hunt walks back into her life -- as her new boss. Not that Matt recognizes the assured, controlled businesswoman as the girl who had shared his bed for one brief night. 

Her dread of discovery attacks her frail self-control. But so does Nicola's consuming need for the man who has haunted her dreams for so long. What will she do when Matt, inevitably, recognizes her...?",10,1992,
OL3458001W,The Girl with Green Eyes,,"Lucy wasn't a career girl

Unlike her two bright go-getting sisters, Lucy's goal was to find a man she loved and settle down with him to a life of happy domesticity.

But Mr. Right seemed to be peculiarly elusive. Until the day that Lucy encountered the eminent pediatrician William Thurloe and fell head-over-heels in love with him.

Not that she had the faintest hope of attracting his interest. Especially with the glamorous Fiona as direct competition. And yet Lucy knew there had to be some way of making William notice her.. . .",10,1990,1990
OL11327979W,Without Trust,,"She had been hurt too many times

 Accused by a malicious cousin of committing a scandalous crime, Lark Cummings, 22, was devastated. And, in the British courts, the prosecutor, ruthless James Wolfe, showed her no mercy.

 Then, incredibly, the case was dropped. And--out of the blue--impoverished Lark was offered an ideal job by a rich widow. She gladly accepted--unaware that disconcerting James Wolfe, 30, was her employer's enigmatic son.

 With James's reappearance in her life, Lark feared the powerful currents pulsing between them. She couldn't bear to risk her trust. Not to the man who'd once treated her so callously.",6,1988,
OL3457933W,When Two Paths Meet,,"He had saved her, but he didn't love her.
Katherine Marsh was practically a slave to her brother's family in the small English country where she lived. Then she met Dr. Jason Fitzroy - and fell instantly in love. 
Dr. Fitzroy found her a job at the hospital, and gave her a new sense of self-respect. He also gave her her first taste of freedom missing from her earlier years. 
But Katherine knew she could never truly be free - not while her heart was a prisoner of love.",12,1988,"October 1, 2001"
OL11327957W,A Man Possessed,,"He'd rejected her once already.

A cruel fate brought Dominic Harland back into Kate Hammond's life.

Eight years ago, in the midst of a bleak marriage, Kate had offered herself to Dominic only to be humiliatingly rejected. The pain had lingered, and after her husband's death she'd vowed there would be no men in her life.

Kate was starting over—selling her house, starting a business—when Dominic reappeared, still hurting her, still desiring her. But as she began to understand him, Kate's anger turned to love. And she was more afraid of Dominic than ever.",4,1986,
OL3759116W,Lover's Touch,,"Lady Eleanor de Tressail was simply mortified

Bad enough that before his death, her old-fashioned grandfather had ensured that their impoverished estate wouldn't have to be sold--by arranging her marriage. But to Joss Wycliffe of all people--the self-made millionaire who despised her!

Mistaking Nell's shyness for aristocratic disdain, Joss contemptuously told her that he was marrying her only for her social status. He never suspected that icily untouchable Nell loved him desperately.

Her wounded pride kept her from revealing her true feelings. Particularly when Joss's jealous secretary did her best to widen the rift between them...",6,1989,
OL9367818W,Never Count Tomorrow,,"The advertisement for a job as home help to the Wingard family on a farm in the hill country of New Zealand was just the thing Lin had been wanting - though not for the usual reasons. It was not the work she needed; it was that she hoped it would lead her to what she was searching for. But she had still not found it when she realised she had fallen in love with the son of the family, Soren, and everything crashed about her in ruins. Could she get away from him before she did any more harm?",3,1980,
OL5236259W,No Alternative,,"**Her second marriage would last forever...**

After 31 year old Kyle Endfield's betrayal of their 2 year marriage vows, 21 year old Lynda had rejected his wealth and power and divorced him immediately. She knew she would never love again, but she had been relieved to escape with some measure of her pride intact.

Kyle, however, had never accepted her defection. 3 years later, he exploited her brother's weakness for money and blackmailed Lynda into remarrying him -- this time for keeps.

To make matters worse, if Kyle were to become bored with his repossessed wife and return to his former mistress Olivia, Lynda would have no choice but to stay and endure the humiliation.",7,1983,
OL11327666W,A High Price to Pay,,"What choice did she really have?

Alison Mortimer had felt there was something going on over and above the appalling reality of her father's sudden death. And Nicholas Bristow's presence confirmed her suspicions.

Her father, she discovered, had lost everything in an attempt to save his business. Even Ladymead, the family home, had gone as security for loans. But 32 year old Nicholas Bristow, her father's lender, had not come to evict them.

The terms of settlement Nicholas offered took into account Ally's concern for her sister's future and her mother's peace of mind. At the price of their happiness, Ally could hardly refuse to marry him!",6,1986,
OL20650912W,House of Earth and Blood,,"Bound by blood.
Tempted by desire.
Unleashed by destiny.

Bryce Quinlan had the perfect life—working hard all day and partying all night—until a demon murdered her closest friends, leaving her bereft, wounded, and alone. When the accused is behind bars but the crimes start up again, Bryce finds herself at the heart of the investigation. She’ll do whatever it takes to avenge their deaths.

Hunt Athalar is a notorious Fallen angel, now enslaved to the Archangels he once attempted to overthrow. His brutal skills and incredible strength have been set to one purpose—to assassinate his boss’s enemies, no questions asked. But with a demon wreaking havoc in the city, he’s offered an irresistible deal: help Bryce find the murderer, and his freedom will be within reach.

As Bryce and Hunt dig deep into Crescent City’s underbelly, they discover a dark power that threatens everything and everyone they hold dear, and they find, in each other, a blazing passion—one that could set them both free, if they’d only let it.

With unforgettable characters, sizzling romance, and page-turning suspense, this richly inventive new fantasy series by #1 New York Times bestselling author Sarah J. Maas delves into the heartache of loss, the price of freedom—and the power of love.",18,2019,
OL8315359W,Impossible Bargain,,"""I want you to be my fiancee.""

 Julian Forrest's words were businesslike, but Merissa's first instinct was to run from the threatening brilliance of the raw male look of the man.

 Yet she agreed to his madcap scheme to pose as his bride-to-be, ostensibly to dispatch unwanted females from his busy life. After all, Merissa's modeling work barely provided for an ailing mother and a father's debts, and the fee Julian offered was exorbitant.

 She could do it, Merissa determined. She'd survive the necessary close contact with this unpredictable man--and hopefully the whole ridiculous affair--with her heart and her mind still her own!",4,1987,
OL77775W,The blue castle,,"Valancy Stirling is 29, unmarried, and has never been in love. Living with her overbearing mother and meddlesome aunt, she finds her only consolation in the ""forbidden"" books of John Foster and her daydreams of the Blue Castle--a place where all her dreams come true and she can be who she truly wants to be. After getting shocking news from the doctor, she rebels against her family and discovers a surprising new world, full of love and adventures far beyond her most secret dreams.",294,1926,"March 1, 1989"
OL21775531W,Destroy Me,,"In Shatter Me, Juliette escaped from The Reestablishment by seducing Warner -- and then putting a bullet in his shoulder. But as she'll learn in Destroy Me, Warner is not that easy to get rid of . . .

Back at the base and recovering from his near-fatal wound, Warner must do everything in his power to keep his soldiers in check and suppress any mention of a rebellion in the sector. Still as obsessed with Juliette as ever, his first priority is to find her, bring her back, and dispose of Adam and Kenji, the two traitors who helped her escape. But when Warner's father, the Supreme Commander of The Reestablishment, arrives to correct his son's mistakes, it's clear that he has much different plans for Juliette. Plans Warner simply cannot allow",4,2012,
OL3759318W,Beyond Compare,,"It was a mistake. It just had to be
Surely Howard would come to his senses and realize Holly was the one for him. When he did, she'd be waiting.

Meanwhile, though, Holly Witchell was determined to make Howard Neston

appreciate what he had lost in jilting her for her glamorous schoolmate, Rosamund. And who better than Drew Hammond to help her--after all,
Rosamund had jilted Drew to become engaged to Howard.

It seemed logical for Holly and Drew to pretend to be lovers while theywaited for their real loves to change their minds ....",7,1989,
OL27838518W,From Blood and Ash,,"A Maiden…

Chosen from birth to usher in a new era, Poppy’s life has never been her own. The life of the Maiden is solitary. Never to be touched. Never to be looked upon. Never to be spoken to. Never to experience pleasure. Waiting for the day of her Ascension, she would rather be with the guards, fighting back the evil that took her family, than preparing to be found worthy by the gods. But the choice has never been hers.

A Duty…

The entire kingdom’s future rests on Poppy’s shoulders, something she’s not even quite sure she wants for herself. Because a Maiden has a heart. And a soul. And longing. And when Hawke, a golden-eyed guard honor bound to ensure her Ascension, enters her life, destiny and duty become tangled with desire and need. He incites her anger, makes her question everything she believes in, and tempts her with the forbidden.

A Kingdom…

Forsaken by the gods and feared by mortals, a fallen kingdom is rising once more, determined to take back what they believe is theirs through violence and vengeance. And as the shadow of those cursed draws closer, the line between what is forbidden and what is right becomes blurred. Poppy is not only on the verge of losing her heart and being found unworthy by the gods, but also her life when every blood-soaked thread that holds her world together begins to unravel.",7,2020,
OL11327953W,Levelling the Score,,"He'd always made light of her feelings
 
When she was 15, Jenna had been infatuated with Simon Townsend, her best friend's teasing brother. Then infatuation changed to a curious uneasiness, one that made her feel edgy and restless in his company.
 
Fortunately she had little occasion to see much of him now, for, as a prominent 31 year old  London barrister, he moved in different circles than Jenna. But an escapade of his sister's threw Simon and Jenna, now 24, together again in a most awkward--not to mention compromising--situation. He thought it was funny. Jenna was not amused.
 
And she would have given anything to avoid the consequences!",7,1987,
OL11277315W,Twist of Fate,,"Joanne was a shadow of her lovely mother.

Everywhere she went, Clea Thorpe was the center of attention. And Joanne had been content enough living in her shadows, until Ben Norris arrived at their villa in Nice.

He seemed drawn to Clea, even offered to back her latest film. But his motives were not as simple as they seemed. The day Joanne discovered his real feelings was the day she decided she never wanted to see him again.

Now, after five years, she thought she'd got him out of her system. Then she opened a hotel room door, to suddenly find herself right back at square one.",6,1979,
OL20018811W,November 9,,"""Beloved #1 New York Times bestselling author Colleen Hoover returns with an unforgettable love story between a writer and his unexpected muse. 

Fallon meets Ben, an aspiring novelist, the day before her scheduled cross-country move. Their untimely attraction leads them to spend Fallon's last day in L.A. together, and her eventful life becomes the creative inspiration Ben has always sought for his novel. Over time and amidst the various relationships and tribulations of their own separate lives, they continue to meet on the same date every year. Until one day Fallon becomes unsure if Ben has been telling her the truth or fabricating a perfect reality for the sake of the ultimate plot twist. Can Ben's relationship with Fallon and simultaneously his novel be considered a love story if it ends in heartbreak?""--

Fallon meets Ben, an aspiring novelist, the day before her scheduled cross-country move. They spend Fallon's last day in L.A. together, and her eventful life becomes the creative inspiration Ben has always sought for his novel. Amidst the various relationships and tribulations of their own separate lives they continue to meet on the same date every year. But has Ben has been telling her the truth... or fabricating a perfect reality for the sake of the ultimate plot twist?",9,2015,
OL3475982W,The Guarded Heart,,"After a year abroad, Alannah was returning joyfully to her home in New Zealand - and to David; David whom she had loved for so long and whom she now hoped to marry. She would also, she realised, have to face the inscrutable Nicholas Challoner again; but perhaps by now he would have forgiven her for the tragedy she had unwittingly brought about - when she had accidentally caused the death of his wife. Nicholas, it soon appeared, had not forgiven her; but he had decided how she was going to make amends ...",5,1983,1983
OL8315354W,Stormy Surrender,,"""Love is mainly a matter of imagination,"" the arrogant Diego Alvarez informed Kathryn in his usual lordly manner. But Kathryn already knew that he was a man without a heart and she was determined to put up a good fight against his outrageous manipulation. She didn't want to go to Spain in the first place and she certainly didn't intend staying with her mother's adoptive family for long. She and Diego disliked each other heartily...so why did he occupy her thoughts so much?",4,1990,
OL8315362W,Perilous Refuge,,"One man in a lifetime was one too many

 Ross Maclean was as male as they got, filled with everything Helen Andrews hated and feared: masculine aggression, sexual power, unbending strength. Defense mechanisms went on full alert the moment she laid eyes on her new boss. Helen had a family to protect, a job she needed and a past that left fear and uncertainty where there should have been flesh-and-blood woman.

 But Ross dared to tread where her door had closed, unable to quell his longing for this fragile beauty with the strength often. Was he strong enough to crack that fortress around Helen's heart--and offer refuge in his own?",7,1991,
OL11328452W,Bittersweet Passion,,"In desperation Claire asked Dane to marry her

Her adoptive grandfather had left Claire Fletcher his entire estate on the condition that she marry one of his grandsons.

But he must have forgotten that the free-spirited Dane Visconti, though long banished from the family's realm, still qualified. And Claire had always idolized and trusted Dane.

With his worldly reputation, Claire conceded Dane was not the marrying kind, so when he agreed she promised to make no demands on him. But Dane made no promise in return - and insisted on a few conditions of his own.",4,1987,
OL4955616W,The Impossible Boss,,"Tammy Dainton hadn't come all the way out to the Australian outback to be bullied and pushed around by that detestable, impossible man, Rick Hatton, even if many other girls would have jumped at the opportunity. 

But Rick Hatton held all the cards, and it looked as though Tammy would just have to put up with him...",3,1975,
OL11277298W,Love in the Dark,,"He had always been a threat.

Stephanie had come halfway around the world, built a new life, met another man. And now Gerard Tenniel had arrived -- Gerard, who knew all about the scandal five years earlier and threatened to talk about it. Unless. 

It was the 'unless' that bothered Stephanie. She agreed that disclosure would hurt her brother's career, that her budding romance must die a-blooming. She even agreed to leave town with Gerard. So what else did he want? 

She was shocked to learn that despite the bitterness left by the trial, Gerard still wanted her. But was it for love -- or revenge?",4,1987,
OL3467485W,Comparative Strangers,,"It was outrageous. He couldn't be serious!

One day Amanda was happily engaged to Nigel, a flamboyant British car rally driver, the next she was the reluctant fiancee of his stern, laconic older brother, Malory Templeton. 

As if she hadn't been through enough. Hadn't finding Nigel in the arms of another woman been more than she deserved? The hard glitter in Malory's eyes told her otherwise. 

Malory was a virtual stranger to her, but Amanda had no choice. Her own foolish pride had caused the crazy switch in fiances, and Malory, it seemed, was going to hold her to it.",5,1988,"November 9, 1990"
OL3294436W,Retribution,,"His intentions were definitely dangerous

Laura didn’t know why Simon Hilliard had asked her sister, Annette, to go to Paris.  Whatever the reason, it could only mean trouble if she accepted.  Simon had a reputation – and it wasn’t a good one!

So Laura jumped in to save her sophisticated but careless sister.  And Simon lost no time in turning his charm on Laura herself.

Soon she discovered that Simon bore a secret grudge against her whole family.  She might save her sister – but she had no idea of how to save herself.",5,1981,June 1984
OL3845148W,The Other Woman,,"Georgina’s new boss Tallis York has been told that she is having an affair with Desmond Warner, his cousin’s estranged husband. Nothing she says or does can clear the air. As Georgina fumes about this unfounded gossip, somewhere along the way she realizes that she actually does care a lot about what Tallis thinks about her.",4,1980,
OL4233148W,Passionate Scandal,,"Wild and willful, Madeline had run rings around the besotted men who fell for her wicked blue eyes and black mane of hair. Until she met Dominic Stanton.

Their scandalous affair and broken engagement had sent Madeline running, crushed by a man who took his revenge in the most public of ways.

But now Madeline had returned, poised and controlled, her inner fire hidden--to everyone but Dominic. And now, somehow, two passionate adversaries would try to end the bitterness that had driven their families apart. But both knew it was a dangerous game",11,1994,
OL20004814W,"After We Collided (After Series, Book 2)",,"""Book Two of the After series--the Internet sensation with millions of readers. Tessa didn't plan on meeting H. during her freshman year of college. But now that she has, her life will never be the same""--",8,2014,
OL16014245W,Shatter Me,,"Juliette hasn't touched anyone in exactly 264 days. The last time she did, it was an accident, but The Reestablishment locked her up for murder. No one knows why Juliette's touch is fatal. As long as she doesn't hurt anyone else, no one really cares. The world is too busy crumbling to pieces to pay attention to a 17-year-old girl. Diseases are destroying the population, food is hard to find, birds don't fly anymore, and the clouds are the wrong color. The Reestablishment said their way was the only way to fix things, so they threw Juliette in a cell. Now so many people are dead that the survivors are whispering war-- and The Reestablishment has changed its mind. Maybe Juliette is more than a tortured soul stuffed into a poisonous body. Maybe she's exactly what they need right now. Juliette has to make a choice: Be a weapon. Or be a warrior. In this electrifying debut, Tahereh Mafi presents a world as riveting as The Hunger Games and a superhero story as thrilling as The X-Men. Full of pulse-pounding romance, intoxicating villainy, and high-stakes choices, Shatter Me is a fresh and original dystopian novel—with a paranormal twist—that will leave readers anxiously awaiting its sequel.",24,2011,
OL2959270W,Pattern of Deceit,,"'If you start fancying yourself in love with me, you're out.'

Matt Fielding might be impossibly arrogant, but his stipulation suited Ann just fine. Bitter experience had taught her to steer clear of the limelight - all she wanted was to concentrate on the prestigious job he was offering. But he needn't think he could walk all over her, either...so perhaps it was inevitable that sparks would fly!",7,1989,"October 1, 1990"
OL11277334W,Spellbinding,,"She woke to a strange world

After months in a coma, Belinda woke to find she'd lost her job, her apartment and even her fiance, Ricky. He had left her for another woman.

She resolved to get on with things and make a new life for herself. But she hadn't reckoned on the meddling of Ricky's brother, powerful merchant broker Vincent Garrett.

Gradually, despite all her attempts to evade him, Belinda was forced to acknowledge the attractions of a very unconventional Prince Charming ....",5,1990,
OL7990767W,The Reluctant Husband,,"She was still his wife!
Frankie Caparelli thought she'd seen the last of her husband, Santino Vitale -- until he breezed back on the scene with some earth-shattering news. Their marriage wasn't annulled, and now he intended to claim the wedding night they'd never had!
He had it all worked out. Within three weeks Frankie would have paid her dues and be free to leave Sardinia, file for divorce, and forget him forever.
But Santino hadn't reckoned on falling for Frankie all over again -- or that now she could be expecting his baby.... 

imho,
during the 5 year separation, it is reasonable to think he was faithful...
well, except for the almost indiscretion in the elevator,",11,1998,
OL11327897W,Fire with Fire,,"It occurred to him that he could use her

Emma had always played the role of dependable older sister, so it was not surprising that after smashing up Drake Harwood's brand-new Ferrari, Camilla, unable to pay, expected Emma to bail her out.

But the shrewd and attractive entrepreneur saw a way of capitalizing on her predicament. He exacted a highly unusual, and very personal payment that cost Emma her career as a London TV newscaster--to say nothing of her pride.

Emma was prepared to fight fire with fire--never thinking that, for her, Drake Harwood was as lethal as dynamite!",5,1985,
OL8030401W,Intangible Dream,,"A devil's bargain
James Sanderson is domineering, handsome and cold as black stone. Beneath all his polish, gloss and sophistication, Gemma knows there lurks a savage, untamed jungle cat who takes what he wants. And he wants her. 
 Her father's death and mitigating circumstances give James the upper hand. Gemma makes it clear she neither loves nor likes him, but the only way gaining time is to agree to his proposition of marriage. After all, she has a great sense of self-preservation and some terms of her own that she's prepared to deliver....",5,1992,
OL8315310W,Dearest Traitor,,"Lord of the manor

 Steven Templeton had shattered Georgina's life once, and now that he'd returned to Kellerdale Hall, he clearly intended to scatter the pieces. He obviously didn't want her around as estate manager.

 But Georgina declared war--convincing herself Steven was as bad as his reputation. Hadn't he stolen his brother's wife and turned a defenseless female out into the night?

 And she would never let him close enough to rekindle the desire that still haunted them both. But never was a long time, especially now that Steven was home for good....",6,1992,
OL3770492W,Echoes of the Past,,"She'd always intended to make amends someday

Now that day had dawned sooner than she'd expected. And Jared Faulkner was demanding a reckoning.

Purdey wasn't proud of the way she'd treated Jared in the past, even though at the time she could see no real alternative.

But it was a fearful price Jared wanted to extract from her-far greater than she'd expected to pay. And just as before she could see no other way out. Jared had her in his power and could so easily crush her....",5,1989,
OL17850410W,The Cruel Prince,,"**GUARD YOUR MORTAL HEART.**

JUDE WAS SEVEN WHEN HER PARENTS were murdered and she and her two sisters were stolen away to live in the treacherous High Court of Faerie. Ten years later, Jude wants nothing more than to belong there, despite her mortality. But many of the fey despise humans. Especially Prince Cardan, the youngest and wickedest son of the High King.

To win a place at the Court, she must defy him--and face the consequences.

As Jude becomes more deeply embroiled in palace intrigues and deceptions, she discovers her own capacity for tricker and bloodshed. But as betrayal threatens to drown the Courts of Faerie in violence, Jude will need to risk her life in a dangerous alliance to save her sisters, and Faerie itself.

From #1 *New York Times* bestselling author Holly Black comes the first book in a stunning new trilogy filled with twists and enchantment, as one girl learns the meaning of true power when she finds herself caught in a web of royal faerie intrigue.

This description comes from the publisher. *The Cruel Prince* is the first book of the Folk of the Air trilogy.",18,2018,
OL4233186W,Slave to Love,,"Sweet nights, no promises...

After her year-long affair with Solomon Maclaine, it was clear to Roberta that she would never be anything but his mistress. Mac's first marriage had left its scars on him, but he still seemed to give most of his time to his ex-wife and spoiled daughter.

Roberta faced a hard decision; if she were to have the commitment and children she craved, she'd have to leave. But could she really give up the love she shared with Mac ? A love that brought with it no promises...but the sweetest nights of passion?",11,1995,
OL3467489W,Counterfeit Bride,,"Nicola found he was a law unto himself

She had agreed to masquerade as his prospective bride to help her young friend escape. She was appalled that arranged marriages still existed.

But Luis Alvarado de Montalba was not a man to be crossed. ""You forced your way into my life, "" he informed her when he discovered the deception, ""and now you will remain in it. ""

While she conceded he was entitled to his anger, it was her life and future he had taken under control. And he simply ignored her protests.

Mills & Boon

Because the last thing her young friend Teresita wanted was to be forced into a marriage of convenience with the guardian she had not seen for years, Nicola Tarrant agreed to pose as Teresita when the guardian, the formidable Don Luis Alvardo de Montalba, came to claim her. But the plot went sadly awry when Don Luis called her bluff - and to her horror Nicola found herself whisked off to a hacienda somewhere in the heart of Mexico, and forced to marry him. And there was no way she could escape...",5,1982,June 1983
OL4233175W,The Dark Side of Desire,,"She could run . . . but she couldn't hide. No longer the shattered teenager who had left Thornley vowing never to return, Rebecca Shaw had come to terms with the legacy of Jay Lorence's betrayal and had built a new life on HER terms. But her mother needed her now--and nothing could keep Rebecca from going home. Ten years melted in Jay's embrace; his kiss reopened old wounds and ignited forgotten temptations. Every instinct warned her to run before her hard-worked-for peace and stability came crashing down. Rebecca had a new life--one she had no intention of letting Jay invade. But keeping a man like Jay at arm's length was next to impossible--especially when it wasn't what she really wanted to do",6,1991,
OL20893778W,Corrupt,,"Dreams are desires of the heart; Nightmares, my obsession.
Erika
When I have it close to me, I tremble. Of fear and desire.

Michael Crist, my ex-boyfriend's older brother, is like one of those movies that, even though it's scary, you can't stop watching. Handsome, strong, and intimidating, I've watched him for years, wishing I was closer to see if what is said about him is true. He's the star of his university's basketball team, he'd never noticed me and he'd barely looked at me... Until now. He's got something on his mind, I can feel it, I can almost taste it but, knowing everything I know, do I really want to find out what he has planned?

Michael
I want to get revenge. Almost as much as owning it.

Her name is Erika Fane, but everyone calls her Rika. You could say he grew up in my house, he's always been around. She looks away when I walk into a room and stays still when I'm around. I can feel the tension he gives off, his desire for more; I don't have his body but I know I've caught his mind. And now, the opportunity to avenge what happened a few years ago is too good to be true. I've been patient. I've waited for the moment. Every last of your nightmares will come true.

When passion and danger mix, anything can happen.",6,2015,
OL3498612W,The Marriage Possession,,"For the past year, Lisane Deveraux has been a successful lawyer by day and millionaire Zac Winstone's passionate mistress by night.A surprise pregnancy changes everything.  Zac insists on commitment. But is he simply protecting his prize possessions—his beautiful lover and his future heir? For the sake of their baby, Lisane will become Zac's trophy wife...knowing that his heart will never be part of the deal.",6,2007,"April 1, 2007"
OL11327973W,Substitute Lover,,"It was such a strange request - Gray Chalmers asking Stephanie to pose as his lover to help him resist the attractions of a beautiful but married woman.
Gray knew Stephanie, knew she didn't even like being touched. Yet he insisted she come back to the village to play the part of the femme fatale.
But Gray had never pried into the bitter marriage Stephanie had endured to his cousin. He'd offered only comfort in the ten years since its tragic ending. So, while she hated the pretense, she couldn't refuse",4,1987,
OL16481385W,Second-Best Bride,,"Angie didn't know all the facts!
When her sister, Cilla, decided not to marry Terzan Helios after all, Angie was persuaded to go to his Greek island to break the news. Cilla had described Terzan as ""sinfully wealthy and wickedly attractive. "" But she had neglected to tell Angie one thing--Terzan was now blind. Angie's heart soon went out to the proud, enigmatic Greek.
Yet she would never let him suspect that her feelings were stronger than compassion. For to Terzan, Angie would always he a mere substitute....",1,1981,
OL11327962W,A Reason for Being,,"She'd unleashed his fury with her jealous lies
 
Ten years ago 17 year old Maggie had fled her beloved Deveril House--driven off by Marcus Landersby's savage outrage. Her falsehoods, an attempt to hang on to Marcus, her attractive older stepcousin, had backfired horribly.
 
Now Maggie had returned to her home. Reluctantly she'd been drawn back by an urgent letter from Marcus's schoolgirl halfsisters, Susie and Sara.
 
The two motherless girls desperately needed her. But Marcus now 37 would never tolerate Maggie's presence. Too many bitter memories stood in the way--and so did his malicious fiancee, Isobel....",8,1989,
OL4342716W,Temporary Wife,,"Emily Lamb thought Luke Adams was attractive and powerful enough to arrange his own marriage--but when her friend Gina Harrick asked her to marry him for business reasons, Emily had her own reasons for agreeing.

It was, of course, to be a temporary marriage of convenience; only Emily hadn't counted on falling in love with Luke. Nor had she suspected that the secret behind the business reasons was the fact that Luke was in love with Gina, his boss's wife . . .",4,1975,
OL3845179W,A First Time for Everything,,"A little excitement was what she wanted

So Josslyn's sudden assignment to Egypt came as a delightful surprise. Pity she couldn't say the same about her new boss.

Thane Addison. An overbearing, domineering slave driver. And yet, sometimes, Joss got a glimpse of an entirely different sort of personality beneath his arrogant exterior. It was enough that Joss knew despite having to work for this brute of a man, she wanted to stay.

Not that Thane seemed to care at all what his temporary secretary thought about him... .",12,1990,
OL15411754W,Temptation,,"Linden had only been seventeen when the thirty-nine year old Joss crashed into her life. Naively, she offered him her friendship and trust. In return, he had aroused emotions in her she was too young to handle, wrenching her from childhood to womanhood in a few startling days.

When he left her, Linden realized that she been ruthlessly used. Her love for Joss had been almost worshipful. His love had been a savage devouring—taking and never giving. His love had destroyed her, just as she would now destroy him!",5,1979,
OL17719508W,"After (After Series, Book 1)",,"Now a major motion picture!

Experience the internet's most talked-about book from Anna Todd, the writer Cosmopolitan called “the biggest literary phenomenon of her generation”—now with new exclusive material!

There was the time before Tessa met Hardin, and then there’s everything AFTER... Life will never be the same. #Hessa

Tessa is a good girl with a sweet, reliable boyfriend back home. She’s got direction, ambition, and a mother who’s intent on keeping her that way.

But she’s barely moved into her freshman dorm when she runs into Hardin. With his tousled brown hair, cocky British accent, and tattoos, Hardin is cute and different from what she’s used to.

But he’s also rude—to the point of cruelty, even. For all his attitude, Tessa should hate Hardin. And she does—until she finds herself alone with him in his room. Something about his dark mood grabs her, and when they kiss it ignites within her a passion she’s never known before.

He'll call her beautiful, then insist he isn’t the one for her and disappear again and again. Despite the reckless way he treats her, Tessa is compelled to dig deeper and find the real Hardin beneath all his lies. He pushes her away again and again, yet every time she pushes back, he only pulls her in deeper.

Tessa already has the perfect boyfriend. So why is she trying so hard to overcome her own hurt pride and Hardin's prejudice about nice girls like her?

Unless...could this be love?",11,2014,
OL3476075W,Iceberg,,"""Daddy, why don't you marry Linnet?"" Little Sarah Doyle adored Linnet, whose heart was touched by the loneliness of the bright motherless child. Sarah's father, Justin, was another matter entirely. He could be cold as ice, yet he possessed an animal magnetism that was impossible to ignore - though Linnet tried. Justin knew that Sarah would be devastated if she ever lost her companion. He had the perfect solution to keep Linnet around - but it certainly wasn't marriage....",4,1980,1980
OL2959374W,The Velvet Tiger,,"Break up or marry?

Lissa Gilmore had given Kane Marriot a year of her life--more than enough time to determine they were going nowhere. -

Three weeks without a word from Kane was the last straw. Each day that passed steeled Lissa's resolve to end the relationship.

Then Kane breezed back and proposed. Marriage was exactly what Lissa wanted. But what exactly did Kane expect by ex-changing vows?",7,1992,"September 1, 1992"
OL3476079W,Mansion for My Love,,"""He's not a good man to fall in love with!""

 Faine had not ignored the warning, but even without his wealth, charm and good looks, Burke Harding had a magnetism,

 His determined pursuit and assault on her heart soon overcame her wavering resistance. She agreed to marry him, but some deep instinct of self-preservation kept her from revealing her love--and in time her decision was vindicated.

 ""I carefully avoided telling you that I love you,"" he told her when Faine discovered she was a stand-in for the woman he really loved--but could not have.",4,1982,1982
OL3845101W,When the Loving Stopped,,"There was no doubt she was to blame

Whitney Lawford never imagined that when she slipped into an empty bedroom to escape a tedious drunken party, she would wake up next to Sloan Illingworth, the tall, attractive owner of Illingworth International.

So when Sloan's engagement was broken and he asked her to pose as his fiancee, Whitney felt obliged to agree. However, Sloan wanted to be the only man in her life.

When she learned how Sloan had deceived her, Whitney swore never to forgive him. Then circumstances changed. . . .",5,1988,
OL3771180W,Sweet Revenge,,"""I want to leave, and I'm going to!""

Toni continued her protest determinedly. ""I don't know what kind of person you think I am, or what you think you can do to me. But you can't make me stay here!""

The Conde smiled. With his looks, his money, and his castle in Portugal, he could usually make anyone do anything he wanted.

""You tried to deceive me,"" he said smoothly. ""Now you will remain here and be punished. And afterward—who knows? You may find yourself wanting to stay",3,1970,
OL8315355W,Dark Illusion,,"""I remove obstacles that stand in my way!"" 

 Nick Martella wouldn't allow Joanna's love for another man to cause him any problems. Joanna, of course, resisted his high handed attitude, but it seemed that wherever she went, whatever she did, Nick was always one step ahead of her. It was hard enough to deal with him in England, but on the small Caribbean island Nick called home, Joanna found it even more difficult to out maneuver him. It was, though, only when Joanna realized that she was not only fighting Nick's single minded pursuit of her, but her own growing love for him, that her problems really began!",6,1992,
OL3845173W,Passport to Happiness,,"Never again would she be fooled by a man's lies

To think she'd tracked her errant fiance all over Italy -- only to find him in another woman's arms. Jayme Warren should have been devastated.

There was no time to brood, however, over what might have been. She had to cope with the attractive Nerone Mondadori. Having literally swept her off her feet after an accident, he seemed inclined to take over her life in a totally disconcerting way.

The sensible thing to do, Jayme supposed, was to leave for England immediately. But that was impossible....",8,1990,
OL4233121W,Gold Ring of Betrayal,,"They've never stopped being married . . . 
Nicolas Santino doesn't accept that Lia is his daughter. He believes Sara, his wife, cheated on him with another man, and Lia is the result of that betrayal. 
So Sara and Nicolas are separated - until the silence between them is forcibly broken - Lia has been kidnapped! Nicolas knows he is the only one who can secure the little girl's safe return, but it means he must go back to Sara - and find that, even after three long years, she still wears his ring...",6,1996,
OL5236211W,The Butterfly and the Baron,,"She would choose her own husband!

When Renee's wealthy parents arranged her marriage to a man she despised, she had fled to her beloved Aunt Katie's home in Queensland.

There she had hoped to escape and recover her shattered pride, but her plans were crushed by Nick Garbutt, a man even more powerful than her father.

Nick had the ability to arouse in her all the emotions she'd been accused of lacking -- emotions she now felt ill-equipped to handle. Especially knowing that Nick was to marry someone else!",5,1979,
OL3845160W,Hidden Heart,,"The real truth could never be told!

Mornay would never allow anything to harm her beloved sister and her family. That was why she shouldered the blame when wealthy industrialist Brad Kendrick wrongly accused her of being the hit-and-run driver who had landed him in the hospital.

Restrained by family loyalty, Mornay was forced to submit to the punishment Brad inflicted on her.

She wondered how long she could endure the added torment of falling in love with a man who made it clear that he despised her.. . .",7,1990,
OL11327982W,Blackmail,,"His only desire was to use her 

That horrible damning letter! If Lee didn't become Gilles de Chauvigny's temporary wife he'd show it to her real fiance.
 
That Gilles could disrupt her life so carelessly, so callously just to be rid of a too possessive mistress--outraged Lee, but she was powerless to stop him.
 
Then, later, she didn't want to, for she had fallen hopelessly in love with him. Hopelessly because his spurned lover vowed to have him back. Hopelessly because Gilles felt nothing for her.",8,1982,
OL2705619W,One More River to Cross,,"It had been her own impulsive decision to help her look-alike cousin, Becky, by taking her place at Craigievar. Becky had promptly vanished. Then the river had flooded, cutting off access to the remote sheep station. So Rebecca was forced to continue the deception. To make matters worse, Rebecca had fallen in love with Darrock Fordyce, the autocratic owner of Craigievar. But what use was that when he thought she was Becky-- and engaged to his cousin Lennox?",5,1979,1980
OL3770466W,Betrayal in Bali,,"Gael had easily been won by Leo Kane's handsome looks and savoir faire. She eagerly accepted his marriage proposal and looked forward to the adventure of living in Indonesia.

But her bridal hopes were quickly shattered when she discovered Leo had staged their marriage for revenge. He wanted to make her pay for a wrongdoing he thought she'd committed.

Unfortunately, Gael couldn't prove her innocence. All she wanted to do was escape the husband she now despised. She must find a way to avoid being part of his crazy scheme!",6,1980,
OL5236199W,Temple of Fire,,"Would love rise from the ashes of tragedy?

Julian Standford had everything: looks, virility, intelligence and money. The perfect gentleman - if gentlemen were also heartless and ruthless! 

Unfortunately, Fleur's little stepbrother was a Standford, too, and the only way she could be with him was to live under the same roof as Julian. 

For the sake of her stepbrother, she'd try to forget how the Standfords had ruined her life. But Julian seemed determined to continue the destruction...",2,1981,
OL4225414W,House of Mirrors,,"She never got over her crush on Grant.
Liz had become a successful author, Grant a famous surgeon, in the years since she had worshipped him and he had called her ""the horror.""
Now, his career ruined by an accident, deserted by his fiancee, Liz's handsome former neighbor was returning home.
Passion grew as Liz helped Grant recover his zest for life. And when he proposed, even though he told her she'd never have his love, Liz accepted....",4,1982,
OL8315358W,The Gift of Loving,,"Lucy didn't trust Guy an inch

 The Comte de Chauvrais was the rudest and most insensitive man she had ever met.

 What had possessed her Aunt Wanda to accept an invitation to stay at his chateau? And why was he so interested in them? The whole affair made Lucy nervous.

 Especially when Guy claimed love did not exist--that it was merely a respectable cover for desire. Suddenly Lucy was strangely afraid she'd never be able to escape from the trap he had set--and the desire he aroused in her....",9,1991,
OL3775489W,Savage Interlude,,"Kate's position was impossible!

Kate owed a lot to actor James St. Just. He had introduced her to his fascinating theater world. He treated her as his sister--the only family she had.

If only she and James could reveal that they were brother and sister. But until then, everyone must think they lived together as lovers.

Everyone included the handsome, irresistible movie producer Damien Savage. If Kate could live with James, Damien reasoned, she could live with him. But that was the last thing Kate wanted.",5,1979,
OL11327153W,Bitter Revenge,,"She could not shake the tragic past...
Carla Howard still had nightmares, even after three years. But tragic as her fiance, Crispin's, death had been, another face haunted her waking mind. For on that fateful night when Carla had broken her engagement to Crispin, she had also seen his older brother, Blaze Douglas, for the first time.
It was sheer bad luck that, when Carla's life had just about reached rock bottom - she was jobless, homeless and penniless - she should find herself at the mercy of Blaze, a man she had described as ""a piece of ice coated with frost"". For Blaze held her entirely responsible for the tragic death of his young brother Crispin, and was determined to be revenged on her. 
Now, down on her luck and finding herself, ironically in Blaze’s care, Carla could no longer deny the love she felt for him. Instead, an unwilling attraction flared up between the two of them, and Blaze asked her to marry him. But neither could she know if it was plan to avenge his brother.
But a few more surprises were in store for Carla....",3,1982,
