author_key,top_work,work_count,ratings_count_1,ratings_count_2,ratings_count_3,ratings_count_4,ratings_count_5,readinglog_count,want_to_read_count,currently_reading_count,already_read_count
OL1386221A,Mighty Quinns,113,6,1,7,2,4,263,183,9,71
OL664669A,Wish on the Moon,143,37,56,116,143,137,4186,2345,195,1646
OL68291A,The blessing,494,14,9,46,58,82,3026,2267,134,625
OL387298A,Love Story,86,5,5,3,3,10,528,467,27,34
OL1423504A,The Mélendez Forgotten Marriage,731,18,20,99,128,83,2490,1373,152,965
OL240796A,A Clean Sea: The Rachel Carson Story,77,7,8,18,38,41,999,536,70,393
OL3308617A,When Calls the Heart (Canadian West #1),10,0,0,1,1,6,147,109,13,25
OL10082084A,Magnolia Parks,10,0,0,0,0,3,182,172,5,5
OL26680A,Little Women,2231,11,15,39,58,82,4586,3890,311,385
OL40773A,"States, Nations and Borders",263,7,3,9,7,12,507,321,17,169
OL3352964A,Keeping 13,26,4,0,0,2,6,1239,1160,61,18
OL391839A,Go Tell It on the Mountain,75,4,4,23,48,79,3204,2850,110,244
OL7364499A,Star Wars - From a Certain Point of View,52,1,1,6,14,7,507,441,17,49
OL22994A,Double Take: An FBI Thriller,542,17,25,53,87,175,2977,1982,71,924
OL6624873A,Life After Life,101,0,2,6,10,9,375,298,10,67
OL7387940A,"The Long Way to a Small, Angry Planet",19,2,8,34,79,83,870,562,21,287
OL20921A,The Turnabout Twins,75,11,8,29,26,30,888,376,110,402
OL659926A,Revenge,37,1,2,11,7,5,283,169,7,107
OL1386238A,The Pirate Next Door,28,5,3,5,14,33,554,322,22,210
OL770235A,A streak of luck,32,3,6,7,5,2,295,136,15,144
OL1423334A,A ring to secure his crown,672,12,26,90,70,94,2582,1380,168,1034
OL661093A,Master of Pleasure,385,84,126,442,588,514,14521,8386,706,5429
OL1393290A,"Confessions of a Shopaholic, Shopaholic Takes Manhattan, and Shopaholic Ties the Knot (Shopaholic Series, Books 1, 2, & 3)",206,9,11,30,31,40,1335,1070,71,194
OL7043916A,Beautiful Disaster,72,1,0,7,4,15,710,586,49,75
OL1385993A,Bedded by Blackmail,408,13,12,52,69,92,1694,881,75,738
OL85306A,Como agua para chocolate,34,2,3,3,4,11,610,540,30,40
OL19597A,The Notebook,530,16,10,29,37,80,4367,3626,224,517
OL10324088A,Mile High,10,1,1,1,3,5,499,448,33,18
OL10621490A,Kingmakers,33,4,0,3,5,10,1138,1053,59,26
OL764048A,Fringe of Heaven,36,6,9,28,28,28,590,284,42,264
OL2678446A,The Inheritance Games,117,7,2,26,62,73,3778,3301,168,309
OL2674707A,Starting over,38,12,8,29,25,23,648,372,34,242
OL1385655A,His Queen By Desert Decree,526,11,17,68,47,51,1406,829,63,514
OL7475890A,Capture Me,180,2,0,1,1,8,303,258,23,22
OL669108A,Too hot to handle,31,9,8,14,19,20,534,290,33,211
OL218443A,Dame Durden's Daughter,153,16,21,50,74,68,1415,777,93,545
OL10807187A,Sweet Prison : ,24,3,4,3,8,7,762,681,52,29
OL7955772A,The Darkest Minds,4,2,2,8,9,18,647,546,47,54
OL228969A,Twenty Wishes,920,11,13,45,85,131,4335,3026,258,1051
OL711147A,Just Friends To...Just Married,143,2,3,18,34,32,710,402,34,274
OL1385989A,A Nanny For Keeps,485,7,6,39,75,90,1747,1048,81,618
OL4942596A,Touch of Enchantment,110,2,1,12,34,40,503,323,6,174
OL811660A,Passion Becomes You,119,42,26,91,127,139,3803,2286,145,1372
OL10423650A,The Never King,21,1,0,3,0,1,283,266,8,9
OL8478832A,Founded on Goodbye,11,7,0,2,4,5,924,854,50,20
OL1344854A,Land Of The Sun,17,3,2,9,10,13,241,147,7,87
OL809096A,The Silent Valley,171,7,7,19,21,16,727,523,19,185
OL884528A,The Awakening,115,4,6,32,49,87,3181,2687,185,309
OL1386198A,The Greek Doctor's New-Year Baby,357,2,4,26,19,30,780,476,36,268
OL2943272A,Honor Bound,53,0,2,4,7,16,365,267,24,74
OL1385638A,Healed with a kiss,387,0,0,8,23,38,624,441,12,171
OL688063A,Bound by Her Baby Revelation,943,9,23,129,117,111,3084,1787,173,1124
OL3850984A,The Marriage Bargain,103,1,3,6,3,4,135,89,17,29
OL7825177A,Fourth Wing,33,14,4,10,34,102,5912,5295,288,329
OL30207A,"Little, Big",51,1,0,0,3,4,230,190,9,31
OL27695A,The Mysterious Affair at Styles,1205,45,62,286,526,609,26527,20644,1290,4593
OL1344858A,The Head of the House,100,7,3,19,22,13,469,307,21,141
OL27363A,Cien años de soledad,448,10,12,52,90,140,5558,4724,339,495
OL2688764A,This Other Eden,36,0,0,1,1,2,110,93,5,12
OL39485A,Anne of Green Gables,907,4,13,78,71,115,3643,2814,227,602
OL715095A,The Secret Baby,373,5,6,34,76,84,1486,843,82,561
OL7404795A,They Both Die at the End,51,11,7,21,31,68,3443,3142,109,192
OL393647A,The art of acquiring,6,0,0,1,3,3,69,45,2,22
OL667523A,Country of the Vine,111,4,25,50,55,50,1541,895,83,563
OL7940305A,Noelle,47,0,0,1,1,3,60,38,1,21
OL4759584A,Try to Remember,23,6,3,6,12,11,317,162,24,131
OL950283A,The king of the castle,11,0,0,0,2,4,80,65,2,13
OL1423505A,El hijo secreto del jeque,331,5,11,28,21,26,1043,623,57,363
OL18319A,Adventures of Huckleberry Finn,7344,22,29,150,250,238,6514,5108,337,1069
OL7722491A,A Good Girl's Guide to Murder,37,39,5,20,52,158,9932,8921,552,459
OL20452A,White Lies,321,18,47,78,99,72,4411,2837,152,1422
OL22665A,A Suitable Boy,106,0,0,2,8,13,555,493,33,29
OL27843A,Fried Green Tomatoes at the Whistle Stop Cafe,18,2,2,3,10,12,367,295,11,61
OL1860687A,Lord Rivington's Lady,17,2,5,8,9,5,241,99,21,121
OL596770A,Feet first,100,2,1,15,17,40,454,252,8,194
OL7512907A,If he had been with me,8,10,4,3,16,53,3674,3299,223,152
OL93118A,A Hora da Estrela,179,2,0,7,7,15,909,800,44,65
OL948545A,Flight of the golden hawk,16,4,2,12,7,2,136,67,14,55
OL11086929A,Powerless,18,12,0,2,7,47,3589,3251,217,121
OL3401661A,Secret lover,9,0,2,7,4,2,80,32,6,42
OL3233739A,Awakened by the Scarred Italian,522,6,6,68,70,101,1573,890,75,608
OL219597A,Le fantôme de l'opéra,586,1,2,17,14,13,810,689,36,85
OL849503A,The Wrong Kind of Wife,71,18,24,58,67,58,2071,1193,97,781
OL31574A,The Horse and His Boy,1419,30,55,188,324,406,11488,8940,548,2000
OL1385348A,Moon called,152,0,6,28,77,82,1144,741,29,374
OL2750402A,"Surgeon Boss, Surprise Dad",143,0,1,2,1,9,157,96,12,49
OL29466A,Principles of internal medicine,42,0,2,9,15,21,919,780,48,91
OL581595A,An indecent proposal,526,43,8,47,36,73,2135,1386,94,655
OL7027682A,In five years: a novel,23,0,0,6,4,4,467,437,10,20
OL2725581A,The Undaunted Bride,7,5,3,7,5,2,165,80,9,76
OL828193A,One Night Heir,445,15,16,83,108,154,3020,1735,147,1138
OL19450A,To the Lighthouse,1991,4,16,42,70,67,4119,3597,176,346
OL7494548A,The Awakening,60,1,0,0,2,5,765,732,19,14
OL589216A,The Millionaire's Runaway Bride,220,14,32,81,135,124,2707,1405,164,1138
OL3292941A,The Greek Tycoon's Virgin Wife,185,21,43,151,212,197,4515,2462,245,1808
OL1079433A,To Wed a Wicked Earl,14,1,3,0,7,6,107,65,3,39
OL26235A,Maulever Hall,58,4,3,6,11,5,363,238,35,90
OL3024474A,The Cornish hearth,73,11,5,17,17,10,450,274,24,152
OL854838A,Sweet Pretence,22,0,5,13,17,32,513,268,24,221
OL8127199A,My Dark Desire,12,4,0,1,2,11,768,711,40,17
OL7501359A,Daughter of the Siren Queen,17,2,0,3,9,20,679,599,31,49
OL48139A,Lolita,303,7,5,35,66,58,4126,3620,220,286
OL30421A,The Princess Bride,82,2,4,17,42,47,832,630,38,164
OL1122624A,New man at Cedar Hills,50,1,8,12,24,19,578,362,20,196
OL7994480A,Bound by Honor,28,0,3,2,7,22,888,758,74,56
OL1437085A,Her Forbidden Bridegroom,92,6,7,34,66,59,995,537,59,399
OL395577A,The Tender Leaves,90,23,24,52,65,52,1788,1079,60,649
OL7032054A,Six of Crows,41,10,6,29,43,140,5423,4659,245,519
OL7320009A,Beautiful bastard,102,5,5,12,24,38,2235,2029,79,127
OL6895646A,Divergent,55,14,28,88,115,165,3882,2932,212,738
OL1391136A,The Trail of Conflict,60,4,3,11,12,49,1086,651,71,364
OL1553131A,The Sheik: a novel,14,0,0,0,2,1,119,99,8,12
OL1385546A,Flynn,167,0,1,9,4,5,222,155,9,58
OL7290290A,Ivy Aberdeen’s Letter to the World,15,1,0,6,5,9,415,384,10,21
OL1069168A,The island bride,34,38,17,44,47,62,1217,585,65,567
OL2010150A,The realms of gold,67,6,7,17,12,6,428,278,23,127
OL23342A,It had to be you,68,6,9,11,17,32,549,367,24,158
OL727794A,Caress and Conquer,117,5,7,30,36,46,1537,1090,52,395
OL6216069A,His Dark Bond,119,4,1,4,3,5,222,195,12,15
OL32271A,Sister Carrie,338,0,3,5,12,17,639,552,31,56
OL805240A,Lesson in love,49,10,11,30,43,55,944,521,51,372
OL584495A,Blind to Love,61,10,4,32,51,42,1008,505,49,454
OL531502A,Outlander,257,5,9,31,53,110,3024,2521,151,352
OL8384995A,The Housemaid,49,17,2,14,37,53,7710,6908,385,417
OL10130633A,The chase,1,0,0,1,2,2,34,18,0,16
OL6787970A,The Bride Bet,64,5,3,10,34,35,801,598,21,182
OL40770A,Treasured Vows,60,4,8,15,28,36,750,433,18,299
OL2725943A,Her Perfect Earl,1,0,2,2,1,0,36,14,4,18
OL34047A,Rebecca,203,4,3,10,17,32,1929,1680,89,160
OL6898863A,A Room with a View,454,6,7,18,28,31,1633,1370,106,157
OL2632038A,Tempt the Devil,61,3,5,9,15,9,324,212,7,105
OL22263A,A Secret Affair,275,25,23,60,113,131,3687,2307,140,1240
OL7399550A,One Of Us Is Lying,15,9,9,16,28,77,3969,3566,185,218
OL19441A,Heart of Darkness,5571,17,21,52,86,85,2667,2140,151,376
OL26783A,Анна Каренина,4765,5,7,35,88,107,4046,3432,223,391
OL766555A,The Black Moth,85,14,22,56,100,170,4646,3340,228,1078
OL1426554A,Storm,27,1,3,3,16,21,376,224,23,129
OL3047930A,Wipe away the tears,35,11,9,29,31,25,733,363,37,333
OL2674673A,Falling for his proper mistress,129,2,9,14,19,26,463,249,16,198
OL40776A,The Viscount Who Loved Me,262,18,13,59,91,190,9734,8340,423,971
OL1386243A,The Further Observations of Lady Whistledown,117,2,4,7,33,55,706,480,3,223
OL7037383A,Cinder,48,6,2,38,84,121,3177,2637,153,387
OL7071481A,Constantine's Revenge,244,5,6,13,10,12,439,269,20,150
OL7680979A,Punk 57,35,8,4,12,36,60,6277,5769,315,193
OL12988878A,The Romance of Lust,1,0,0,0,0,0,23,18,3,2
OL810023A,The Bitter Price of Love,52,5,6,17,35,24,592,343,29,220
OL9465374A,The Thorn Birds,114,1,1,2,6,2,240,196,18,26
OL2674958A,Call Me by Your Name,66,8,3,8,21,46,2028,1800,110,118
OL24529A,Wuthering Heights,393,15,18,38,90,141,3692,3082,220,390
OL715418A,The Rosie Project,17,2,0,14,21,9,330,255,13,62
OL442995A,Mistress of Mellyn,291,7,5,28,41,70,2939,2407,147,385
OL1386167A,Master of Desire,24,0,0,1,13,11,262,180,4,78
OL26681A,The Scarlet Letter,1344,11,23,61,86,57,3069,2597,114,358
OL531473A,No place to run,130,16,32,65,71,60,1581,968,67,546
OL9236836A,Collided,24,8,4,12,17,39,2932,2716,116,100
OL928474A,Open To Influence,13,2,3,13,16,16,325,153,20,152
OL24452A,Loving,773,10,4,20,24,49,2835,2374,139,322
OL1431433A,The Golden Songbird,33,20,3,23,19,15,555,279,50,226
OL7994590A,Dirty Dom,138,11,3,2,6,21,1245,1129,83,33
OL9180803A,Twisted Love,28,107,29,77,166,414,37922,34581,2306,1035
OL24635A,Redeeming Love,181,10,2,12,14,80,2645,2163,182,300
OL7942956A,Bared to You,8,2,0,1,1,13,678,610,48,20
OL7343469A,"Tilting the Balance (Worldwar Series, Volume 2)",17,1,2,1,2,4,159,115,10,34
OL21594A,Pride and Prejudice,2217,31,39,108,224,310,12956,10822,943,1191
OL584494A,Ice into Fire,127,57,23,53,74,57,2263,1327,137,799
OL4292697A,Plakha,132,0,1,0,4,0,100,85,6,9
OL2674708A,Making Magic,67,6,11,23,35,14,663,345,23,295
OL1385654A,Lovers Not Friends,117,15,18,69,86,114,2315,1306,98,911
OL2674425A,Broken,289,2,2,3,5,8,491,388,36,67
OL7290222A,The Seven Husbands of Evelyn Hugo,22,19,9,30,73,125,6979,6362,227,390
OL27349A,The Great Gatsby,1276,5,23,72,106,117,5052,4176,248,628
OL19964A,Women in Love,3867,9,10,17,26,32,2030,1731,144,155
OL6976354A,The Night Circus,7,1,8,17,26,43,1008,854,27,127
OL3072525A,Emily Wilde's Encyclopaedia of Faeries,12,0,0,4,12,7,139,106,3,30
OL764158A,The Devilish Marquis,40,8,3,8,6,12,314,142,23,149
OL764047A,Rebel Against Love,76,14,4,15,9,7,391,265,16,110
OL7609060A,The Hating Game,10,3,2,8,3,13,1179,1071,55,53
OL1120447A,Dark Lover,287,2,2,17,30,54,1579,1264,44,271
OL7923638A,Before I Let Go,32,0,0,1,1,3,336,316,11,9
OL9077479A,The Serpent & the Wings of Night,13,0,1,2,2,3,473,442,15,16
OL1175038A,Tomorrow's bride,43,3,4,14,14,18,370,233,17,120
OL3401621A,Stormy harvest,21,3,2,4,15,11,252,132,15,105
OL9397555A,Hooked,21,3,0,2,2,6,972,917,38,17
OL26995A,The Lunatic Cafe (Anita Blake),361,21,11,53,31,111,2155,1404,48,703
OL1423278A,The Further Observations of Lady Whistledown,6,0,0,2,3,3,141,119,2,20
OL22028A,The Street of Seven Stars,500,2,3,13,22,14,542,430,12,100
OL13667450A,Inside Job,3,0,0,0,3,0,392,369,18,5
OL11132702A,Lights Out,10,0,1,1,4,12,1118,1031,57,30
OL8417609A,The Awakening,56,1,0,0,2,5,755,722,19,14
OL785666A,Beloved Stranger,84,3,2,8,31,12,768,465,68,235
OL888663A,The Primrose Bride,57,1,3,3,11,9,381,282,19,80
OL10623749A,I Fell in Love with Hope,2,2,0,0,4,22,1698,1592,66,40
OL30795A,Forget Me Not and Beautiful Dreamer,130,5,3,9,19,19,825,547,34,244
OL968989A,Beyond the Happening,281,9,10,33,59,60,1517,920,56,541
OL1070846A,Un furieux amour,34,0,1,4,8,3,267,216,8,43
OL30714A,Killing Time,237,19,26,66,121,227,2994,1850,217,927
OL779138A,Highland Conqueror,222,9,5,11,18,50,1682,1194,81,407
OL35183A,The Awakening,597,5,3,28,57,43,2350,2081,110,159
OL2763201A,The Gift of Loving,53,13,26,97,178,179,3761,2123,175,1463
OL225331A,The Thorn Birds,61,1,6,9,25,26,625,485,36,104
OL23761A,The Wind in the Willows,602,1,2,12,28,36,1050,811,62,177
OL82249A,Memories of a Catholic girlhood,242,2,2,11,1,6,339,297,7,35
OL3123066A,Texas John Slaughter,201,2,1,2,6,2,219,138,9,72
OL2834829A,Blood deep,27,2,2,3,3,5,246,197,11,38
OL23274A,An Affair Before Christmas,101,5,3,8,32,72,1128,801,29,298
OL1434553A,His Majesty's Dragon,170,0,7,44,75,70,1276,906,25,345
OL8204847A,Mills and Boon Christmas Treasury of Romance,1,2,0,2,0,0,63,42,7,14
OL2674715A,Cinderella and the Outback Billionaire,194,2,3,20,37,49,628,320,39,269
OL21001A,The Turn of the Screw,5158,6,10,44,49,42,1968,1645,93,230
OL7942954A,The Darkest Minds,33,2,2,9,9,18,665,558,48,59
OL7410860A,Never Never,48,0,3,6,2,7,649,584,33,32
OL2674486A,Accepting the Boss's Proposal,72,2,0,10,6,16,277,176,19,82
OL389706A,Carriage for two,55,0,1,5,2,0,89,52,8,29
OL756213A,The Italian's Rightful Bride,430,13,18,69,86,94,2495,1438,128,929
OL7545958A,Toxic,28,0,0,0,1,0,173,157,12,4
OL92943A,The Debonair Duke,66,9,15,19,28,17,607,230,107,270
OL872204A,Boomerang Bride,92,20,40,97,93,64,2315,1308,137,870
OL792856A,Guilty passion,220,10,21,58,127,137,2476,1397,104,975
OL23038A,The French Lieutenant's Woman,154,0,5,5,12,10,586,492,25,69
OL556000A,Playing by the rules,202,10,8,33,53,82,1288,702,67,519
OL7900046A,The Double Wager,11,3,1,8,6,7,243,140,13,90
OL23886A,"Dead Until Dark (Sookie Stackhouse, #1)",261,4,13,112,113,69,1569,1033,23,513
OL34596A,Witch & wizard,58,2,4,7,2,8,379,326,6,47
OL3497338A,Nine Months to Redeem Him,381,4,10,60,63,73,1561,800,102,659
OL904271A,Poema de mio Cid,43617,8,11,18,32,56,3995,3590,182,223
OL3260206A,Girl and the Calf,40,1,2,11,9,4,184,124,8,52
OL930260A,Finn's Twins!,241,2,9,54,58,86,1804,1002,111,691
OL7904952A,Not So Meet Cute,98,0,0,0,0,2,509,479,17,13
OL4728806A,Vampire Lover,243,55,127,236,366,320,9138,5081,409,3648
OL7107008A,I Too Had a Love Story,22,5,2,3,9,18,1140,966,118,56
OL6864487A,Eleanor & Park,85,6,8,27,63,79,2230,1888,97,245
OL7544679A,A Merry Little Meet Cute,65,2,1,0,3,15,1260,1157,74,29
OL673823A,The Italian's Ruthless Seduction,673,24,20,113,175,179,4068,2352,196,1520
OL1549784A,One Night...Nine-Month Scandal,559,6,9,39,71,97,2084,1269,83,732
OL75235A,Ivanhoe,4488,2,3,22,37,13,942,811,35,96
OL7429990A,The Glass Magician,33,2,2,2,16,5,145,91,2,52
OL584492A,Winter Of Dreams (Year Down Under),136,11,16,56,125,126,2536,1366,65,1105
OL7527957A,Blood on the Tide,133,4,2,5,7,9,1157,1066,37,54
OL7387659A,Caraval,12,14,4,21,29,57,3182,2845,141,196
OL19981A,Carrie,606,137,190,836,1574,1737,64463,53122,2888,8453
OL104867A,The God of Small Things,53,0,1,7,6,15,551,487,28,36
OL6688235A,Surrender to the Viking,38,2,2,4,3,7,177,119,13,45
OL20523A,The Constant Companion,1262,27,39,71,118,88,2951,1616,193,1142
OL3756905A,Every Night I'm Yours,11,0,0,2,3,2,74,50,7,17
OL7509717A,Rival Darling,16,3,0,0,7,16,824,739,45,40
OL7414687A,A ring to secure his crown,17,0,0,7,17,9,182,80,11,91
OL188486A,The Godfather,78,5,6,5,19,30,1250,1024,100,126
OL670127A,Black Diamond,28,7,3,9,14,13,441,242,25,174
OL7365777A,Naledi his love,7,4,1,1,5,18,743,640,79,24
OL7834465A,You Deserve Each Other,11,1,1,0,1,1,190,172,9,9
OL6926103A,A Woman without Lies,201,3,5,8,10,17,923,622,37,264
OL3752315A,The Do-Over,16,10,6,9,17,31,3620,3336,174,110
OL6979328A,Un furieux amour,29,0,1,0,1,0,42,32,4,6
OL669720A,Angela's Affair,77,5,2,14,29,7,456,272,26,158
OL1385470A,Twelfth Night,30,7,4,8,7,10,306,151,32,123
OL26230A,Mercy,261,9,3,25,51,130,2322,1600,69,653
OL7641905A,The Conference of the Birds,29,0,3,12,5,3,265,215,7,43
OL1173858A,The arrangement,11,0,1,2,7,11,170,89,6,75
OL3285866A,Housekeeper in the Headlines,420,6,9,62,56,48,1491,766,98,627
OL451969A,The Secret Mistress,469,23,39,223,431,422,6922,3723,274,2925
OL2529442A,"Le vicomte de Bragelonne, ou, dix ans plus tard",52,0,0,1,2,1,35,26,2,7
OL7093600A,Fifty Shades of Grey,29,43,27,45,125,166,8987,7725,678,584
OL195005A,Desert rose,42,2,5,6,12,0,189,108,18,63
OL808883A,The Devil's Pawn,80,26,31,123,162,156,2977,1546,155,1276
OL7650717A,Silent Vows,52,0,0,2,1,7,627,582,33,12
OL18277A,Tess of the d'Urbervilles,3757,5,7,23,36,35,1780,1504,99,177
OL7362769A,Milk and Honey,44,15,12,15,33,98,4186,3751,175,260
OL22012A,The Last Picture Show,151,2,5,15,19,34,992,825,47,120
OL25926A,The Door Through Space,275,4,1,28,19,60,817,650,13,154
OL7414871A,Eleanor Oliphant is Completely Fine,8,1,2,4,9,18,382,329,6,47
OL10861634A,Libertine in Love,6,0,1,2,2,0,47,18,3,26
OL1122921A,Libertine in Love,33,11,14,10,14,13,532,255,32,245
OL1385819A,Miss Frazer's Adventure,35,10,5,9,15,20,365,181,21,163
OL146605A,A Princess of Mars,7246,4,13,53,108,71,1529,1058,57,414
OL3056525A,The Time Traveler's Wife,72,2,7,12,24,22,679,549,26,104
OL7933673A,God of Malice,66,20,5,1,20,61,5171,4675,351,145
OL887984A,Captive Bride,82,2,8,12,22,15,824,512,35,277
OL3497891A,Too close for comfort,323,2,4,28,21,17,409,235,22,152
OL764441A,The Dutiful Daughter,21,4,2,5,4,4,224,120,15,89
OL579518A,One Night In The Orient,230,28,46,157,224,174,5311,3114,281,1916
OL661099A,The Iron Man,200,77,43,88,109,73,3357,1830,148,1379
OL1385427A,Dark Possession,196,6,9,43,87,203,3791,2923,70,798
OL292449A,Replay,11,0,0,3,8,16,200,160,7,33
OL1081479A,Sweet Savage Love: (Brandon-Morgan #1),129,4,4,7,15,14,703,560,23,120
OL12751471A,Married at first sight,1,2,0,0,5,37,1222,1063,128,31
OL10484679A,Camera Shy,6,0,0,0,0,1,125,122,2,1
OL829489A,The Bridegroom's Vow,445,10,17,98,143,113,3149,1846,215,1088
OL1386224A,Constantine's Revenge,178,11,17,37,36,66,1416,822,60,534
OL7666011A,Addicted for Now,58,1,0,0,0,1,620,580,27,13
OL575932A,A Girl in a Million,301,25,59,242,378,441,9191,5212,317,3662
OL8496158A,Unwanted Marriage,36,6,0,6,5,19,1952,1793,126,33
OL3497892A,The Italian Next Door...,50,1,2,4,7,13,238,138,24,76
OL1394359A,The Hunger Games,22,29,58,210,375,498,13248,10427,688,2133
OL28493A,The Remains of the Day,66,5,14,31,54,52,2004,1639,69,296
OL754739A,The Irish Rake,20,1,2,9,12,13,380,204,28,148
OL7637797A,Bought,85,2,1,0,1,1,147,127,10,10
OL419796A,The Valentine Affair!,51,3,11,35,39,26,964,476,66,422
OL1423269A,Secrets & Seductions,79,3,0,6,4,11,274,177,22,75
OL1389997A,Hidden bodies,28,0,0,7,11,15,964,883,28,53
OL4778736A,"Little, Big",66,1,0,0,2,2,144,126,6,12
OL7910231A,A Love Letter to Whiskey,46,2,1,1,1,0,465,449,12,4
OL8504582A,Simon vs. the Homo Sapiens Agenda,29,1,3,5,13,26,711,628,23,60
OL1423305A,Valentine Vendetta,981,16,18,140,116,125,3545,1966,191,1388
OL92928A,An Acceptable Arrangement,52,11,10,24,32,24,752,323,69,360
OL1425972A,The Summer I Turned Pretty,69,44,14,33,100,276,15163,13609,927,627
OL7575681A,Coming Home (Today's Woman),33,0,1,6,7,3,132,92,2,38
OL236272A,Shadow of night,23,4,5,19,14,41,960,787,45,128
OL889928A,Love So Rare,221,33,59,97,122,138,3148,1782,137,1229
OL1175057A,Innocent Mistress,344,25,54,245,284,199,5655,3350,242,2063
OL664712A,Out of Wedlock,219,44,12,46,79,44,1585,1039,62,484
OL1430285A,"The Spiderwick Chronicles: The Wrath of Mulgarath, Book 5",421,25,12,52,103,185,9930,8804,429,697
OL23082A,The Princess and the Goblin,418,1,3,10,23,21,1262,1086,69,107
OL6713973A,The Darkest Minds,45,8,8,15,18,25,1248,1070,67,111
OL1475020A,The wicked wager,25,4,3,11,8,9,362,165,38,159
OL620008A,Emmanuelle,57,0,2,0,1,3,201,174,16,11
OL13640A,The Old Man and the Sea,1050,21,34,80,155,138,5694,4694,315,685
OL7231968A,"After (After Series, Book 1)",164,8,4,19,14,102,3464,3019,222,223
OL10218224A,Haunting Adeline,10,99,21,35,73,222,17387,15555,1349,483
OL222715A,Sweet Memories,72,4,2,7,3,21,697,538,51,108
OL225246A,El Amo Del Juego/Masters of the Game,405,6,13,24,39,55,2193,1722,192,279
OL1386209A,"Billionaire Doctor, Ordinary Nurse",673,7,22,59,79,135,2219,1163,124,932
OL7173196A,1001 Dark Nights,393,11,3,14,35,72,3162,2827,117,218
OL883651A,Desire Has No Mercy,180,25,57,87,109,61,3002,1916,117,969
OL81447A,Marriage Under Fire,204,43,22,65,91,84,2075,1206,114,755
OL216503A,The Hollow Hills,69,0,4,15,47,77,1354,983,69,302
OL2163127A,The House of Kingdom,111,9,10,33,42,27,889,548,47,294
OL9887928A,Praise,36,1,0,1,2,6,679,641,23,15
OL1385795A,Harbor Nights,65,0,1,4,9,12,201,150,8,43
OL7290350A,Simon vs. the Homo Sapiens Agenda,40,3,9,13,25,46,1382,1240,34,108
OL9344970A,Shattered Vows,10,3,0,4,4,7,1442,1368,54,20
OL665753A,The Italian's Inexperienced Mistress,627,45,52,271,359,455,9350,5419,455,3476
OL13066A,The Time Machine,9847,23,40,140,206,185,8146,6658,474,1014
OL7963911A,Culpa mía,12,30,3,5,15,78,5025,4511,364,150
OL5290741A,A Girl in a Million,1,0,2,6,5,2,158,96,12,50
OL1640017A,Sweet and Faraway,54,1,1,5,7,6,291,193,9,89
OL7773186A,1001 Dark Nights,60,1,0,0,1,4,255,239,11,5
OL20982A,Tormenta de hielo,345,3,11,25,74,20,927,625,35,267
OL2704612A,Breeze off the ocean,26,3,1,5,5,13,185,93,14,78
OL18714A,Love Comes Softly,124,6,6,17,38,90,1877,1237,91,549
OL1385283A,The Further Observations of Lady Whistledown,132,3,10,16,47,49,724,457,11,256
OL18977A,Dance Upon the Air,2188,40,135,284,458,506,17803,13386,699,3718
OL2702323A,Rush,276,8,12,42,79,91,2537,1745,99,693
OL8361399A,Written in the Stars,9,0,0,1,3,8,259,241,2,16
OL659971A,The Prince's Proposal,81,10,6,43,81,55,1339,701,61,577
OL39486A,Interview With the Vampire,62,9,19,75,114,139,5909,4872,261,776
OL9812945A,Set on You,12,1,0,2,8,5,745,679,49,17
OL508710A,Moon called,75,0,1,4,11,4,149,116,0,33
OL577983A,ROME'S REVENGE,380,39,70,181,231,224,5832,3037,335,2460
OL170469A,Le Morte d'Arthur,441,2,2,8,13,6,520,446,28,46
OL12554970A,The king of the castle,1,0,0,0,2,4,72,57,2,13
OL1236050A,The Last Frost Fair,2,1,1,2,3,6,71,29,8,34
OL9414412A,Promises and Pomegranates,20,0,1,0,0,1,216,205,3,8
OL829823A,Virgin River,144,1,1,1,6,15,957,836,23,98
OL400330A,The Sparrow,22,3,4,7,22,13,218,158,2,58
OL23108A,Love Only Once: a Malory novel,251,7,22,78,100,167,3826,2680,95,1051
OL28127A,The Murders in the Rue Morgue,3639,6,17,69,172,205,6783,5678,253,852
OL25793A,Stonehenge,243,8,9,32,74,75,2303,1729,91,483
OL7390975A,The Bachelor's Bargain,131,1,0,12,23,15,416,211,40,165
OL3328092A,Affair in Venice,46,3,13,30,31,24,1042,591,54,397
OL194979A,An Ambitious Heart,46,23,16,36,41,18,924,484,62,378
OL1385357A,A Quick Bite,104,5,12,17,38,76,1271,823,32,416
OL3285874A,Perfect Chance,40,1,1,11,18,22,511,322,15,174
OL52922A,The Handmaid's Tale,685,22,19,101,176,160,8151,7043,329,779
OL8187471A,A Touch of Darkness,15,1,0,1,1,11,837,784,27,26
OL2724931A,The Duke's Dilemma,23,2,2,1,4,4,117,66,4,47
OL10103214A,Flawless,27,1,0,1,2,3,820,785,26,9
OL22022A,The Dream Within,756,30,12,24,37,149,6582,5021,260,1301
OL7539802A,Wild Like Us,73,1,0,0,0,2,699,654,29,16
OL3486735A,Dark Night Dawning,7,2,0,6,10,7,172,91,11,70
OL8106187A,Without Merit,2,2,1,0,0,1,459,438,8,13
OL1423502A,Seal's Surprise Baby,75,0,0,12,5,4,219,105,17,97
OL11081928A,American Queen,1,0,0,0,1,1,100,91,7,2
OL22168A,Once and Always,127,3,12,17,39,138,2325,1800,116,409
OL2631958A,Bared to You,276,5,2,3,9,31,1409,1268,74,67
OL32252A,Deception,166,2,8,26,38,40,862,483,43,336
OL7276129A,Red Queen,21,8,5,15,19,53,2504,2184,118,202
OL1385834A,Duty or Desire,735,1,6,38,58,47,1420,826,91,503
OL872203A,Bittersweet Marriage,18,11,12,36,26,20,678,340,26,312
OL1402850A,The 3 Mistakes of My Life,31,28,33,33,32,78,4342,3633,433,276
OL18236A,Les Trois Mousquetaires,4412,5,9,41,102,130,2717,2160,139,418
OL8106830A,Secreto,21,0,0,1,4,11,145,106,3,36
OL7315784A,It Ends With Us,65,239,71,168,363,1216,89903,82035,4752,3116
OL20188A,Ethan Frome,1934,7,14,28,64,42,2217,1893,103,221
OL759098A,My Gallant Enemy,66,2,5,6,8,14,349,245,7,97
OL76827A,Seta,71,1,6,13,21,17,393,280,26,87
OL3567688A,Too Young To Marry,56,0,1,11,10,5,409,278,11,120
OL19246A,The killing edge,428,14,14,34,74,75,3006,2217,80,709
OL767510A,Girl Crusoe,48,4,14,14,17,8,467,258,24,185
OL1512670A,Fireside: the lakeshore chronicles,383,3,3,12,21,10,826,638,25,163
OL6788551A,The Selection (The Selection #1),43,3,11,24,48,106,3360,2768,185,407
OL7410858A,Beach Read,14,7,2,16,29,22,1925,1765,50,110
OL1857390A,Temporary Bride,46,2,2,8,5,8,154,83,8,63
OL142404A,The Once and Future King,65,0,2,15,18,21,665,479,25,161
OL845061A,Sugar Daddy,369,7,20,44,135,125,3160,2287,88,785
OL161177A,I Capture the Castle,121,0,1,0,10,11,423,363,18,42
OL79143A,The Perfect Lover CD Low Price,541,4,14,35,38,33,1280,853,37,390
OL14526040A,Crónica de una Muerte Anunciada,4,0,0,0,0,0,1,1,0,0
OL7991171A,Game Changer,12,3,2,1,7,15,1424,1303,46,75
OL807281A,Morgan's Secret Son,211,36,28,61,40,48,1650,1015,73,562
OL3486726A,Promises to Keep,11,4,3,13,17,17,275,118,14,143
OL30241A,Мы,173,2,0,11,13,19,367,280,16,71
OL7545959A,Vicious,70,2,0,2,2,13,1103,1010,69,24
OL124171A,L’étranger,491,13,17,65,126,127,7050,6056,395,599
OL22258A,1st to Die,706,58,65,151,238,294,16171,13371,653,2147
OL687900A,A First Time for Everything,140,22,27,108,221,234,4528,2436,265,1827
OL1386011A,Taken by the Laird,32,0,3,6,11,1,228,157,10,61
OL584493A,An Exception to His Rule,204,27,43,122,149,115,3843,2091,267,1485
OL227751A,Lawless,610,8,13,40,61,158,5582,3817,224,1541
OL872205A,The Boss's Secret Mistress,59,7,7,35,61,49,1011,499,57,455
OL1385992A,A Bride Worth Waiting For  (Heart to Heart),269,2,4,31,37,62,1194,778,57,359
OL8292498A,Roommate,8,0,0,4,3,0,194,179,4,11
OL26954A,Bought For Marriage,261,18,14,40,65,72,1752,1021,90,641
OL22261A,The Alibi,172,21,15,51,69,209,4474,3234,217,1023
OL659922A,A Groom for Gwen,30,8,1,19,32,54,595,306,30,259
OL586359A,The Counterfeit Gentleman,11,2,2,2,7,2,158,79,9,70
OL42805A,Bonjour tristesse,189,1,1,6,17,7,452,375,20,57
OL1386032A,"Bloodfever (Fever Series, Book 2)",103,0,3,8,20,32,652,493,11,148
OL66452A,Don Quijote de la Mancha,2925,5,2,23,28,40,1379,1153,91,135
OL7020634A,Mistress' House,185,0,0,2,1,1,45,31,2,12
OL1236448A,Narni of the desert,42,3,6,9,10,6,317,195,16,106
OL248278A,雪国,352,1,5,5,15,10,482,397,14,71
OL953387A,Wandalilli princess,94,8,16,41,29,38,958,544,64,350
OL93286A,Memórias póstumas de Brás Cubas,415,4,4,6,17,32,800,676,26,98
OL7922247A,Things We Left Behind,78,3,4,6,9,26,2511,2365,89,57
OL12660191A,Hopeless,1,3,0,3,1,12,1011,888,67,56
OL10820944A,The Hollow Hills,126,0,0,3,3,6,110,78,5,27
OL659964A,A Spanish Honeymoon,137,16,26,88,104,79,2761,1535,168,1058
OL7299772A,A Matter of Class,50,1,0,3,6,3,157,112,4,41
OL403332A,Seize the fire,53,1,1,1,10,16,270,191,15,64
OL6976866A,To Play with Fire,86,48,22,51,57,35,1754,1031,105,618
OL6511535A,Tales from a Not-So Friendly Frenemy,199,67,30,44,93,496,10225,8783,602,840
OL7524098A,Wish you were here,14,0,0,2,2,3,443,395,29,19
OL7553056A,Five Feet Apart,24,6,3,1,12,40,1380,1259,66,55
OL807186A,Mixed Feelings,34,7,5,32,54,55,1177,631,73,473
OL8106910A,Cadáver exquisito,5,0,0,7,5,3,413,379,14,20
OL2825294A,Lord of the lodge,47,2,9,14,30,32,480,230,32,218
OL3319143A,A Rich Man's Touch,443,152,113,197,293,235,7488,4563,334,2591
OL2875767A,All the Bright Places,17,3,4,6,19,41,1713,1461,105,147
OL687719A,Wife by Approval,182,3,15,27,46,40,1069,625,56,388
OL30765A,The Lightning Thief,172,69,61,245,444,1507,32899,25488,2081,5330
OL3134441A,Devil in a Dark Blue Suit,172,2,6,17,11,12,504,309,50,145
OL2674237A,Australia,285,2,13,42,33,48,935,475,84,376
OL3401650A,The Bride of Romano,113,5,15,39,54,59,1325,761,86,478
OL883825A,By Yet Another Door,64,3,8,22,29,15,669,414,30,225
OL21059A,Heiress,1066,16,17,72,138,198,4988,2843,267,1878
OL222146A,Atonement,203,5,10,30,59,27,1472,1210,56,206
OL5219692A,A Western Winter Wonderland,84,1,0,3,1,4,301,215,10,76
OL7538177A,Archer's Voice,52,7,0,4,9,15,1195,1104,61,30
OL9208249A,You've Reached Sam,6,8,2,15,22,43,2189,2006,100,83
OL7115219A,A Court of Thorns and Roses,44,68,25,127,228,523,22477,19444,1204,1829
OL1391085A,Twilight,161,114,95,132,128,369,11037,8910,629,1498
OL12633210A,Alchemised,2,1,1,0,1,3,208,192,11,5
OL2869630A,A Devious Desire,39,0,0,4,8,14,176,87,7,82
OL8445552A,Are These My Basoomas I See Before Me?,15,2,0,1,4,1,295,273,13,9
OL6897661A,The Visit of the tenant-farmer delegates to Canada in 1890,8,0,0,0,0,0,1,1,0,0
OL7475891A,Capture Me,211,2,0,1,2,8,437,381,30,26
OL28559A,The Flame and the Flower,138,8,8,17,26,54,1394,1082,60,252
OL1386159A,Love is Murder,528,3,1,3,4,47,515,364,11,140
OL9812944A,Every Summer After,8,0,1,1,1,7,589,558,15,16
OL3497340A,The Count Of Castelfino,83,3,7,6,2,11,439,281,40,118
OL7831498A,The Switch,21,0,0,1,4,1,261,244,6,11
OL1385587A,The Bachelor Trap,55,4,12,17,38,41,748,404,17,327
OL34184A,Charlie and the Chocolate Factory,750,92,68,265,370,726,18754,15124,1175,2455
OL1452419A,Airborne Emergency,281,6,3,14,30,25,567,300,32,235
OL1006974A,The Bartered Bride,89,9,30,70,51,43,1403,739,72,592
OL4397788A,Wide Sargasso Sea,41,0,2,5,4,6,809,708,39,62
OL66700A,O Alquimista,759,58,59,119,138,241,11762,9925,914,923
OL6964763A,Shatter Me,63,47,13,41,76,227,17977,16137,1027,813
OL7536754A,The Kiss Quotient,7,3,1,2,6,9,769,700,41,28
OL763922A,The Forbidden Island,93,5,9,21,25,18,751,536,25,190
OL1393119A,At Home in Stone Creek,1104,5,2,11,20,69,1855,1297,66,492
OL603372A,Notorious Lady,24,3,4,9,5,6,289,144,21,124
OL589090A,Hostage,74,2,11,23,55,43,1045,575,68,402
OL2674728A,Steamy December,40,1,5,10,25,19,485,268,21,196
OL1385975A,More Than a Millionaire,209,0,2,16,18,14,478,299,20,159
OL7985256A,Pretty and Reckless,45,0,0,0,1,1,228,220,5,3
OL9096427A,The Love Hypothesis,24,34,11,30,65,160,11223,10330,493,400
OL666139A,The Redemption of Darius Sterne,477,48,79,284,405,512,9594,5568,435,3591
OL1916104A,Shadowed reunion,15,1,0,5,12,7,278,163,10,105
OL1393502A,Americanah,59,10,9,22,49,79,3136,2677,191,268
OL729763A,The Mediterranean Billionaire's Secret Baby,233,13,18,57,104,94,2125,1126,172,827
OL382524A,海辺のカフカ,532,15,42,159,288,194,5752,4427,203,1122
OL9879913A,Bond of Hatred,1,0,0,1,2,6,122,82,2,38
OL29622A,Beauty,40,1,5,19,34,33,933,692,31,210
OL3021131A,The Cartel,31,1,1,2,2,26,1196,1063,42,91
OL1081490A,Stormfire,7,0,2,3,2,3,232,202,13,17
OL1391549A,Marco's Pride,115,10,16,45,73,45,1151,645,65,441
OL7620131A,"Red, White & Royal Blue",6,16,6,24,45,119,5165,4779,154,232
OL1385857A,Never Marry a Stranger,55,2,4,8,21,30,536,348,20,168
OL779655A,Foolish deceiver,14,0,2,9,11,3,187,106,17,64
OL7917728A,A Thousand Boy Kisses,52,8,0,2,1,16,1382,1278,68,36
OL7127659A,Awakening His Innocent Cinderella,187,19,2,30,32,24,680,366,42,272
OL9931663A,American Roommate Experiment,10,8,5,13,22,36,2878,2653,127,98
OL7919580A,Normal People,14,3,8,20,38,33,2356,2135,55,166
OL28577A,The Price of Salt,370,0,8,19,33,42,1466,1222,50,194
OL892147A,Safe Passage,125,14,22,60,73,73,1722,1050,104,568
OL1386252A,The Bridegroom's Bargain,45,2,4,3,10,7,306,153,8,145
OL39872A,Mini Shopaholic,235,3,4,13,7,5,426,358,18,50
