work_key,ratings_count_1,ratings_count_2,ratings_count_3,ratings_count_4,ratings_count_5
OL18020194W,114,35,65,153,684
OL24390422W,57,12,24,36,162
OL35223328W,2,0,0,6,39
OL20808172W,5,2,4,26,25
OL34774028W,13,0,3,7,43
OL20090688W,16,6,20,40,114
OL25515697W,14,5,8,28,66
OL20564687W,3,1,3,1,12
OL27245843W,13,7,13,26,43
OL27733867W,55,11,37,79,232
OL27310398W,71,17,26,43,153
OL11327658W,1,0,6,9,13
OL2959315W,1,1,3,8,11
OL20068530W,15,10,12,29,59
OL27818823W,9,2,24,61,72
OL3775397W,0,1,2,11,7
OL11327660W,0,4,3,8,1
OL11327987W,3,2,6,4,8
OL1708087W,1,0,4,10,4
OL3759285W,1,2,5,9,13
OL4342701W,0,0,5,10,6
OL3467487W,1,2,5,4,7
OL21833211W,2,0,0,3,12
OL4215998W,2,0,4,12,11
OL5091273W,1,0,1,6,7
OL486967W,0,3,12,41,42
OL3457830W,1,1,4,3,6
OL3775449W,1,1,3,4,4
OL3775478W,0,1,6,6,4
OL6794523W,2,2,10,5,9
OL3771321W,3,1,5,4,3
OL11277304W,3,1,9,13,17
OL3759349W,2,4,5,8,5
OL3458001W,0,1,2,7,3
OL11327979W,0,1,6,9,4
OL8315359W,2,2,3,10,9
OL3457933W,1,1,2,7,10
OL11327957W,1,3,8,8,6
OL3759116W,1,1,8,10,7
OL9367818W,1,3,5,8,6
OL5236259W,2,2,6,15,14
OL11327666W,1,0,12,7,4
OL20650912W,0,2,2,7,14
OL77775W,0,0,10,6,5
OL21775531W,3,1,1,4,14
OL3759318W,0,0,5,8,7
OL27838518W,3,0,2,3,12
OL11327953W,1,0,8,5,11
OL11277315W,0,4,1,5,6
OL20018811W,8,3,7,20,41
OL3475982W,0,0,3,6,4
OL8315354W,0,1,2,10,12
OL8315362W,0,0,5,11,7
OL11328452W,0,2,6,9,8
OL4955616W,4,2,5,7,9
OL11277298W,2,0,5,10,7
OL3467485W,0,0,3,15,4
OL3294436W,0,4,2,11,6
OL3845148W,3,0,2,13,11
OL4233148W,2,2,3,6,6
OL20004814W,0,1,4,3,13
OL16014245W,28,6,17,39,100
OL2959270W,0,1,2,12,12
OL11277334W,1,2,3,10,9
OL7990767W,1,1,4,8,10
OL11327897W,1,0,2,9,7
OL8030401W,0,1,2,6,9
OL8315310W,1,0,6,7,5
OL3770492W,1,1,4,8,3
OL17850410W,15,7,22,36,82
OL4233186W,4,2,10,6,6
OL3467489W,2,3,5,4,11
OL4233175W,1,1,1,8,8
OL20893778W,1,2,3,5,15
OL3498612W,1,1,2,9,5
OL11327973W,0,3,5,12,6
OL2959374W,0,1,6,6,6
OL16481385W,1,1,4,11,7
OL11327962W,0,2,4,6,8
OL4342716W,1,1,6,7,10
OL3845179W,0,2,2,4,2
OL15411754W,0,3,4,6,7
OL17719508W,5,2,6,4,47
OL3476075W,0,1,8,5,3
OL3476079W,2,2,4,4,3
OL3845101W,0,3,7,10,3
OL3771180W,1,1,5,7,4
OL8315355W,0,2,2,9,7
OL3845173W,1,0,4,7,3
OL4233121W,2,0,0,5,8
OL5236211W,2,0,5,9,3
OL3845160W,1,1,4,4,3
OL11327982W,2,2,8,9,4
OL2705619W,3,3,5,4,4
OL3770466W,2,3,2,2,4
OL5236199W,0,0,9,12,5
OL4225414W,2,3,2,5,6
OL8315358W,1,2,7,6,10
OL21435W,2,2,2,8,27
OL3775489W,1,3,4,5,4
OL16707517W,0,0,3,5,1
OL3457723W,0,0,2,4,2
OL3498880W,5,0,2,0,1
OL4092663W,1,0,1,3,2
OL3457898W,1,0,0,6,2
OL29215706W,3,1,1,5,4
OL3395282W,0,1,3,3,3
OL3498721W,0,1,2,1,0
OL213270W,1,0,0,1,6
OL3773967W,0,0,2,4,5
OL3498599W,0,2,2,0,2
OL4996160W,0,1,0,2,4
OL3457964W,0,0,2,2,2
OL4182012W,0,2,5,6,4
OL15790348W,1,1,3,1,4
OL14920191W,1,0,1,0,1
OL21692056W,3,0,8,19,30
OL4080602W,2,2,2,2,2
OL7990736W,0,0,3,3,3
OL1673205W,3,1,3,13,25
OL3775484W,0,3,2,2,1
OL5236248W,1,0,6,10,3
OL3467605W,0,1,3,1,4
OL4092682W,1,0,0,3,2
OL111623W,0,1,0,2,2
OL3773956W,0,1,2,4,4
OL21574349W,1,0,0,1,5
OL11329114W,0,0,3,4,0
OL22535730W,2,0,0,2,1
OL3759090W,1,0,3,3,1
OL3498574W,1,0,3,7,5
OL17542361W,0,1,4,1,4
OL3518627W,0,0,1,7,4
OL15715739W,1,0,2,6,8
OL8315279W,1,0,1,5,5
OL3457969W,0,0,2,6,0
OL15151142W,0,0,3,2,6
OL213274W,0,0,2,3,9
OL3759489W,3,2,1,1,1
OL3775480W,1,0,2,3,2
OL19352053W,1,0,0,7,5
OL17717W,0,1,0,1,0
OL3457679W,1,0,2,3,2
OL17356883W,6,4,12,9,49
OL3771074W,1,3,1,3,2
OL5691862W,1,0,3,5,6
OL5720027W,7,4,15,12,39
OL62979W,1,4,5,15,9
OL167347W,0,1,1,4,2
OL3498608W,0,0,4,2,4
OL4278173W,2,1,1,7,5
OL16915199W,1,5,5,6,18
OL3498971W,0,1,3,4,10
OL3771237W,2,1,2,1,2
OL3845129W,0,0,2,4,3
OL15145531W,0,4,2,2,2
OL3759099W,1,0,4,2,3
OL11327932W,1,2,3,2,3
OL9367872W,0,0,2,5,3
OL5688474W,0,0,1,1,8
OL4331821W,0,0,2,2,1
OL1855944W,3,5,9,17,15
OL15399487W,0,0,1,4,6
OL3771274W,1,0,1,4,0
OL14920253W,0,0,2,3,4
OL554613W,0,0,1,0,2
OL4787985W,2,1,2,2,3
OL16552717W,1,0,2,2,4
OL9195994W,0,0,3,6,5
OL5809069W,1,0,0,2,1
OL4215992W,0,3,3,4,2
OL4092643W,1,0,0,1,5
OL4181974W,2,0,2,3,6
OL1902239W,0,1,0,3,3
OL10530542W,0,0,0,3,2
OL555417W,0,1,0,3,1
OL1999672W,0,1,2,3,3
OL20168471W,0,0,1,3,2
OL2959361W,0,0,2,4,2
OL3771201W,4,0,1,3,1
OL17388303W,0,1,2,1,5
OL8315345W,0,1,2,1,2
OL3395308W,1,1,0,3,5
OL15434793W,0,2,0,5,5
OL3754795W,1,0,2,2,1
OL7664463W,1,2,2,5,2
OL3457986W,0,0,0,4,4
OL3498584W,1,1,5,2,1
OL15186060W,1,1,3,2,5
OL18170678W,1,0,1,5,2
OL8315314W,0,0,1,1,5
OL3803114W,1,0,2,4,4
OL16813583W,1,0,9,17,9
OL25917284W,0,0,2,2,6
OL5236157W,1,1,3,4,0
OL3457857W,0,0,1,2,3
OL16048133W,0,0,4,1,2
OL15010W,0,0,1,3,3
OL20512441W,0,0,0,1,1
OL15400457W,0,3,2,3,0
OL3457874W,0,0,1,5,1
OL3458053W,0,0,0,5,1
OL15139250W,0,0,1,3,3
OL34568152W,0,0,0,1,2
OL11327725W,3,1,0,2,2
OL3845023W,1,0,1,5,3
OL3771190W,3,2,0,1,3
OL5730765W,0,0,5,7,11
OL4092555W,0,0,1,3,5
OL3771315W,0,1,1,4,3
OL24662068W,0,0,3,3,5
OL15684W,0,0,1,1,6
OL21181078W,1,2,0,3,2
OL4233134W,0,1,1,3,3
OL3498542W,1,1,4,6,3
OL4580338W,0,0,4,5,7
OL3775482W,0,0,3,6,3
OL42611094W,10,1,0,3,14
OL5691872W,2,0,2,2,3
OL5689129W,0,0,0,0,4
OL3759340W,1,0,5,3,1
OL15659W,0,0,0,2,3
OL15137409W,3,1,1,2,2
OL20734329W,4,0,5,14,7
OL3457669W,0,1,1,3,6
OL3770771W,1,1,2,8,1
OL111594W,0,1,3,1,3
OL3519312W,0,1,1,10,4
OL34341W,0,1,2,3,1
OL4181961W,0,0,1,7,7
OL3759178W,1,1,4,1,3
OL152328W,0,0,3,8,16
OL3845133W,1,1,0,3,4
OL15187345W,0,0,3,1,5
OL15956589W,0,0,3,3,6
OL554608W,4,0,5,6,8
OL15174764W,1,0,1,1,3
OL24138344W,0,0,5,2,9
OL3770463W,0,1,5,7,6
OL5236226W,1,1,6,3,1
OL14873597W,1,0,0,2,1
OL3458011W,0,0,1,5,3
OL11328453W,0,0,1,2,6
OL16793664W,4,0,0,3,12
OL5236181W,1,1,4,3,3
OL36043513W,0,0,0,1,1
OL15190892W,0,0,2,1,5
OL17388216W,0,1,4,1,3
OL5236093W,0,1,3,4,2
OL4092680W,0,0,1,5,2
OL27245840W,1,0,1,0,1
OL16033177W,0,4,0,4,3
OL28880495W,1,1,1,3,7
OL3498609W,1,1,4,6,4
OL14862503W,0,0,2,4,5
OL5686859W,0,1,0,2,2
OL20664315W,0,0,1,3,0
OL11327951W,1,1,2,1,3
OL3457887W,0,0,1,4,5
OL15334861W,0,0,0,4,6
OL5720033W,4,4,5,12,12
OL1902487W,0,0,0,2,4
OL15673W,0,0,3,1,6
OL3457649W,1,0,4,2,5
OL3498758W,0,0,4,4,5
OL36371W,0,0,1,2,6
OL17797857W,8,3,8,19,54
OL3498751W,0,1,2,2,2
OL15334853W,2,0,2,4,2
OL8028189W,2,1,4,1,2
OL3467552W,0,0,3,1,4
OL29515951W,0,0,0,1,3
OL1822307W,0,1,0,3,5
OL3467581W,1,0,0,5,2
OL3981199W,0,1,3,2,1
OL3845038W,0,1,4,1,4
OL3759231W,0,2,1,2,2
OL1833989W,2,1,13,14,12
OL2705653W,1,1,2,1,2
OL17615537W,4,1,1,5,14
OL10530577W,0,0,0,1,8
OL4220892W,0,0,2,0,5
OL999519W,0,0,3,4,1
OL4580320W,0,0,2,2,3
OL111635W,1,1,0,2,3
OL3498587W,0,1,1,4,3
OL5686831W,0,0,1,3,2
OL5100310W,0,1,2,2,0
OL19699W,0,0,0,0,2
OL3775337W,0,1,2,3,2
OL8161699W,0,2,1,4,3
OL137394W,0,0,3,6,0
OL15859158W,0,0,5,1,2
OL3457707W,0,0,2,5,2
OL3261154W,0,1,3,5,7
OL3759419W,2,1,1,3,3
OL3771310W,2,1,0,4,0
OL3759097W,1,0,1,2,3
OL11327910W,1,0,2,3,3
OL3931459W,0,0,0,2,0
OL921867W,1,1,2,5,4
OL4092653W,1,1,0,2,4
OL5691864W,1,0,0,2,5
OL5810789W,3,3,4,4,2
OL14906558W,0,1,1,3,0
OL17791167W,0,0,2,5,15
OL21572618W,0,0,1,1,2
OL3457771W,0,1,2,2,4
OL4955615W,1,1,0,4,2
OL27244347W,0,0,0,0,2
OL921915W,1,1,3,2,2
OL17390191W,0,0,1,4,2
OL100239W,0,2,3,4,5
OL5236019W,0,1,2,0,1
OL17323489W,3,4,6,17,35
OL15715457W,0,0,0,0,5
OL16336633W,29,16,34,106,135
OL14920257W,0,1,1,1,3
OL15828294W,1,1,4,0,2
OL5809773W,1,0,2,4,4
OL20649786W,0,2,1,4,2
OL15565549W,1,1,0,2,2
OL5797931W,0,2,1,1,6
OL3775494W,2,1,5,3,4
OL16031718W,0,1,2,2,3
OL3754906W,1,1,3,1,2
OL3754941W,0,0,0,6,5
OL71042W,1,5,24,39,39
OL8032382W,0,3,7,3,1
OL3457760W,0,0,4,0,4
OL3931399W,0,0,3,2,1
OL10530592W,1,0,2,0,2
OL8315335W,2,0,1,5,1
OL3498682W,0,1,1,5,1
OL14726W,2,1,3,3,4
OL3498812W,0,0,0,2,2
OL3498593W,0,1,5,2,1
OL14862472W,0,0,2,4,3
OL65430W,4,1,9,19,6
OL4233123W,3,1,2,3,6
OL3457998W,0,0,1,7,4
OL455305W,10,18,35,41,25
OL17798319W,0,1,2,3,2
OL3759284W,1,2,2,3,4
OL2959205W,0,0,2,6,2
OL9209935W,0,0,3,5,2
OL111570W,0,1,1,3,3
OL34113490W,2,0,1,0,5
OL14851678W,0,0,0,0,1
OL26942W,0,1,0,2,4
OL11327156W,2,2,3,2,0
OL17500293W,1,1,2,3,4
OL18014467W,0,0,2,1,1
OL17293267W,0,0,2,3,3
OL3759492W,2,2,3,6,4
OL17104741W,0,0,1,7,8
OL5691879W,0,0,4,1,3
OL460999W,1,0,2,1,2
OL5695228W,1,1,2,2,1
OL3498657W,0,0,2,2,3
OL66544W,1,3,5,19,20
OL9224683W,1,0,2,2,3
OL3780290W,0,0,4,8,2
OL1230613W,3,7,21,39,53
OL17432870W,2,1,3,2,3
OL4182018W,0,0,1,5,3
OL36633W,3,1,6,14,25
OL36861W,1,0,5,12,11
OL111630W,0,0,1,4,5
OL1230631W,3,4,12,26,12
OL3519268W,0,1,2,3,5
OL17386471W,0,0,1,4,2
OL3754595W,0,1,3,1,1
OL15622W,0,1,1,1,5
OL3759384W,1,0,3,1,1
OL9482509W,0,1,3,1,6
OL3775490W,0,0,1,2,3
OL3775454W,0,2,4,0,1
OL17606111W,10,11,10,23,65
OL3519254W,0,0,2,1,3
OL34253W,0,0,2,1,1
OL4228716W,0,1,2,7,6
OL1902224W,0,1,3,3,2
OL3294360W,0,0,2,8,2
OL627084W,6,3,19,41,42
OL3845098W,0,0,0,1,5
OL3754528W,0,0,3,4,5
OL3457666W,1,0,1,2,4
OL20004819W,1,0,2,1,4
OL167291W,0,0,0,2,4
OL134601W,0,1,7,17,26
OL3771239W,0,0,1,1,4
OL34333W,1,1,2,1,1
OL25621436W,0,0,0,0,0
OL3759342W,1,0,2,3,3
OL16701775W,0,3,2,6,7
OL11762245W,0,1,2,5,5
OL3754890W,1,0,2,2,3
OL15145780W,2,3,2,1,0
OL3457977W,0,1,1,1,4
OL14683W,0,0,3,2,5
OL491799W,3,0,2,4,3
OL39349W,1,5,15,19,10
OL10530597W,0,1,0,2,2
OL3773886W,1,0,4,1,6
OL1003017W,2,3,1,2,8
OL22563730W,3,2,7,9,5
OL4084652W,2,1,3,2,0
OL5853878W,0,0,1,4,5
OL5366115W,0,0,2,4,5
OL3771214W,0,1,3,2,0
OL2959193W,0,1,1,8,5
OL20416941W,0,4,6,10,10
OL3457755W,0,2,3,3,1
OL4278176W,0,0,3,3,2
OL6803139W,1,1,3,2,1
OL2656058W,4,1,2,2,3
OL27850288W,0,0,1,1,3
OL3845598W,1,1,4,4,3
OL5837809W,3,1,2,4,2
OL15422772W,1,0,1,0,4
OL5821769W,0,0,0,2,2
OL24987665W,0,1,0,0,1
OL15134754W,1,0,3,2,5
OL4092668W,0,1,2,0,3
OL15171411W,0,0,1,1,2
OL112332W,0,1,0,2,2
OL4082444W,2,0,1,1,1
OL18173457W,0,2,1,4,1
OL8315353W,2,1,2,2,6
OL3476069W,1,0,2,3,6
OL17057W,0,0,0,0,3
OL3457894W,0,1,2,4,5
OL8318455W,0,1,1,0,2
OL5236110W,1,1,3,3,1
OL2959355W,0,0,4,4,14
OL3458047W,1,2,3,0,4
OL8315277W,1,0,2,4,7
OL4221246W,2,2,3,0,2
OL471603W,2,1,4,9,11
OL24753705W,0,0,0,0,0
OL3498569W,0,0,2,2,6
OL21584106W,0,0,0,0,3
OL3759145W,0,1,3,2,2
OL3771267W,1,3,0,2,2
OL17928103W,1,0,3,2,5
OL152321W,1,0,2,2,9
OL3260967W,1,1,1,2,3
OL4412095W,0,1,2,3,2
OL3467549W,0,0,0,5,1
OL3759334W,2,0,2,2,3
OL100050W,0,0,1,3,3
OL3294274W,0,0,0,3,1
OL3457800W,0,0,0,3,2
OL2252098W,0,0,4,9,13
OL2959198W,0,1,3,5,3
OL34342W,0,0,3,1,0
OL3770455W,1,3,2,2,2
OL15685W,1,0,0,3,3
OL3453399W,0,0,0,1,4
OL5808602W,0,0,1,2,0
OL20210369W,2,0,1,1,8
OL3457972W,0,0,1,4,0
OL3771283W,2,0,2,2,1
OL3759456W,0,2,0,1,1
OL11327949W,0,1,0,6,1
OL4084692W,2,0,4,2,2
OL25381140W,0,0,0,0,0
OL8559424W,0,0,2,2,6
OL4055722W,0,1,0,2,0
OL9367847W,0,0,3,4,0
OL3771299W,2,1,1,3,2
OL3754800W,2,0,2,6,5
OL3770769W,1,0,4,9,2
OL7133447W,0,0,0,1,2
OL1860315W,0,0,1,0,7
OL3773936W,0,1,4,3,5
OL16032364W,0,0,2,2,1
OL15842618W,0,0,2,4,3
OL16454963W,0,0,2,2,4
OL17541036W,0,0,1,4,6
OL25920096W,1,0,0,0,1
OL175368W,0,0,0,2,4
OL4233168W,1,0,3,3,6
OL3519308W,0,1,2,3,2
OL3476053W,1,0,3,1,3
OL54031W,0,1,3,10,1
OL3845574W,0,0,1,2,3
OL953162W,2,2,2,5,14
OL17478516W,1,0,1,3,0
OL15398007W,2,1,2,2,1
OL21498418W,0,1,1,3,0
OL810243W,0,0,0,1,1
OL111428W,0,1,2,3,4
OL3845130W,0,0,2,5,5
OL17306213W,1,2,3,0,3
OL3771278W,0,0,0,3,1
OL3294391W,0,0,0,0,2
OL3458041W,0,0,4,2,3
OL4440552W,1,1,2,0,0
OL111500W,0,1,0,3,1
OL5589322W,1,0,4,2,3
OL1902447W,0,0,0,1,4
OL20883297W,1,5,8,22,11
OL4220889W,1,0,1,4,1
OL111575W,1,0,1,1,1
OL17900212W,0,0,1,8,1
OL3457938W,0,1,5,3,2
OL111433W,0,1,2,3,3
OL27916409W,0,0,1,2,3
OL111544W,0,1,3,2,2
OL8125819W,0,0,2,2,2
OL3931421W,0,0,2,4,4
OL5691867W,1,0,0,3,8
OL10451074W,0,1,2,8,2
OL5808604W,0,0,2,2,2
OL461007W,0,2,1,1,2
OL17396104W,0,0,2,2,5
OL15140020W,0,3,2,4,4
OL3294281W,3,0,5,1,3
OL16041952W,0,0,3,3,3
OL3294302W,0,0,4,1,0
OL2705666W,2,0,4,0,1
OL4689744W,1,0,1,1,2
OL8366001W,0,0,1,0,1
OL3771264W,1,2,1,5,1
OL1388028W,0,2,7,10,14
OL4052076W,0,0,0,0,6
OL17421165W,0,1,2,0,3
OL3759341W,0,2,2,2,4
OL276386W,2,4,12,12,13
OL15691389W,0,2,1,1,3
OL3759470W,1,0,1,3,0
OL3519317W,0,2,1,4,2
OL98501W,1,4,4,18,15
OL15175357W,0,1,1,2,2
OL3759242W,1,0,4,2,3
OL4356940W,0,0,1,1,2
OL4220886W,0,0,3,1,3
OL5236089W,0,0,2,7,0
OL482575W,1,0,0,2,2
OL17974590W,2,2,1,5,3
OL36090166W,1,0,4,2,9
OL28681709W,0,0,0,0,3
OL14857623W,1,1,1,3,2
OL14862506W,0,0,0,1,1
OL3519326W,0,2,0,3,1
OL5762087W,6,7,6,0,7
OL5686809W,0,0,2,2,4
OL5691884W,0,1,1,4,5
OL5686917W,2,1,3,2,3
OL3775474W,0,0,3,5,3
OL41078W,0,0,2,9,7
OL17221584W,0,1,0,2,9
OL17415853W,1,0,2,3,1
OL111479W,0,0,0,2,3
OL16083359W,0,0,2,2,2
OL3467540W,1,1,5,3,2
OL3845643W,0,1,2,5,7
OL19979127W,0,1,0,2,2
OL36042699W,1,0,0,3,3
OL3294348W,0,0,3,5,2
OL27297240W,23,2,9,23,65
OL471990W,0,0,2,6,10
OL2959228W,0,2,1,7,9
OL24217909W,2,0,1,1,1
OL16305787W,0,0,2,4,2
OL5686862W,0,0,2,5,4
OL3759329W,0,1,0,4,2
OL5810798W,1,0,1,0,0
OL17846368W,1,1,1,2,1
OL21548993W,0,0,1,1,0
OL52114W,4,10,40,63,44
OL3775472W,0,0,2,3,1
OL24457490W,6,1,15,23,37
OL213267W,0,0,2,3,2
OL9224719W,0,0,0,2,6
OL167281W,1,0,0,0,7
OL9224690W,0,0,2,5,4
OL5695227W,1,1,1,1,3
OL16587257W,0,0,3,0,5
OL19800269W,1,0,1,2,3
OL8488804W,0,0,1,4,4
OL4412079W,0,0,1,5,1
OL28454346W,0,0,1,2,0
OL3771222W,1,0,1,1,2
OL3498738W,0,0,1,2,1
OL5686921W,1,1,2,6,5
OL2959266W,2,0,1,8,4
OL20667571W,1,0,0,0,0
OL554612W,0,1,3,3,4
OL4056407W,0,1,0,2,3
OL5696197W,0,0,0,1,1
OL3770775W,1,0,2,4,1
OL4331836W,0,0,2,3,1
OL111418W,0,0,1,1,3
OL16057432W,2,1,1,2,1
OL111457W,0,2,0,1,2
OL3770485W,0,0,1,1,0
OL5236088W,0,0,3,4,5
OL3759170W,1,1,2,3,5
OL21854790W,1,0,1,0,3
OL3759382W,1,0,1,1,1
OL3498667W,0,0,2,0,1
OL1708330W,0,1,1,4,0
OL3770476W,0,0,1,1,0
OL4233114W,0,0,1,2,2
OL20853227W,1,0,1,4,2
OL2959215W,0,0,3,3,2
OL4689771W,0,0,1,2,3
OL3457644W,0,0,2,1,5
OL11277282W,0,2,1,1,3
OL15436932W,1,1,2,2,2
OL17519668W,0,1,1,3,3
OL17439529W,0,1,4,4,6
OL1822309W,1,0,2,2,3
OL3908277W,0,0,1,7,7
OL3759115W,0,4,2,1,5
OL5690877W,0,1,2,2,4
OL3845577W,0,0,1,4,2
OL15687W,0,0,0,2,4
OL32504514W,0,0,0,0,1
OL17426791W,0,0,3,5,2
OL134699W,1,1,3,3,6
OL4220891W,0,0,2,2,1
OL4278228W,0,0,1,3,3
OL35923530W,1,0,0,0,1
OL11327963W,0,0,1,4,0
OL3475959W,0,0,1,1,2
OL2959332W,0,1,2,2,4
OL4273173W,0,0,7,0,6
OL3845003W,0,0,1,3,3
OL4412082W,1,1,2,1,2
OL2705652W,1,1,2,3,0
OL4228757W,1,0,2,6,1
OL111426W,1,0,2,2,3
OL5236152W,0,0,6,3,0
OL3519301W,0,2,0,3,0
OL8315344W,0,0,1,5,4
OL15143237W,0,1,3,1,1
OL7133453W,0,0,0,0,2
OL3457814W,0,0,2,4,2
OL27701041W,2,0,0,0,0
OL3771235W,3,1,0,4,2
OL8032353W,0,0,1,4,0
OL82360W,0,0,5,11,6
OL20537509W,3,0,0,1,5
OL15740111W,0,0,2,3,1
OL19968136W,1,0,3,1,7
OL16471161W,1,0,2,3,3
OL21582802W,1,0,0,1,4
OL5236106W,0,0,1,2,3
OL8029485W,0,0,1,1,2
OL21598762W,0,0,1,0,1
OL4689788W,0,0,2,0,4
OL3759078W,2,0,2,1,0
OL17795942W,0,0,1,1,2
OL16053063W,2,0,2,0,2
OL274910W,0,0,0,2,1
OL3498790W,0,2,1,3,2
OL3458058W,0,0,1,1,1
OL20168339W,0,1,3,5,6
OL5100324W,1,1,0,2,1
OL3931412W,0,0,0,2,1
OL5729825W,0,0,0,1,2
OL3775427W,1,0,4,2,4
OL4440539W,0,0,1,4,0
OL4278297W,0,0,1,0,2
OL3773917W,0,0,2,4,6
OL3771067W,2,1,0,0,2
OL4092521W,0,0,0,2,1
OL15450151W,2,1,5,9,2
OL6101936W,0,0,0,2,1
OL18160561W,0,0,4,3,2
OL4221187W,0,0,7,3,1
OL7999006W,1,0,1,4,1
OL20797746W,0,0,0,0,0
OL895248W,0,1,1,1,1
OL1902272W,0,0,0,1,4
OL3803123W,1,0,1,2,5
OL1902314W,0,0,0,0,0
OL3759344W,1,0,0,1,1
OL3775446W,0,0,3,1,5
OL29167139W,0,0,0,1,0
OL9156412W,1,0,2,4,5
OL9359757W,1,1,3,5,2
OL3457739W,0,1,2,4,2
OL4092664W,0,0,0,3,4
OL11019378W,1,0,1,5,3
OL3908261W,0,0,2,3,3
OL8365967W,0,0,0,1,1
OL112320W,1,1,0,0,1
OL3771113W,1,0,2,2,1
OL3476058W,0,0,2,4,6
OL1911602W,0,0,3,2,0
OL5804892W,0,1,2,2,2
OL3771168W,1,0,0,1,4
OL3773965W,0,0,3,1,3
OL4221232W,2,0,7,1,2
OL26087369W,0,0,0,0,0
OL15827652W,1,1,1,2,5
OL9162966W,0,0,1,1,4
OL3759140W,0,0,3,2,1
OL3771123W,1,0,2,2,0
OL3759417W,1,0,0,1,0
OL8030168W,3,0,0,3,4
OL167328W,0,1,1,4,7
OL21735307W,2,1,1,4,1
OL17387284W,1,0,3,2,4
OL5695715W,0,0,0,1,3
OL228702W,0,1,6,14,16
OL4092655W,0,2,0,5,2
OL156401W,0,0,1,2,1
OL38128674W,1,3,1,4,18
OL4787957W,0,0,1,3,1
OL15678286W,1,0,1,2,2
OL9767580W,0,0,1,3,3
OL17436749W,0,0,3,1,0
OL5236087W,1,1,2,1,3
OL3294271W,2,0,1,3,0
OL9468089W,2,1,4,4,3
OL15660W,0,0,3,1,5
OL11277266W,1,1,3,5,3
OL4233141W,0,0,2,2,2
OL5682781W,0,1,4,12,4
OL8030158W,0,0,0,0,0
OL3845010W,0,0,0,0,3
OL16042101W,0,0,1,4,2
OL5945663W,0,2,2,0,1
OL4689746W,0,1,0,1,4
OL3467574W,0,0,3,3,8
OL4107886W,0,0,3,3,1
OL3803166W,0,0,5,3,6
OL2959289W,0,0,2,4,3
OL137222W,0,0,0,0,4
OL7990759W,2,0,3,1,3
OL167351W,1,0,1,2,5
OL3759484W,1,0,1,2,2
OL3498737W,1,0,2,4,2
OL1902362W,0,0,1,1,3
OL17339151W,1,0,5,9,16
OL3507309W,0,1,1,5,3
OL3498684W,0,0,1,3,6
OL15134753W,0,0,2,2,1
OL19737591W,1,1,3,2,6
OL15518787W,0,0,3,2,12
OL278356W,0,1,0,4,1
OL9367792W,1,1,1,3,3
OL3775382W,0,0,2,1,4
OL503666W,4,3,13,12,25
OL8315321W,1,0,0,1,2
OL14851667W,0,0,2,0,0
OL5686815W,0,1,2,3,4
OL3759048W,0,0,2,2,1
OL5809039W,0,1,1,2,1
OL18180843W,0,1,3,4,1
OL5695976W,0,1,1,4,2
OL810184W,0,0,4,2,3
OL1961526W,0,0,2,3,4
OL137082W,0,0,0,0,0
OL3775500W,1,1,0,3,12
OL4221196W,1,2,2,1,4
OL471940W,0,1,1,7,9
OL3475995W,0,1,2,2,1
OL14654W,1,0,1,1,3
OL3759436W,1,2,2,0,0
OL4961700W,0,1,0,1,0
OL2818303W,1,0,1,1,1
OL15646W,0,0,1,1,4
OL15170036W,0,0,1,3,3
OL4623643W,2,0,2,3,1
OL19748577W,0,1,3,3,10
OL11277326W,0,1,0,2,1
OL21559004W,1,1,4,1,1
OL3574739W,0,0,3,0,1
OL4331831W,0,1,4,3,3
OL15671W,0,0,1,0,4
OL16821265W,1,1,0,1,4
OL15610W,0,0,0,5,6
OL468362W,0,0,2,6,3
OL5888035W,0,1,0,2,1
OL17386768W,0,0,0,1,2
OL3457835W,0,0,1,4,4
OL3754828W,0,0,2,4,1
OL17796171W,0,4,0,2,2
OL111631W,0,4,1,2,0
OL7133446W,0,0,0,1,1
OL15425685W,0,0,3,3,0
OL19977306W,3,1,1,2,9
OL4472977W,0,0,3,1,8
OL37855093W,4,0,0,3,12
OL21455595W,0,0,3,1,0
OL4056511W,0,0,1,0,1
OL3498550W,0,1,0,2,3
OL20651958W,0,1,3,4,4
OL4141667W,0,1,0,0,1
OL100046W,0,2,1,2,3
OL3457796W,0,1,4,1,1
OL6286625W,0,1,1,1,0
OL3458002W,0,0,3,2,2
OL3498604W,0,0,1,3,2
OL16772679W,1,0,0,2,3
OL35345999W,1,0,1,0,1
OL5686810W,1,1,3,2,2
OL1902490W,0,0,0,0,5
OL15859891W,0,0,1,3,2
OL1518582W,0,0,0,4,5
OL4233117W,0,1,1,0,0
OL5686947W,0,1,3,4,3
OL3458059W,0,0,0,5,4
OL3775331W,0,0,2,3,3
OL213241W,0,0,0,5,2
OL4141645W,1,0,0,1,2
OL17203232W,7,2,1,9,54
OL3931519W,0,1,0,2,4
OL25960185W,0,1,1,1,5
OL3754821W,1,0,0,3,2
OL9482485W,0,1,2,1,3
OL4720160W,1,4,10,17,22
OL17976969W,0,0,3,6,1
OL22518674W,1,0,0,1,3
OL11328048W,0,0,1,3,0
OL17393790W,1,2,3,2,2
OL14862450W,0,1,1,0,2
OL16825084W,0,0,6,5,4
OL3773931W,0,0,0,4,3
OL27731687W,1,0,0,0,2
OL4141646W,0,0,0,1,1
OL15395162W,0,0,2,1,3
OL11328191W,0,0,1,2,0
OL4279465W,1,0,0,1,5
OL3457914W,0,2,1,2,0
OL1902212W,0,0,0,0,1
OL34811234W,0,0,1,1,3
OL16732132W,0,2,2,1,4
OL5810753W,0,0,3,0,0
OL8586880W,0,1,0,2,0
OL3395300W,0,0,1,3,2
OL10530571W,1,0,1,1,1
OL20014818W,0,0,2,1,0
OL82374W,2,2,11,11,15
OL17716024W,0,0,1,2,1
OL3773939W,1,0,0,2,1
OL5683000W,0,0,1,2,2
OL4331825W,0,0,3,1,2
OL3467482W,0,0,0,0,0
OL5695687W,2,0,0,0,2
OL5689124W,0,0,0,7,1
OL3261153W,0,0,2,4,4
OL2959272W,0,0,0,1,2
OL4143088W,0,0,2,2,0
OL468485W,0,1,6,8,5
OL3775306W,0,0,2,1,3
OL2469479W,1,0,4,1,4
OL5691878W,0,0,5,2,5
OL3771216W,2,1,1,2,0
OL3457727W,0,0,2,2,2
OL3457695W,0,0,0,4,2
OL17400582W,0,0,0,3,3
OL3759459W,1,0,0,2,1
OL1902282W,0,0,1,0,4
OL3845618W,0,1,3,1,2
OL8365987W,1,0,0,1,2
OL16552708W,0,2,2,1,1
OL167284W,0,0,1,1,4
OL11277234W,0,0,3,5,2
OL9156408W,0,0,0,2,4
OL3476084W,0,0,2,1,2
OL4233154W,0,0,1,2,4
OL15313344W,1,0,2,3,2
OL8030156W,0,0,0,0,1
OL9635858W,0,1,2,5,2
OL3476020W,0,1,1,4,0
OL34316607W,0,0,1,0,2
OL9359682W,3,1,2,3,2
OL29983W,4,11,19,29,59
OL15169296W,1,0,5,2,3
OL5688278W,0,0,1,5,5
OL5682993W,1,2,1,1,3
OL29189569W,0,0,0,0,2
OL26087370W,0,0,0,0,0
OL20669844W,7,0,4,8,14
OL5694954W,0,0,2,0,1
OL4092686W,3,2,5,1,10
OL18027952W,0,0,1,1,3
OL5236239W,0,1,0,4,3
OL19744698W,2,0,0,3,5
OL8032583W,0,0,2,7,3
OL5947740W,1,1,0,1,2
OL15020281W,0,1,2,2,2
OL3457958W,0,1,0,2,4
OL167268W,1,0,0,1,3
OL15683W,0,0,1,0,6
OL2959337W,0,0,0,3,5
OL5099226W,1,1,3,2,1
OL17613127W,0,0,1,4,1
OL17467883W,0,0,1,3,4
OL2671311W,0,0,1,1,0
OL13015028W,4,0,2,2,10
OL4689825W,1,1,0,1,1
OL14920279W,1,1,1,0,2
OL3457781W,1,0,3,3,4
OL3498613W,0,1,1,4,4
OL4141671W,0,0,0,1,4
OL4056532W,0,0,1,3,1
OL4412002W,1,1,3,0,4
OL26432723W,1,0,0,0,0
OL15715835W,0,0,1,0,5
OL3457748W,0,0,2,5,4
OL4092656W,0,0,0,4,3
OL5731538W,4,0,4,6,20
OL17471122W,0,1,3,0,2
OL1902328W,0,0,0,4,3
OL1902410W,0,0,1,1,1
OL23738W,3,1,11,8,13
OL17733369W,0,0,1,1,5
OL16048606W,0,1,0,1,2
OL16607146W,3,2,15,21,42
OL1979167W,0,0,0,2,1
OL4440510W,1,3,1,3,1
OL3498822W,0,0,1,2,1
OL15696327W,0,0,1,0,3
OL17062W,0,0,0,1,1
OL3771129W,2,0,0,1,0
OL921881W,2,0,1,2,4
OL274574W,2,1,11,14,21
OL32343485W,0,0,0,1,2
OL5100332W,1,2,1,0,1
OL4081093W,0,0,0,2,2
OL491807W,0,2,0,5,8
OL21417599W,1,0,1,0,2
OL5686888W,1,0,1,1,3
OL13693163W,2,2,3,4,2
OL5853896W,0,0,1,3,2
OL4278169W,1,1,2,6,2
OL3771312W,1,1,2,1,0
OL9196002W,0,0,3,2,2
OL15020280W,0,0,1,4,1
OL3498716W,0,0,0,0,3
OL3759469W,2,0,0,1,0
OL15657W,1,0,3,0,1
OL1902275W,0,0,1,0,4
OL100044W,0,0,4,0,2
OL3759043W,0,1,2,2,3
OL167312W,0,1,1,0,8
OL15121895W,3,1,2,3,4
OL3775261W,0,1,2,4,3
OL5720025W,11,19,28,16,41
OL17746229W,1,1,4,1,2
OL491801W,1,1,2,2,3
OL5099246W,0,1,2,5,1
OL11327983W,0,1,3,1,0
OL5694487W,0,0,0,3,2
OL3771277W,0,2,1,1,0
OL3457942W,0,0,1,2,4
OL21567801W,0,0,2,1,0
OL4990539W,1,0,0,2,2
OL5720023W,64,44,61,67,196
OL112334W,1,0,0,0,1
OL3498730W,4,2,0,0,3
OL461937W,0,1,7,6,4
OL5695226W,1,1,1,1,1
OL3845116W,1,0,1,1,4
OL4215988W,0,2,0,0,2
OL3467491W,0,0,3,3,5
OL4342724W,0,2,2,0,2
OL14859969W,0,0,3,2,1
OL11327198W,2,1,3,3,2
OL4342685W,1,1,1,3,1
OL3775495W,0,1,1,2,2
OL28520883W,0,1,2,1,2
OL5236230W,0,2,2,4,0
OL17486230W,0,1,2,0,1
OL4161443W,0,1,0,1,2
OL15134326W,0,1,2,1,4
OL16086747W,2,4,13,16,33
OL18442858W,1,0,2,3,2
OL1000286W,0,2,0,5,0
OL24231383W,2,0,4,11,11
OL4278232W,0,1,0,2,4
OL3775354W,0,1,1,2,2
OL8365998W,0,0,0,0,1
OL5100333W,0,3,0,2,2
OL8531476W,0,0,2,2,1
OL4689750W,1,0,1,1,2
OL3458019W,0,0,2,1,6
OL16032670W,0,0,2,3,4
OL17352669W,11,4,30,33,57
OL3457994W,0,0,0,2,5
OL14862477W,0,0,0,1,3
OL45869W,4,1,7,5,7
OL16325201W,3,6,25,39,39
OL4278235W,1,0,2,2,1
OL21428056W,0,0,1,0,1
OL3775346W,0,1,1,2,0
OL14920367W,1,0,0,5,1
OL3467582W,0,0,1,3,3
OL4092690W,1,1,1,2,7
OL112341W,0,1,0,0,2
OL15089817W,0,0,0,0,0
OL4472913W,0,0,1,2,1
OL8531490W,0,0,0,2,1
OL20478673W,2,0,6,2,1
OL4141638W,0,0,1,2,3
OL14862469W,1,0,1,2,1
OL3518634W,0,0,1,4,1
OL21181042W,1,0,1,2,0
OL15183864W,0,0,1,4,3
OL1052133W,5,5,10,28,22
OL863808W,1,1,5,5,3
OL3476060W,0,2,5,3,2
OL19781733W,1,2,4,8,17
OL5808603W,0,0,2,1,2
OL42543873W,1,2,0,1,2
OL16807730W,4,5,15,25,70
OL4052079W,0,0,0,0,4
OL16041717W,0,0,1,3,1
OL4342697W,3,2,1,3,2
OL5695245W,0,0,1,2,4
OL14851670W,0,0,0,0,2
OL21676778W,0,0,3,1,0
OL8365983W,0,0,1,1,1
OL14851679W,0,0,0,1,1
OL11930W,0,0,1,3,9
OL3260978W,1,1,1,9,4
OL3844334W,0,0,2,1,0
OL3467576W,0,1,0,2,5
OL921918W,0,0,0,1,1
OL16772681W,0,3,6,2,3
OL3458039W,0,0,1,3,3
OL3759454W,1,0,1,2,1
OL16057454W,2,0,2,1,3
OL21438800W,2,0,2,0,0
OL3498586W,0,0,0,3,2
OL27436818W,0,0,1,1,2
OL11277306W,0,0,2,0,0
OL5810769W,1,0,1,2,2
OL112323W,0,1,0,0,1
OL3458025W,0,0,1,1,3
OL20504176W,0,0,1,3,0
OL24701020W,0,1,2,2,3
OL4454529W,0,0,1,0,1
OL167315W,0,0,0,0,1
OL3457725W,0,0,0,3,4
OL16041965W,0,1,1,4,3
OL3773902W,0,0,1,2,6
OL28172150W,1,0,0,0,0
OL112346W,0,0,0,0,4
OL14862499W,0,0,0,0,3
OL15155285W,0,0,1,4,4
OL24656464W,0,0,0,0,0
OL4226052W,0,2,0,2,2
OL137228W,0,0,0,1,0
OL3771269W,3,2,0,3,0
OL16820019W,1,1,3,0,3
OL3632909W,0,1,0,1,0
OL15177049W,2,0,0,0,3
OL3981135W,1,0,1,6,2
OL3548660W,1,0,2,3,3
OL21440976W,0,0,0,1,1
OL34325W,0,1,1,0,0
OL5695974W,0,0,0,2,2
OL4981182W,0,2,3,0,2
OL17501376W,0,0,1,1,2
OL24633401W,1,0,0,0,2
OL4181967W,0,0,1,4,7
OL35718442W,2,1,2,2,10
OL3845645W,0,1,0,3,3
OL3759044W,0,1,0,2,2
OL5837827W,1,0,5,0,2
OL3519213W,0,1,1,3,2
OL17871891W,0,1,0,3,3
OL15419842W,1,2,2,3,1
OL4331835W,0,0,1,1,0
OL1979170W,0,0,0,0,0
OL4465416W,0,0,0,5,2
OL3771210W,2,0,0,3,3
OL8318484W,0,0,3,6,4
OL15449069W,1,1,2,1,2
OL21426118W,0,1,2,0,1
OL5688711W,0,1,0,2,2
OL36123560W,0,0,0,0,1
OL5691880W,0,0,0,0,4
OL5236224W,0,0,1,1,1
OL3754780W,0,0,1,2,6
OL9276227W,0,0,1,0,1
OL14913333W,0,0,0,2,1
OL23272W,0,0,1,3,6
OL584283W,0,0,0,1,0
OL3771093W,1,0,1,0,3
OL26085843W,0,0,0,2,0
OL3759055W,0,0,1,4,9
OL3771099W,0,0,0,4,1
OL39108W,2,1,3,7,15
OL555412W,0,0,0,1,1
OL1881774W,0,0,1,2,2
OL3457698W,0,0,1,1,4
OL3771303W,0,1,3,0,0
OL2959309W,0,0,2,12,2
OL21433555W,0,1,1,1,0
OL11327153W,2,2,2,10,4
OL3759041W,0,0,4,7,10
OL19705711W,0,0,0,2,6
OL3771293W,2,1,5,3,4
OL11277293W,0,3,3,4,2
OL3771221W,2,2,3,4,2
OL11762243W,0,0,2,14,6
OL3845131W,1,3,3,5,4
OL3498845W,2,3,7,8,4
OL4273174W,1,1,3,5,12
OL11327991W,1,3,6,2,3
OL3775504W,0,2,1,14,8
OL4181997W,2,2,3,11,4
OL5236243W,1,0,7,2,4
OL8315261W,0,1,2,4,5
OL11277333W,0,2,5,8,5
OL11327950W,0,1,4,3,3
OL8315270W,1,1,8,10,10
OL20561781W,1,0,6,12,10
OL3845125W,1,1,4,4,2
OL3981187W,1,3,3,13,5
OL3771243W,1,1,2,6,7
OL152332W,1,2,3,3,13
OL11277309W,1,1,4,2,4
OL3845174W,0,1,1,5,5
OL17809871W,3,1,9,12,10
OL8315268W,0,1,5,7,3
OL11327946W,0,2,1,6,5
OL3457756W,0,0,2,2,3
OL15171703W,2,0,3,7,9
OL3759068W,0,3,2,6,4
OL24178205W,27,9,19,51,142
OL3754835W,1,1,6,8,6
OL11327965W,0,3,3,10,2
OL3457959W,1,0,4,5,4
OL3759348W,1,1,7,8,5
OL3770467W,0,2,4,6,8
OL3735574W,2,0,5,5,8
OL28181491W,5,0,0,4,12
OL3771297W,2,1,3,5,6
OL19747970W,7,1,7,6,21
OL4273160W,2,1,2,8,8
OL11327968W,2,3,0,1,3
OL3498543W,0,0,3,2,7
OL2959243W,1,1,2,5,3
OL3759338W,0,0,2,2,3
OL3845170W,3,4,5,4,2
OL3845168W,1,0,4,9,1
OL26955716W,2,2,4,2,17
OL3845178W,0,0,4,5,5
OL3759185W,0,1,4,8,4
OL6918872W,1,0,5,3,1
OL3754725W,0,3,10,7,5
OL3457845W,0,2,3,1,6
OL17444354W,1,1,0,2,7
OL277730W,3,1,6,2,18
OL8315347W,0,1,4,11,6
OL3775507W,0,1,2,3,13
OL3775418W,3,1,2,10,10
OL20032935W,3,2,8,5,10
OL11327893W,0,0,4,9,7
OL8032345W,1,0,7,5,8
OL3770490W,1,2,4,3,3
OL3759069W,0,3,7,7,1
OL3775471W,0,1,3,6,4
OL3467599W,0,1,8,4,2
OL3759468W,1,1,3,5,4
OL4233169W,1,0,1,5,13
OL3770471W,2,3,2,3,3
OL11762227W,0,1,4,8,10
OL19964677W,2,1,0,3,7
OL3773896W,1,1,5,7,6
OL11277302W,1,1,5,5,3
OL5236260W,0,1,6,5,3
OL3773966W,0,0,3,4,6
OL3773973W,2,2,3,3,20
OL4084680W,3,2,1,3,4
OL3775475W,3,0,1,5,5
OL3773994W,0,0,1,4,11
OL10530605W,1,1,2,7,2
OL3759277W,0,1,4,5,2
OL2959250W,1,2,2,11,9
OL21802553W,0,0,6,4,16
OL5236219W,1,0,5,7,5
OL3773934W,0,1,2,4,9
OL3759472W,2,2,2,5,8
OL3775425W,1,2,5,7,10
OL8869211W,2,2,5,4,3
OL4233152W,1,2,2,8,11
OL8315332W,1,1,2,9,8
OL3498690W,0,0,3,5,3
OL8315317W,0,1,4,7,5
OL15456729W,4,3,12,7,24
OL11327970W,2,0,4,2,5
OL17311801W,1,2,4,9,8
OL3759292W,0,0,4,1,0
OL25555522W,0,0,1,3,8
OL3498559W,0,2,1,3,6
OL3457886W,0,1,5,4,5
OL491810W,3,0,1,8,9
OL21883446W,0,0,1,0,4
OL3844287W,1,3,1,1,4
OL14862505W,0,1,2,1,1
OL97190W,0,0,1,1,7
OL34832132W,0,0,0,1,1
OL9793773W,0,1,1,4,0
OL15668W,0,0,1,4,2
OL8268347W,0,1,3,3,3
OL2959278W,1,0,2,6,1
OL5810791W,0,0,1,4,2
OL5236140W,0,2,0,2,2
OL2748916W,0,1,0,5,3
OL14857616W,0,0,2,0,1
OL167269W,0,1,1,2,4
OL15152744W,0,0,1,0,2
OL3845054W,0,0,0,3,2
OL2629881W,1,1,1,2,2
OL15462026W,0,0,3,5,3
OL4331799W,0,1,0,1,1
OL167330W,1,0,2,0,3
OL15600002W,0,1,2,1,5
OL21580696W,0,0,2,1,1
OL17356524W,1,0,3,5,7
OL28436821W,0,0,0,0,1
OL17345493W,0,2,8,20,22
OL11327404W,2,1,1,1,1
OL5695642W,1,1,2,0,3
OL37873918W,1,0,0,0,1
OL4220822W,2,0,2,3,0
OL17383337W,0,1,0,4,1
OL8165659W,0,2,2,1,0
OL4233171W,2,1,2,5,1
OL3773963W,1,0,4,1,7
OL3771317W,0,3,0,0,2
OL7990735W,0,0,0,2,2
OL5946131W,2,0,1,4,1
OL3773905W,0,1,3,3,3
OL14862299W,0,0,6,2,2
OL4996159W,0,1,0,0,0
OL10530569W,0,0,1,0,1
OL2732491W,0,2,6,14,7
OL4084674W,1,0,3,0,2
OL15893W,1,0,0,0,0
OL13693160W,0,1,3,1,7
OL4092634W,0,0,2,0,0
OL3754731W,1,0,1,1,0
OL21487810W,0,0,1,0,0
OL1902295W,0,0,0,2,3
OL17925545W,0,0,1,0,0
OL2959312W,0,1,1,4,9
OL16030268W,0,1,2,2,0
OL21578857W,0,0,2,0,1
OL26907480W,1,0,0,1,1
OL5695925W,0,0,1,4,0
OL14963843W,0,2,1,1,2
OL5797749W,1,0,2,0,4
OL9224702W,0,0,1,1,3
OL4233115W,1,0,0,1,0
OL17461718W,0,0,0,0,1
OL17436292W,0,2,0,0,1
OL8315292W,0,0,2,3,2
OL10215W,3,0,11,14,19
OL20153602W,0,1,1,4,2
OL17856195W,0,0,0,0,1
OL17344325W,0,0,0,0,0
OL8365984W,0,0,0,0,1
OL28701547W,0,0,0,0,2
OL491812W,0,0,1,2,4
OL5683849W,0,0,0,1,3
OL2625443W,0,3,7,18,8
OL15677W,0,1,1,2,3
OL111569W,0,1,1,0,2
OL15686W,0,0,1,2,3
OL81606W,3,0,1,7,9
OL17567120W,0,0,3,1,1
OL4065810W,1,0,2,3,2
OL24610711W,0,0,0,1,0
OL5810807W,0,1,2,0,1
OL1804648W,0,0,2,3,4
OL11277261W,2,2,2,4,1
OL8365993W,0,0,0,0,2
OL13754370W,0,0,0,0,7
OL5236210W,0,1,0,5,2
OL5236232W,0,0,3,1,1
OL810247W,0,0,0,2,2
OL16024603W,0,0,1,1,2
OL213269W,0,0,0,1,5
OL5692981W,0,0,1,1,2
OL21101115W,0,0,1,4,11
OL3770785W,0,1,2,5,2
OL3771122W,2,0,1,2,2
OL5367632W,0,2,2,1,1
OL27004W,0,0,1,0,0
OL3498794W,1,0,1,0,0
OL28053600W,1,0,0,1,3
OL4955619W,1,1,2,3,4
OL9367893W,0,1,0,1,1
OL28948988W,0,1,2,1,1
OL5686935W,0,0,2,1,2
OL213263W,0,0,1,3,3
OL3458063W,0,1,2,3,4
OL3775371W,0,0,2,6,5
OL17356811W,7,2,1,19,28
OL796601W,1,2,7,6,10
OL152322W,0,1,0,4,15
OL11277296W,0,2,1,12,7
OL3775466W,0,1,1,2,4
OL3498824W,1,2,3,9,4
OL213266W,0,1,0,5,6
OL3467513W,0,2,6,5,4
OL29189552W,0,0,2,1,7
OL3519329W,1,0,2,5,6
OL3773920W,0,0,2,9,9
OL111439W,0,2,0,4,5
OL16037643W,0,1,5,7,3
OL11328047W,1,2,3,6,4
OL11327956W,0,1,2,8,11
OL2959291W,0,0,5,12,7
OL3759267W,0,0,2,6,3
OL15190273W,1,2,3,3,2
OL4412059W,1,6,8,2,3
OL3519328W,1,0,3,7,5
OL11327922W,2,2,2,8,8
OL3457864W,0,1,0,5,9
OL15335027W,0,0,3,7,4
OL5236256W,0,0,6,5,6
OL19737574W,3,1,2,3,15
OL3457832W,0,1,3,8,5
OL3754813W,1,1,4,4,4
OL11327992W,1,2,3,5,1
OL17179785W,3,1,7,1,6
OL3845015W,1,3,3,0,2
OL15870434W,0,1,2,5,3
OL3771298W,1,4,2,3,5
OL3467543W,2,0,2,5,3
OL4356929W,0,1,4,5,10
OL3780296W,2,2,5,3,2
OL3775431W,0,0,2,6,3
OL8087183W,0,1,7,6,4
OL3476087W,1,0,2,6,2
OL3759085W,1,0,1,7,8
OL3759120W,0,1,3,4,5
OL3845146W,0,1,2,7,6
OL3754827W,0,1,6,3,3
OL11277328W,0,0,2,2,1
OL25434351W,3,2,0,3,11
OL15296267W,1,0,2,1,8
OL4440535W,2,1,3,7,1
OL4182020W,0,2,2,10,8
OL11327915W,1,1,3,3,6
OL3771218W,1,0,4,6,7
OL3775493W,1,1,4,0,1
OL5809066W,0,2,3,2,7
OL59379W,2,1,1,1,5
OL16591835W,2,2,8,10,18
OL3294444W,1,0,6,9,2
OL3773979W,1,1,7,8,7
OL4225433W,1,0,7,3,5
OL1902450W,1,0,0,2,6
OL4472925W,2,1,1,7,17
OL3294326W,1,1,3,6,2
OL3754963W,1,1,4,9,6
OL3773899W,0,1,4,4,10
OL5236136W,0,1,6,6,7
OL3981197W,0,1,4,2,3
OL3759109W,0,0,3,4,6
OL3773972W,0,1,2,10,8
OL28744393W,8,1,3,7,44
OL1230715W,0,2,5,13,13
OL3773996W,0,0,2,4,3
OL11277308W,1,2,2,3,8
OL41943074W,1,0,2,8,20
OL3759162W,0,0,6,3,4
OL54797W,5,2,2,3,11
OL15151758W,0,0,4,6,2
OL491708W,0,0,1,2,13
OL3759296W,0,0,2,6,1
OL15134433W,0,1,2,6,4
OL16772684W,0,0,1,1,5
OL11762248W,0,0,4,5,4
OL3759118W,2,0,4,6,1
OL3770380W,0,2,2,4,5
OL3476056W,1,1,2,6,1
OL3845144W,0,1,1,9,5
OL3771261W,3,2,2,4,3
OL29046643W,4,0,5,5,11
OL3498840W,1,1,1,6,0
OL111597W,0,0,5,4,5
OL3476028W,2,2,7,8,7
OL3518642W,0,2,4,4,1
OL3498561W,0,1,2,7,6
OL4342692W,1,1,4,2,0
OL3775491W,0,2,2,4,3
OL3775456W,2,1,2,7,6
OL59382W,1,1,1,3,11
OL15178385W,1,1,4,3,4
OL3519302W,0,0,1,3,12
OL3457793W,0,1,2,3,5
OL3476072W,0,0,1,5,3
OL5236250W,1,1,4,4,1
OL5809096W,2,0,2,2,3
OL59383W,1,1,0,2,7
OL59448W,0,0,1,10,16
OL18203673W,17,5,17,40,103
OL2705658W,1,1,1,6,4
OL3773910W,0,0,2,5,8
OL27678542W,2,0,0,0,7
OL3457907W,1,0,2,6,3
OL5236263W,0,0,4,8,2
OL3476046W,1,2,3,5,4
OL11327941W,1,0,5,3,1
OL2959247W,1,1,6,5,5
OL9265172W,6,2,2,4,4
OL4472973W,0,4,4,2,6
OL4412009W,4,4,6,7,2
OL11327958W,2,0,1,4,3
OL3457792W,0,1,2,3,5
OL3759102W,0,0,2,2,7
OL16245633W,0,1,1,2,6
OL14862438W,0,0,1,8,7
OL3476062W,0,2,1,4,6
OL3498633W,0,0,8,11,6
OL3759079W,0,0,4,8,2
OL3458028W,0,1,0,5,8
OL10530593W,0,0,2,1,1
OL2045111W,1,2,3,7,2
OL3771188W,0,0,2,3,4
OL3457861W,0,1,0,5,2
OL3475953W,1,1,5,8,2
OL1902482W,1,1,1,0,4
OL8464993W,1,1,3,13,26
OL4996286W,1,2,2,1,8
OL3519250W,0,0,2,6,7
OL11327653W,2,0,3,3,1
OL3771184W,4,1,2,4,2
OL3759019W,0,2,4,1,1
OL3771259W,2,0,2,3,4
OL4233143W,1,0,2,5,3
OL3771282W,2,1,5,4,3
OL3457929W,2,1,3,3,4
OL3845157W,0,0,2,6,3
OL3476081W,0,0,3,1,2
OL15421579W,5,0,2,4,4
OL4233136W,2,0,1,4,5
OL15121008W,0,0,1,1,7
OL3759057W,0,2,4,10,6
OL25960186W,1,0,2,7,4
OL3476067W,0,1,1,7,11
OL111440W,0,0,1,2,1
OL2959327W,0,2,2,7,8
OL4092569W,0,2,4,7,9
OL3759294W,1,1,1,4,5
OL3467523W,0,2,2,6,1
OL59384W,1,3,0,3,11
OL11327969W,1,4,3,1,3
OL8315275W,0,0,6,6,2
OL8433267W,2,0,4,4,8
OL97176W,1,1,2,6,4
OL17884509W,0,0,4,2,5
OL3498562W,1,0,3,7,4
OL66554W,17,18,46,99,212
OL3771313W,1,1,2,2,4
OL3754925W,1,0,2,4,4
OL7990769W,0,0,3,4,1
OL5236262W,1,1,5,1,2
OL3771088W,1,2,2,4,9
OL11327984W,1,0,4,3,1
OL16023738W,0,2,0,4,3
OL109410W,1,0,3,6,5
OL3467508W,0,3,1,1,3
OL24156651W,0,2,3,10,17
OL3845162W,0,0,3,12,5
OL20824826W,7,1,3,1,13
OL3476086W,1,0,4,4,2
OL3294280W,1,1,5,1,7
OL2959347W,0,0,2,6,5
OL3775422W,0,0,3,5,5
OL3773890W,1,1,5,5,7
OL3771258W,0,1,4,0,2
OL4092689W,1,1,0,3,12
OL16772680W,0,1,3,2,4
OL3773927W,3,0,7,9,10
OL3457710W,0,1,2,2,2
OL2959302W,0,1,2,5,19
OL2705595W,2,0,3,1,2
OL15177089W,0,1,1,4,4
OL3759337W,0,0,0,6,5
OL5236240W,0,0,3,5,1
OL11327967W,2,1,2,2,2
OL5236235W,2,2,7,6,0
OL3457643W,2,3,4,2,5
OL3457673W,0,0,0,5,5
OL3759325W,0,0,4,5,3
OL3759317W,1,1,2,5,5
OL17381610W,0,1,2,4,6
OL15137653W,3,1,6,3,2
OL17864836W,4,2,6,11,11
OL24341413W,9,1,1,2,12
OL20901884W,2,0,0,1,5
OL137163W,2,0,0,0,6
OL26949W,1,0,2,2,5
OL213273W,0,0,0,5,6
OL3759059W,0,1,2,6,7
OL4084691W,1,3,1,6,2
OL3775438W,0,4,6,1,8
OL152331W,0,0,1,3,11
OL468431W,6,16,50,70,92
OL26345722W,6,2,8,17,26
OL3759186W,1,0,3,0,0
OL3771308W,2,3,5,1,1
OL3775505W,1,0,3,2,3
OL4228753W,1,2,0,3,6
OL460942W,2,1,3,2,3
OL3476063W,2,3,4,4,4
OL3775497W,0,0,2,4,2
OL17383307W,1,1,5,3,5
OL264676W,0,0,0,1,4
OL3519244W,0,2,3,4,1
OL19713513W,6,1,9,19,37
OL3519319W,0,1,0,3,9
OL3775464W,0,1,4,3,8
OL3845082W,0,0,1,2,7
OL21370801W,1,0,1,0,4
OL16477332W,5,4,6,3,6
OL3759488W,2,0,3,1,0
OL17443847W,2,0,3,0,5
OL3457787W,0,1,2,3,2
OL4689724W,0,0,3,4,2
OL8164704W,2,0,2,2,1
OL33714553W,1,1,7,2,4
OL18027245W,0,1,6,2,4
OL3475987W,0,1,2,3,2
OL15714082W,0,3,3,7,1
OL17733454W,1,0,2,6,3
OL17862825W,0,0,2,6,2
OL3754810W,1,3,3,2,3
OL3771209W,2,2,2,4,6
OL3476070W,1,0,2,3,5
OL16310814W,1,0,2,1,7
OL11327964W,0,0,0,4,6
OL7664479W,0,1,3,1,6
OL3770452W,1,2,4,9,5
OL3775436W,1,2,4,3,9
OL16550681W,6,6,8,9,18
OL3771069W,2,0,3,4,2
OL2959231W,0,1,5,6,4
OL8559418W,0,0,1,4,7
OL26935W,0,0,2,2,5
OL4092578W,0,0,0,3,7
OL4233176W,1,0,4,2,4
OL11327996W,1,0,4,1,2
OL4092688W,2,0,0,3,2
OL3457919W,0,1,2,4,3
OL15600W,0,2,1,2,4
OL17924222W,2,1,3,6,3
OL29330646W,2,0,1,0,11
OL15435078W,0,0,1,8,5
OL16478203W,0,0,1,2,2
OL3519296W,0,1,6,8,1
OL11277284W,2,0,1,11,11
OL20924915W,0,0,4,6,6
OL3773986W,0,2,7,6,7
OL3498631W,1,1,4,2,6
OL17716925W,2,4,11,34,32
OL3771260W,1,3,2,2,0
OL77748W,0,1,5,5,5
OL3457776W,1,0,2,4,7
OL3759345W,1,1,3,3,2
OL4273165W,1,0,2,1,4
OL28708075W,4,0,3,4,9
OL5236205W,1,1,1,9,6
OL21703979W,0,1,3,9,21
OL4233142W,2,3,7,1,6
OL17886378W,4,0,4,9,17
OL9359705W,0,1,5,4,2
OL5691870W,0,0,3,5,5
OL11277305W,0,2,2,11,9
OL8315337W,0,0,5,4,4
OL3759127W,1,0,1,6,1
OL24801992W,1,1,2,1,7
OL8318465W,2,0,2,6,6
OL3467562W,0,1,0,5,3
OL6022024W,0,1,0,1,6
OL3467511W,0,2,2,9,11
OL3754973W,1,0,2,7,2
OL3498725W,0,2,2,9,3
OL11327657W,2,3,2,2,4
OL3498719W,1,0,1,3,6
OL1902417W,0,1,1,2,2
OL3981200W,0,0,2,1,5
OL15149640W,0,0,4,2,4
OL9468121W,2,0,1,5,4
OL21703286W,0,1,3,6,11
OL4463836W,2,0,0,3,7
OL3754953W,0,0,2,7,2
OL4182014W,1,1,2,6,10
OL2705667W,1,1,2,4,3
OL3771227W,3,0,2,3,6
OL3771292W,1,2,2,3,1
OL16586187W,1,0,3,4,5
OL3498770W,0,0,5,3,3
OL3519315W,0,1,3,4,1
OL3294323W,1,1,3,2,1
OL21177W,12,17,37,79,140
OL17625829W,1,0,0,3,28
OL15187926W,1,2,2,2,3
OL11327633W,0,2,2,3,0
OL42539351W,3,0,0,6,14
OL5236238W,1,3,2,3,3
OL54813W,3,0,4,7,11
OL102400W,0,1,2,3,1
OL3457690W,1,0,0,3,6
OL4472976W,2,1,1,4,6
OL11327644W,0,1,1,2,2
OL3771279W,2,3,4,5,6
OL3519323W,2,0,1,5,1
OL3771257W,3,0,2,4,2
OL5236086W,1,0,5,5,1
OL3467534W,0,0,5,3,5
OL17417270W,1,0,0,1,6
OL3498628W,0,0,6,7,6
OL3467591W,1,2,0,2,2
OL3457912W,0,2,4,4,6
OL1882556W,1,1,2,6,3
OL9481338W,0,1,5,2,4
OL16637803W,2,0,1,1,14
OL20577143W,21,3,25,38,97
OL20781257W,2,1,2,5,18
OL3775369W,1,0,2,5,3
OL81294W,3,2,3,3,8
OL21084352W,8,0,6,17,39
OL26952W,1,0,2,2,14
OL1858668W,0,2,3,5,6
OL3845150W,0,0,0,6,8
OL3475965W,1,2,1,2,1
OL4225407W,0,0,1,5,2
OL34265902W,5,0,2,4,4
OL152329W,0,1,1,5,8
OL4233157W,2,4,2,2,3
OL16239519W,4,1,11,4,17
OL20833390W,0,2,2,2,2
OL21234089W,2,0,1,0,2
OL274518W,1,3,8,17,29
OL3803113W,0,0,4,3,3
OL3519227W,0,1,3,7,4
OL3771302W,3,1,4,2,2
OL3457718W,0,2,2,2,5
OL3771266W,1,0,4,4,3
OL16041978W,0,0,4,6,2
OL3775426W,0,1,3,7,4
OL491797W,0,1,1,1,2
OL17798511W,0,0,3,2,4
OL2705589W,2,2,2,3,2
OL4092673W,0,0,0,2,6
OL3773995W,3,2,4,4,5
OL3476032W,1,0,4,7,3
OL2625457W,5,9,18,53,36
OL111482W,0,2,2,3,3
OL3457772W,0,0,3,2,4
OL5695694W,2,1,4,0,4
OL20018781W,3,1,1,3,5
OL15176208W,0,0,2,1,2
OL4220903W,0,1,1,3,8
OL3476088W,1,0,0,4,5
OL29195444W,2,0,4,4,6
OL3759211W,1,2,4,2,6
OL9265310W,1,0,4,6,6
OL675722W,0,1,9,18,19
OL16361029W,0,4,11,13,44
OL5236237W,2,0,3,4,6
OL4225427W,0,0,3,5,4
OL5686909W,0,1,2,2,5
OL3775502W,0,1,2,2,4
OL3771217W,2,3,1,3,1
OL3498567W,2,1,2,4,2
OL3773885W,0,1,2,2,6
OL16925622W,0,1,2,8,20
OL3759172W,1,1,4,2,1
OL3476078W,1,0,1,3,3
OL27965945W,0,0,0,1,3
OL20201734W,1,0,1,1,5
OL3775419W,0,2,3,4,5
OL22316936W,1,0,1,0,3
OL3457799W,0,1,3,4,4
OL2959257W,0,1,3,7,4
OL21234092W,1,0,0,0,1
OL21330193W,1,0,1,4,7
OL2959357W,1,2,0,3,2
OL34493682W,2,0,1,1,4
OL4342711W,0,1,3,3,0
OL17396365W,0,0,1,3,5
OL14862461W,0,0,1,3,1
OL3498643W,0,0,1,4,7
OL11762246W,0,0,2,4,5
OL4440555W,0,1,6,5,7
OL3498681W,0,0,1,6,6
OL3775447W,1,0,0,4,3
OL17904008W,1,0,3,4,4
OL20150260W,2,5,12,27,29
OL876504W,0,2,5,8,6
OL112310W,1,0,0,3,3
OL3775465W,0,2,2,3,7
OL3458038W,0,0,1,3,7
OL3775452W,0,0,2,8,8
OL3771296W,1,1,2,4,1
OL17052764W,0,0,4,5,2
OL3294451W,0,2,3,2,0
OL5810762W,1,1,6,6,3
OL3498760W,1,0,5,3,2
OL3775377W,1,1,1,2,5
OL4181989W,1,0,6,1,4
OL4356939W,0,1,0,3,4
OL2959281W,1,1,3,2,4
OL3775469W,0,0,1,2,5
OL554615W,3,0,4,11,25
OL3519297W,2,1,2,3,1
OL44995W,1,2,5,6,6
OL16550682W,8,5,5,9,18
OL21576882W,1,0,1,3,2
OL3498560W,0,0,6,5,2
OL3458061W,0,1,2,4,2
OL24286281W,1,4,4,4,1
OL4278188W,0,1,4,4,3
OL31785731W,0,0,1,2,5
OL19667762W,9,2,3,17,49
OL15176969W,0,0,2,1,4
OL9195992W,0,1,1,5,9
OL3845147W,2,0,2,2,3
OL3498694W,0,0,0,5,3
OL8032157W,1,1,1,3,4
OL3773912W,0,0,3,7,6
OL36632W,0,0,1,2,1
OL4092675W,0,0,0,2,8
OL4273148W,1,1,1,5,10
OL3759160W,0,1,4,3,1
OL16028327W,0,1,3,6,1
OL24153842W,9,3,1,5,19
OL26119633W,0,1,0,4,4
OL11277286W,0,2,5,9,12
OL10530570W,0,1,0,5,3
OL66562W,3,2,7,20,15
OL3759223W,0,0,3,4,3
OL17388853W,1,0,5,3,5
OL3458016W,2,0,3,1,4
OL4056404W,0,0,4,6,3
OL15563527W,2,0,3,3,4
OL3771285W,1,2,1,5,3
OL11277336W,2,0,0,2,7
OL2705573W,1,1,4,1,1
OL27729743W,3,1,0,5,9
OL3775343W,0,0,1,6,8
OL3759022W,0,1,6,4,5
OL3981106W,1,0,2,2,5
OL15829490W,0,0,2,1,6
OL4181990W,1,0,3,6,11
OL3498675W,0,0,3,4,2
OL3803167W,3,0,3,4,5
OL3498747W,1,1,6,5,2
OL26947W,0,0,2,3,7
OL3775268W,1,0,3,3,7
OL11327425W,3,2,2,1,2
OL16079288W,0,1,2,3,6
OL3475970W,0,0,4,3,4
OL59380W,0,0,1,2,2
OL7990778W,0,0,5,5,10
OL4440534W,0,2,2,2,0
OL21505716W,0,2,0,1,2
OL3773948W,1,0,1,4,7
OL554620W,6,2,6,7,21
OL11327981W,0,1,3,1,1
OL14920304W,0,1,5,2,1
OL3475954W,0,0,1,8,8
OL2959212W,0,0,1,4,14
OL3519309W,2,0,1,4,1
OL66513W,3,1,12,23,21
OL4778064W,0,0,0,3,4
OL3498658W,1,0,1,5,4
OL17796310W,0,0,3,1,5
OL11762231W,0,1,2,3,3
OL17367560W,3,1,6,7,26
OL4215956W,0,1,3,4,4
OL11327939W,0,2,4,3,3
OL3467590W,5,0,4,7,0
OL3771226W,3,0,2,4,2
OL3498606W,1,1,7,8,7
OL3981131W,2,0,3,7,3
OL3457822W,0,1,0,3,4
OL16211977W,4,2,3,6,23
OL3759016W,1,0,2,7,3
OL2705576W,1,0,2,4,1
OL4342710W,0,2,1,1,1
OL3759335W,1,0,2,8,5
OL8315351W,0,4,4,4,8
OL6093056W,0,0,0,5,7
OL11328046W,0,0,1,4,4
OL15920208W,1,0,0,5,2
OL4233165W,0,0,4,4,4
OL3754833W,0,1,4,3,0
OL11328039W,0,0,1,3,2
OL3519327W,0,1,2,3,3
OL4457627W,1,0,0,9,5
OL3458024W,0,1,1,4,3
OL59377W,0,0,1,1,4
OL26945W,1,0,0,3,12
OL3476068W,0,1,6,4,3
OL3457667W,0,0,3,2,4
OL4055729W,0,1,4,5,0
OL3845171W,0,0,1,4,2
OL15841592W,1,0,7,1,2
OL17357353W,1,3,6,14,27
OL3771219W,1,2,0,3,3
OL3754904W,3,1,3,3,1
OL3759477W,2,2,4,2,4
OL3498713W,0,0,3,1,6
OL3476059W,0,2,1,3,1
OL267096W,0,0,10,19,19
OL11327189W,2,1,2,8,5
OL66534W,0,5,7,21,11
OL3771196W,1,3,0,3,1
OL9482483W,1,0,2,3,5
OL11277279W,0,0,6,5,11
OL3775486W,0,0,1,2,2
OL3519233W,0,1,6,1,1
OL11327985W,1,0,0,5,2
OL3458069W,0,2,6,5,2
OL18027935W,0,2,2,4,4
OL3775499W,0,0,3,3,1
OL24514935W,0,2,2,3,4
OL28852929W,1,0,0,0,1
OL8034526W,7,2,6,18,40
OL3498779W,0,3,3,4,2
OL16587258W,0,2,6,1,3
OL3775432W,1,1,5,1,1
OL3773892W,0,0,6,4,1
OL3498726W,0,1,1,3,4
OL3844328W,0,0,1,4,5
OL26954W,0,1,0,2,4
OL17729469W,0,0,2,4,8
OL1002120W,2,0,3,3,8
OL2959362W,1,1,2,5,5
OL4440545W,1,0,6,3,2
OL2705648W,0,0,4,2,3
OL4092683W,0,0,2,3,9
OL3771158W,2,1,2,1,3
OL3754832W,1,1,1,9,3
OL3457875W,0,0,1,2,4
OL3261155W,5,4,4,11,35
OL17457466W,0,0,3,4,2
OL3457702W,0,1,6,5,1
OL11327978W,0,1,6,2,3
OL3789654W,0,1,3,1,1
OL167282W,0,0,0,2,4
OL3759152W,2,2,4,5,5
OL27411628W,0,0,2,7,4
OL3771256W,1,0,0,4,3
OL3771236W,1,2,4,3,1
OL3457804W,0,1,0,4,3
OL3498775W,0,1,0,0,9
OL2625405W,1,2,5,11,3
OL4456392W,0,0,3,4,6
OL15143239W,1,0,3,3,2
OL27640264W,0,0,0,2,3
OL18199566W,4,0,0,8,25
OL1902291W,0,0,1,1,5
OL16041835W,1,1,5,3,2
OL11327207W,0,1,4,2,0
OL3770779W,1,2,1,4,3
OL17527971W,0,1,4,3,3
OL15180402W,1,1,3,3,3
OL15450W,0,2,1,7,8
OL4463817W,2,1,1,4,1
OL37577731W,0,0,0,0,2
OL3773983W,0,0,4,6,10
OL3775503W,0,0,2,3,8
OL5682983W,0,1,1,3,3
OL3771182W,2,2,2,1,3
OL3771251W,2,1,2,4,3
OL3771252W,2,2,3,2,4
OL3498671W,1,0,1,5,5
OL16080134W,0,2,3,1,0
OL3457659W,0,0,2,5,5
OL3771230W,1,0,2,0,2
OL77813W,0,1,6,16,24
OL20004815W,0,1,1,0,6
OL3773961W,1,0,2,2,1
OL28695130W,2,0,0,4,22
OL4056539W,0,1,1,0,3
OL3759247W,0,0,2,2,2
OL3775450W,0,1,3,2,2
OL1979137W,0,1,0,2,3
OL18166009W,0,0,0,3,2
OL3803074W,0,0,3,4,6
OL2959321W,0,1,3,5,3
OL3754909W,0,0,2,2,5
OL4575517W,0,0,0,1,4
OL16454919W,0,0,4,5,3
OL15121879W,5,2,2,2,5
OL17920477W,1,0,7,3,6
OL16803752W,2,4,10,26,31
OL11327914W,0,0,3,3,3
OL4331841W,0,0,2,2,2
OL3908271W,1,1,2,2,3
OL29226517W,9,3,4,16,60
OL24377219W,0,0,0,1,2
OL16479761W,1,1,4,3,2
OL5236128W,0,1,2,3,4
OL3498757W,0,0,5,1,5
OL4225431W,0,0,2,4,2
OL137207W,0,0,1,1,2
OL4220911W,1,0,1,8,5
OL4273162W,0,1,3,4,7
OL100054W,0,1,4,2,2
OL3498590W,2,1,3,4,8
OL3785928W,2,1,1,3,2
OL3775435W,0,0,5,4,5
OL5682990W,2,1,3,5,1
OL36287W,4,6,22,60,102
OL3773971W,2,0,3,3,3
OL18173277W,0,0,1,3,8
OL4463819W,1,2,0,1,4
OL3458060W,0,1,3,4,5
OL17782786W,0,2,1,5,8
OL2959296W,0,1,6,6,2
OL3773901W,0,2,1,0,1
OL15437W,0,1,2,2,1
OL3773913W,2,0,1,7,11
OL1902366W,0,0,1,0,4
OL3775487W,1,1,1,1,4
OL3845153W,0,0,2,5,3
OL17324896W,0,1,2,4,4
OL15172352W,0,2,5,1,3
OL17451695W,1,1,2,2,4
OL491809W,0,0,3,0,8
OL111532W,1,0,1,2,5
OL3498691W,0,0,2,3,3
OL3775421W,0,0,2,5,7
OL17718538W,0,1,2,8,30
OL9367848W,0,0,2,4,2
OL4056524W,0,1,0,4,2
OL5810777W,3,2,3,4,3
OL26937W,0,0,1,3,10
OL3476094W,0,1,1,2,1
OL4181966W,0,0,3,4,7
OL17937377W,1,0,2,2,2
OL3457810W,0,0,1,3,4
OL3771220W,0,1,0,2,1
OL2705664W,0,0,1,3,1
OL3759289W,1,0,2,1,0
OL3771245W,2,0,2,2,4
OL3458003W,1,0,3,3,5
OL17356842W,2,1,2,8,8
OL4233108W,0,0,3,5,5
OL8315287W,0,0,1,5,3
OL3457686W,0,0,3,4,4
OL17729555W,1,0,0,4,6
OL26416429W,1,0,0,0,1
OL4412081W,0,0,3,3,3
OL3775457W,1,0,3,3,7
OL3467606W,1,0,0,1,1
OL3759499W,2,1,0,2,1
OL3771281W,3,2,4,3,2
OL15411681W,1,2,4,5,5
OL15149492W,0,0,1,5,1
OL5689127W,0,2,1,3,1
OL3845594W,1,2,1,3,3
OL88813W,2,1,3,8,6
OL3759150W,0,0,3,5,3
OL3519237W,0,3,4,2,0
OL9368028W,1,0,1,1,4
OL20885951W,2,1,0,0,1
OL27954238W,0,0,0,0,2
OL17535684W,0,1,0,4,4
OL3775368W,1,1,1,2,4
OL3771194W,2,1,3,4,0
OL20238397W,0,0,0,1,2
OL111488W,0,0,1,3,2
OL3458036W,0,0,2,0,3
OL3759381W,3,1,3,1,2
OL5236145W,0,0,3,2,3
OL7957084W,1,2,2,5,1
OL3754754W,2,0,1,1,0
OL31923W,1,2,2,8,10
OL1418187W,2,3,11,13,18
OL2959274W,0,0,3,6,1
OL7990779W,1,1,2,5,2
OL3458030W,0,1,2,5,7
OL3754967W,2,0,2,5,1
OL3754972W,1,2,3,2,2
OL4084654W,2,1,3,5,0
OL3773929W,0,1,5,2,7
OL3759029W,1,2,6,7,3
OL17492871W,3,1,3,2,5
OL3759252W,2,0,1,3,1
OL3458032W,0,0,4,4,3
OL3773898W,0,2,5,7,5
OL21444221W,0,0,2,2,2
OL3771203W,0,0,3,4,0
OL38035515W,0,0,0,2,0
OL24542623W,8,6,9,19,28
OL4056550W,0,0,1,0,3
