work_key,ebook_access,has_fulltext,has_public_scan
OL18020194W,printdisabled,True,False
OL24390422W,no_ebook,False,False
OL35223328W,no_ebook,False,False
OL20808172W,borrowable,True,False
OL34774028W,no_ebook,False,False
OL20090688W,no_ebook,False,False
OL25515697W,no_ebook,False,False
OL20564687W,printdisabled,True,False
OL27245843W,no_ebook,False,False
OL27733867W,no_ebook,False,False
OL27310398W,no_ebook,False,False
OL11327658W,borrowable,True,False
OL2959315W,borrowable,True,False
OL20068530W,no_ebook,False,False
OL27818823W,no_ebook,False,False
OL3775397W,printdisabled,True,False
OL11327660W,borrowable,True,False
OL11327987W,printdisabled,True,False
OL1708087W,borrowable,True,False
OL3759285W,borrowable,True,False
OL4342701W,borrowable,True,False
OL3467487W,printdisabled,True,False
OL21833211W,borrowable,True,False
OL4215998W,borrowable,True,False
OL5091273W,printdisabled,True,False
OL486967W,printdisabled,True,False
OL3457830W,borrowable,True,False
OL3775449W,borrowable,True,False
OL3775478W,printdisabled,True,False
OL6794523W,borrowable,True,False
OL3771321W,printdisabled,True,False
OL11277304W,borrowable,True,False
OL3759349W,printdisabled,True,False
OL3458001W,borrowable,True,False
OL11327979W,borrowable,True,False
OL8315359W,borrowable,True,False
OL3457933W,printdisabled,True,False
OL11327957W,borrowable,True,False
OL3759116W,borrowable,True,False
OL9367818W,borrowable,True,False
OL5236259W,borrowable,True,False
OL11327666W,borrowable,True,False
OL20650912W,no_ebook,False,False
OL77775W,public,True,True
OL21775531W,no_ebook,False,False
OL3759318W,borrowable,True,False
OL27838518W,no_ebook,False,False
OL11327953W,printdisabled,True,False
OL11277315W,borrowable,True,False
OL20018811W,printdisabled,True,False
OL3475982W,borrowable,True,False
OL8315354W,borrowable,True,False
OL8315362W,borrowable,True,False
OL11328452W,borrowable,True,False
OL4955616W,borrowable,True,False
OL11277298W,borrowable,True,False
OL3467485W,borrowable,True,False
OL3294436W,borrowable,True,False
OL3845148W,borrowable,True,False
OL4233148W,printdisabled,True,False
OL20004814W,printdisabled,True,False
OL16014245W,printdisabled,True,False
OL2959270W,borrowable,True,False
OL11277334W,borrowable,True,False
OL7990767W,printdisabled,True,False
OL11327897W,borrowable,True,False
OL8030401W,borrowable,True,False
OL8315310W,borrowable,True,False
OL3770492W,borrowable,True,False
OL17850410W,no_ebook,False,False
OL4233186W,printdisabled,True,False
OL3467489W,unclassified,False,False
OL4233175W,borrowable,True,False
OL20893778W,borrowable,True,False
OL3498612W,printdisabled,True,False
OL11327973W,borrowable,True,False
OL2959374W,borrowable,True,False
OL16481385W,borrowable,True,False
OL11327962W,printdisabled,True,False
OL4342716W,borrowable,True,False
OL3845179W,borrowable,True,False
OL15411754W,borrowable,True,False
OL17719508W,printdisabled,True,False
OL3476075W,borrowable,True,False
OL3476079W,borrowable,True,False
OL3845101W,borrowable,True,False
OL3771180W,borrowable,True,False
OL8315355W,borrowable,True,False
OL3845173W,borrowable,True,False
OL4233121W,printdisabled,True,False
OL5236211W,borrowable,True,False
OL3845160W,borrowable,True,False
OL11327982W,borrowable,True,False
OL2705619W,borrowable,True,False
OL3770466W,borrowable,True,False
OL5236199W,borrowable,True,False
OL4225414W,borrowable,True,False
OL8315358W,borrowable,True,False
OL21435W,printdisabled,True,False
OL3775489W,printdisabled,True,False
OL16707517W,printdisabled,True,False
OL3457723W,borrowable,True,False
OL3498880W,borrowable,True,False
OL4092663W,public,True,True
OL3457898W,printdisabled,True,False
OL29215706W,no_ebook,False,False
OL3395282W,printdisabled,True,False
OL3498721W,borrowable,True,False
OL213270W,borrowable,True,False
OL3773967W,printdisabled,True,False
OL3498599W,borrowable,True,False
OL4996160W,printdisabled,True,False
OL3457964W,printdisabled,True,False
OL4182012W,printdisabled,True,False
OL15790348W,printdisabled,True,False
OL14920191W,printdisabled,True,False
OL21692056W,no_ebook,False,False
OL4080602W,borrowable,True,False
OL7990736W,printdisabled,True,False
OL1673205W,borrowable,True,False
OL3775484W,printdisabled,True,False
OL5236248W,borrowable,True,False
OL3467605W,printdisabled,True,False
OL4092682W,borrowable,True,False
OL111623W,printdisabled,True,False
OL3773956W,printdisabled,True,False
OL21574349W,borrowable,True,False
OL11329114W,borrowable,True,False
OL22535730W,no_ebook,False,False
OL3759090W,borrowable,True,False
OL3498574W,printdisabled,True,False
OL17542361W,printdisabled,True,False
OL3518627W,borrowable,True,False
OL15715739W,printdisabled,True,False
OL8315279W,borrowable,True,False
OL3457969W,printdisabled,True,False
OL15151142W,printdisabled,True,False
OL213274W,borrowable,True,False
OL3759489W,borrowable,True,False
OL3775480W,borrowable,True,False
OL19352053W,printdisabled,True,False
OL17717W,printdisabled,True,False
OL3457679W,printdisabled,True,False
OL17356883W,borrowable,True,False
OL3771074W,printdisabled,True,False
OL5691862W,borrowable,True,False
OL5720027W,borrowable,True,False
OL62979W,public,True,True
OL167347W,printdisabled,True,False
OL3498608W,borrowable,True,False
OL4278173W,borrowable,True,False
OL16915199W,borrowable,True,False
OL3498971W,borrowable,True,False
OL3771237W,printdisabled,True,False
OL3845129W,borrowable,True,False
OL15145531W,borrowable,True,False
OL3759099W,borrowable,True,False
OL11327932W,borrowable,True,False
OL9367872W,borrowable,True,False
OL5688474W,borrowable,True,False
OL4331821W,printdisabled,True,False
OL1855944W,borrowable,True,False
OL15399487W,printdisabled,True,False
OL3771274W,printdisabled,True,False
OL14920253W,borrowable,True,False
OL554613W,borrowable,True,False
OL4787985W,borrowable,True,False
OL16552717W,printdisabled,True,False
OL9195994W,borrowable,True,False
OL5809069W,printdisabled,True,False
OL4215992W,borrowable,True,False
OL4092643W,borrowable,True,False
OL4181974W,printdisabled,True,False
OL1902239W,printdisabled,True,False
OL10530542W,borrowable,True,False
OL555417W,borrowable,True,False
OL1999672W,borrowable,True,False
OL20168471W,no_ebook,False,False
OL2959361W,printdisabled,True,False
OL3771201W,printdisabled,True,False
OL17388303W,printdisabled,True,False
OL8315345W,borrowable,True,False
OL3395308W,printdisabled,True,False
OL15434793W,printdisabled,True,False
OL3754795W,borrowable,True,False
OL7664463W,printdisabled,True,False
OL3457986W,printdisabled,True,False
OL3498584W,printdisabled,True,False
OL15186060W,printdisabled,True,False
OL18170678W,borrowable,True,False
OL8315314W,borrowable,True,False
OL3803114W,printdisabled,True,False
OL16813583W,borrowable,True,False
OL25917284W,no_ebook,False,False
OL5236157W,borrowable,True,False
OL3457857W,printdisabled,True,False
OL16048133W,printdisabled,True,False
OL15010W,borrowable,True,False
OL20512441W,no_ebook,False,False
OL15400457W,borrowable,True,False
OL3457874W,printdisabled,True,False
OL3458053W,printdisabled,True,False
OL15139250W,printdisabled,True,False
OL34568152W,printdisabled,True,False
OL11327725W,borrowable,True,False
OL3845023W,borrowable,True,False
OL3771190W,printdisabled,True,False
OL5730765W,printdisabled,True,False
OL4092555W,borrowable,True,False
OL3771315W,borrowable,True,False
OL24662068W,no_ebook,False,False
OL15684W,printdisabled,True,False
OL21181078W,borrowable,True,False
OL4233134W,printdisabled,True,False
OL3498542W,printdisabled,True,False
OL4580338W,borrowable,True,False
OL3775482W,printdisabled,True,False
OL42611094W,no_ebook,False,False
OL5691872W,printdisabled,True,False
OL5689129W,borrowable,True,False
OL3759340W,printdisabled,True,False
OL15659W,public,True,True
OL15137409W,borrowable,True,False
OL20734329W,printdisabled,True,False
OL3457669W,printdisabled,True,False
OL3770771W,borrowable,True,False
OL111594W,printdisabled,True,False
OL3519312W,borrowable,True,False
OL34341W,borrowable,True,False
OL4181961W,printdisabled,True,False
OL3759178W,printdisabled,True,False
OL152328W,printdisabled,True,False
OL3845133W,borrowable,True,False
OL15187345W,printdisabled,True,False
OL15956589W,printdisabled,True,False
OL554608W,printdisabled,True,False
OL15174764W,printdisabled,True,False
OL24138344W,no_ebook,False,False
OL3770463W,borrowable,True,False
OL5236226W,borrowable,True,False
OL14873597W,borrowable,True,False
OL3458011W,printdisabled,True,False
OL11328453W,borrowable,True,False
OL16793664W,borrowable,True,False
OL5236181W,borrowable,True,False
OL36043513W,no_ebook,False,False
OL15190892W,borrowable,True,False
OL17388216W,printdisabled,True,False
OL5236093W,printdisabled,True,False
OL4092680W,borrowable,True,False
OL27245840W,no_ebook,False,False
OL16033177W,printdisabled,True,False
OL28880495W,no_ebook,False,False
OL3498609W,printdisabled,True,False
OL14862503W,printdisabled,True,False
OL5686859W,printdisabled,True,False
OL20664315W,printdisabled,True,False
OL11327951W,printdisabled,True,False
OL3457887W,printdisabled,True,False
OL15334861W,printdisabled,True,False
OL5720033W,printdisabled,True,False
OL1902487W,printdisabled,True,False
OL15673W,printdisabled,True,False
OL3457649W,printdisabled,True,False
OL3498758W,printdisabled,True,False
OL36371W,public,True,True
OL17797857W,borrowable,True,False
OL3498751W,printdisabled,True,False
OL15334853W,printdisabled,True,False
OL8028189W,borrowable,True,False
OL3467552W,printdisabled,True,False
OL29515951W,borrowable,True,False
OL1822307W,borrowable,True,False
OL3467581W,printdisabled,True,False
OL3981199W,borrowable,True,False
OL3845038W,borrowable,True,False
OL3759231W,borrowable,True,False
OL1833989W,public,True,True
OL2705653W,borrowable,True,False
OL17615537W,no_ebook,False,False
OL10530577W,borrowable,True,False
OL4220892W,borrowable,True,False
OL999519W,borrowable,True,False
OL4580320W,printdisabled,True,False
OL111635W,borrowable,True,False
OL3498587W,printdisabled,True,False
OL5686831W,printdisabled,True,False
OL5100310W,borrowable,True,False
OL19699W,borrowable,True,False
OL3775337W,printdisabled,True,False
OL8161699W,borrowable,True,False
OL137394W,public,True,True
OL15859158W,borrowable,True,False
OL3457707W,printdisabled,True,False
OL3261154W,borrowable,True,False
OL3759419W,borrowable,True,False
OL3771310W,printdisabled,True,False
OL3759097W,printdisabled,True,False
OL11327910W,printdisabled,True,False
OL3931459W,borrowable,True,False
OL921867W,borrowable,True,False
OL4092653W,borrowable,True,False
OL5691864W,printdisabled,True,False
OL5810789W,printdisabled,True,False
OL14906558W,borrowable,True,False
OL17791167W,printdisabled,True,False
OL21572618W,borrowable,True,False
OL3457771W,printdisabled,True,False
OL4955615W,borrowable,True,False
OL27244347W,no_ebook,False,False
OL921915W,borrowable,True,False
OL17390191W,borrowable,True,False
OL100239W,public,True,True
OL5236019W,borrowable,True,False
OL17323489W,borrowable,True,False
OL15715457W,printdisabled,True,False
OL16336633W,borrowable,True,False
OL14920257W,borrowable,True,False
OL15828294W,printdisabled,True,False
OL5809773W,printdisabled,True,False
OL20649786W,borrowable,True,False
OL15565549W,borrowable,True,False
OL5797931W,borrowable,True,False
OL3775494W,printdisabled,True,False
OL16031718W,borrowable,True,False
OL3754906W,borrowable,True,False
OL3754941W,borrowable,True,False
OL71042W,borrowable,True,False
OL8032382W,borrowable,True,False
OL3457760W,printdisabled,True,False
OL3931399W,borrowable,True,False
OL10530592W,borrowable,True,False
OL8315335W,borrowable,True,False
OL3498682W,printdisabled,True,False
OL14726W,printdisabled,True,False
OL3498812W,printdisabled,True,False
OL3498593W,borrowable,True,False
OL14862472W,borrowable,True,False
OL65430W,public,True,True
OL4233123W,printdisabled,True,False
OL3457998W,printdisabled,True,False
OL455305W,public,True,True
OL17798319W,printdisabled,True,False
OL3759284W,printdisabled,True,False
OL2959205W,borrowable,True,False
OL9209935W,borrowable,True,False
OL111570W,borrowable,True,False
OL34113490W,no_ebook,False,False
OL14851678W,public,True,True
OL26942W,printdisabled,True,False
OL11327156W,borrowable,True,False
OL17500293W,borrowable,True,False
OL18014467W,borrowable,True,False
OL17293267W,printdisabled,True,False
OL3759492W,borrowable,True,False
OL17104741W,borrowable,True,False
OL5691879W,printdisabled,True,False
OL460999W,borrowable,True,False
OL5695228W,printdisabled,True,False
OL3498657W,printdisabled,True,False
OL66544W,public,True,True
OL9224683W,printdisabled,True,False
OL3780290W,borrowable,True,False
OL1230613W,borrowable,True,False
OL17432870W,printdisabled,True,False
OL4182018W,printdisabled,True,False
OL36633W,borrowable,True,False
OL36861W,public,True,True
OL111630W,borrowable,True,False
OL1230631W,borrowable,True,False
OL3519268W,printdisabled,True,False
OL17386471W,printdisabled,True,False
OL3754595W,borrowable,True,False
OL15622W,printdisabled,True,False
OL3759384W,borrowable,True,False
OL9482509W,printdisabled,True,False
OL3775490W,printdisabled,True,False
OL3775454W,printdisabled,True,False
OL17606111W,printdisabled,True,False
OL3519254W,printdisabled,True,False
OL34253W,borrowable,True,False
OL4228716W,borrowable,True,False
OL1902224W,printdisabled,True,False
OL3294360W,printdisabled,True,False
OL627084W,borrowable,True,False
OL3845098W,printdisabled,True,False
OL3754528W,borrowable,True,False
OL3457666W,printdisabled,True,False
OL20004819W,printdisabled,True,False
OL167291W,borrowable,True,False
OL134601W,printdisabled,True,False
OL3771239W,printdisabled,True,False
OL34333W,borrowable,True,False
OL25621436W,borrowable,True,False
OL3759342W,printdisabled,True,False
OL16701775W,printdisabled,True,False
OL11762245W,borrowable,True,False
OL3754890W,borrowable,True,False
OL15145780W,borrowable,True,False
OL3457977W,borrowable,True,False
OL14683W,printdisabled,True,False
OL491799W,printdisabled,True,False
OL39349W,public,True,True
OL10530597W,borrowable,True,False
OL3773886W,printdisabled,True,False
OL1003017W,public,True,True
OL22563730W,no_ebook,False,False
OL4084652W,borrowable,True,False
OL5853878W,printdisabled,True,False
OL5366115W,borrowable,True,False
OL3771214W,borrowable,True,False
OL2959193W,borrowable,True,False
OL20416941W,no_ebook,False,False
OL3457755W,borrowable,True,False
OL4278176W,printdisabled,True,False
OL6803139W,borrowable,True,False
OL2656058W,printdisabled,True,False
OL27850288W,no_ebook,False,False
OL3845598W,printdisabled,True,False
OL5837809W,borrowable,True,False
OL15422772W,printdisabled,True,False
OL5821769W,borrowable,True,False
OL24987665W,no_ebook,False,False
OL15134754W,printdisabled,True,False
OL4092668W,public,True,True
OL15171411W,printdisabled,True,False
OL112332W,borrowable,True,False
OL4082444W,borrowable,True,False
OL18173457W,borrowable,True,False
OL8315353W,borrowable,True,False
OL3476069W,borrowable,True,False
OL17057W,borrowable,True,False
OL3457894W,printdisabled,True,False
OL8318455W,printdisabled,True,False
OL5236110W,borrowable,True,False
OL2959355W,borrowable,True,False
OL3458047W,printdisabled,True,False
OL8315277W,borrowable,True,False
OL4221246W,borrowable,True,False
OL471603W,public,True,True
OL24753705W,no_ebook,False,False
OL3498569W,printdisabled,True,False
OL21584106W,borrowable,True,False
OL3759145W,printdisabled,True,False
OL3771267W,printdisabled,True,False
OL17928103W,printdisabled,True,False
OL152321W,printdisabled,True,False
OL3260967W,borrowable,True,False
OL4412095W,printdisabled,True,False
OL3467549W,borrowable,True,False
OL3759334W,borrowable,True,False
OL100050W,borrowable,True,False
OL3294274W,borrowable,True,False
OL3457800W,printdisabled,True,False
OL2252098W,borrowable,True,False
OL2959198W,printdisabled,True,False
OL34342W,borrowable,True,False
OL3770455W,printdisabled,True,False
OL15685W,printdisabled,True,False
OL3453399W,borrowable,True,False
OL5808602W,borrowable,True,False
OL20210369W,no_ebook,False,False
OL3457972W,printdisabled,True,False
OL3771283W,printdisabled,True,False
OL3759456W,borrowable,True,False
OL11327949W,borrowable,True,False
OL4084692W,borrowable,True,False
OL25381140W,no_ebook,False,False
OL8559424W,printdisabled,True,False
OL4055722W,borrowable,True,False
OL9367847W,borrowable,True,False
OL3771299W,printdisabled,True,False
OL3754800W,borrowable,True,False
OL3770769W,borrowable,True,False
OL7133447W,borrowable,True,False
OL1860315W,printdisabled,True,False
OL3773936W,printdisabled,True,False
OL16032364W,borrowable,True,False
OL15842618W,printdisabled,True,False
OL16454963W,printdisabled,True,False
OL17541036W,printdisabled,True,False
OL25920096W,no_ebook,False,False
OL175368W,printdisabled,True,False
OL4233168W,printdisabled,True,False
OL3519308W,printdisabled,True,False
OL3476053W,printdisabled,True,False
OL54031W,public,True,True
OL3845574W,printdisabled,True,False
OL953162W,borrowable,True,False
OL17478516W,printdisabled,True,False
OL15398007W,printdisabled,True,False
OL21498418W,borrowable,True,False
OL810243W,printdisabled,True,False
OL111428W,borrowable,True,False
OL3845130W,borrowable,True,False
OL17306213W,printdisabled,True,False
OL3771278W,borrowable,True,False
OL3294391W,printdisabled,True,False
OL3458041W,printdisabled,True,False
OL4440552W,borrowable,True,False
OL111500W,borrowable,True,False
OL5589322W,borrowable,True,False
OL1902447W,printdisabled,True,False
OL20883297W,no_ebook,False,False
OL4220889W,borrowable,True,False
OL111575W,printdisabled,True,False
OL17900212W,borrowable,True,False
OL3457938W,borrowable,True,False
OL111433W,borrowable,True,False
OL27916409W,no_ebook,False,False
OL111544W,borrowable,True,False
OL8125819W,printdisabled,True,False
OL3931421W,borrowable,True,False
OL5691867W,printdisabled,True,False
OL10451074W,borrowable,True,False
OL5808604W,printdisabled,True,False
OL461007W,borrowable,True,False
OL17396104W,printdisabled,True,False
OL15140020W,printdisabled,True,False
OL3294281W,printdisabled,True,False
OL16041952W,borrowable,True,False
OL3294302W,printdisabled,True,False
OL2705666W,borrowable,True,False
OL4689744W,printdisabled,True,False
OL8366001W,borrowable,True,False
OL3771264W,borrowable,True,False
OL1388028W,printdisabled,True,False
OL4052076W,borrowable,True,False
OL17421165W,printdisabled,True,False
OL3759341W,printdisabled,True,False
OL276386W,public,True,True
OL15691389W,borrowable,True,False
OL3759470W,borrowable,True,False
OL3519317W,borrowable,True,False
OL98501W,public,True,True
OL15175357W,printdisabled,True,False
OL3759242W,printdisabled,True,False
OL4356940W,borrowable,True,False
OL4220886W,borrowable,True,False
OL5236089W,borrowable,True,False
OL482575W,printdisabled,True,False
OL17974590W,printdisabled,True,False
OL36090166W,printdisabled,True,False
OL28681709W,no_ebook,False,False
OL14857623W,borrowable,True,False
OL14862506W,borrowable,True,False
OL3519326W,borrowable,True,False
OL5762087W,borrowable,True,False
OL5686809W,printdisabled,True,False
OL5691884W,printdisabled,True,False
OL5686917W,printdisabled,True,False
OL3775474W,printdisabled,True,False
OL41078W,public,True,True
OL17221584W,borrowable,True,False
OL17415853W,printdisabled,True,False
OL111479W,borrowable,True,False
OL16083359W,borrowable,True,False
OL3467540W,borrowable,True,False
OL3845643W,printdisabled,True,False
OL19979127W,printdisabled,True,False
OL36042699W,no_ebook,False,False
OL3294348W,printdisabled,True,False
OL27297240W,no_ebook,False,False
OL471990W,borrowable,True,False
OL2959228W,borrowable,True,False
OL24217909W,no_ebook,False,False
OL16305787W,borrowable,True,False
OL5686862W,printdisabled,True,False
OL3759329W,printdisabled,True,False
OL5810798W,printdisabled,True,False
OL17846368W,borrowable,True,False
OL21548993W,borrowable,True,False
OL52114W,public,True,True
OL3775472W,printdisabled,True,False
OL24457490W,no_ebook,False,False
OL213267W,borrowable,True,False
OL9224719W,borrowable,True,False
OL167281W,borrowable,True,False
OL9224690W,printdisabled,True,False
OL5695227W,printdisabled,True,False
OL16587257W,printdisabled,True,False
OL19800269W,printdisabled,True,False
OL8488804W,borrowable,True,False
OL4412079W,borrowable,True,False
OL28454346W,no_ebook,False,False
OL3771222W,printdisabled,True,False
OL3498738W,printdisabled,True,False
OL5686921W,printdisabled,True,False
OL2959266W,borrowable,True,False
OL20667571W,no_ebook,False,False
OL554612W,printdisabled,True,False
OL4056407W,printdisabled,True,False
OL5696197W,printdisabled,True,False
OL3770775W,borrowable,True,False
OL4331836W,printdisabled,True,False
OL111418W,borrowable,True,False
OL16057432W,borrowable,True,False
OL111457W,borrowable,True,False
OL3770485W,borrowable,True,False
OL5236088W,borrowable,True,False
OL3759170W,printdisabled,True,False
OL21854790W,borrowable,True,False
OL3759382W,printdisabled,True,False
OL3498667W,printdisabled,True,False
OL1708330W,borrowable,True,False
OL3770476W,borrowable,True,False
OL4233114W,printdisabled,True,False
OL20853227W,no_ebook,False,False
OL2959215W,printdisabled,True,False
OL4689771W,printdisabled,True,False
OL3457644W,printdisabled,True,False
OL11277282W,borrowable,True,False
OL15436932W,borrowable,True,False
OL17519668W,printdisabled,True,False
OL17439529W,printdisabled,True,False
OL1822309W,borrowable,True,False
OL3908277W,printdisabled,True,False
OL3759115W,printdisabled,True,False
OL5690877W,printdisabled,True,False
OL3845577W,printdisabled,True,False
OL15687W,printdisabled,True,False
OL32504514W,no_ebook,False,False
OL17426791W,borrowable,True,False
OL134699W,borrowable,True,False
OL4220891W,borrowable,True,False
OL4278228W,borrowable,True,False
OL35923530W,no_ebook,False,False
OL11327963W,printdisabled,True,False
OL3475959W,printdisabled,True,False
OL2959332W,printdisabled,True,False
OL4273173W,printdisabled,True,False
OL3845003W,printdisabled,True,False
OL4412082W,printdisabled,True,False
OL2705652W,borrowable,True,False
OL4228757W,borrowable,True,False
OL111426W,borrowable,True,False
OL5236152W,borrowable,True,False
OL3519301W,borrowable,True,False
OL8315344W,borrowable,True,False
OL15143237W,printdisabled,True,False
OL7133453W,borrowable,True,False
OL3457814W,borrowable,True,False
OL27701041W,borrowable,True,False
OL3771235W,borrowable,True,False
OL8032353W,printdisabled,True,False
OL82360W,printdisabled,True,False
OL20537509W,no_ebook,False,False
OL15740111W,printdisabled,True,False
OL19968136W,printdisabled,True,False
OL16471161W,printdisabled,True,False
OL21582802W,borrowable,True,False
OL5236106W,printdisabled,True,False
OL8029485W,printdisabled,True,False
OL21598762W,borrowable,True,False
OL4689788W,printdisabled,True,False
OL3759078W,borrowable,True,False
OL17795942W,printdisabled,True,False
OL16053063W,borrowable,True,False
OL274910W,printdisabled,True,False
OL3498790W,borrowable,True,False
OL3458058W,printdisabled,True,False
OL20168339W,no_ebook,False,False
OL5100324W,borrowable,True,False
OL3931412W,borrowable,True,False
OL5729825W,printdisabled,True,False
OL3775427W,printdisabled,True,False
OL4440539W,borrowable,True,False
OL4278297W,printdisabled,True,False
OL3773917W,printdisabled,True,False
OL3771067W,printdisabled,True,False
OL4092521W,borrowable,True,False
OL15450151W,public,True,True
OL6101936W,public,True,True
OL18160561W,printdisabled,True,False
OL4221187W,printdisabled,True,False
OL7999006W,borrowable,True,False
OL20797746W,no_ebook,False,False
OL895248W,printdisabled,True,False
OL1902272W,unclassified,False,False
OL3803123W,printdisabled,True,False
OL1902314W,printdisabled,True,False
OL3759344W,borrowable,True,False
OL3775446W,printdisabled,True,False
OL29167139W,no_ebook,False,False
OL9156412W,printdisabled,True,False
OL9359757W,borrowable,True,False
OL3457739W,printdisabled,True,False
OL4092664W,borrowable,True,False
OL11019378W,printdisabled,True,False
OL3908261W,printdisabled,True,False
OL8365967W,public,True,True
OL112320W,printdisabled,True,False
OL3771113W,printdisabled,True,False
OL3476058W,borrowable,True,False
OL1911602W,printdisabled,True,False
OL5804892W,printdisabled,True,False
OL3771168W,printdisabled,True,False
OL3773965W,printdisabled,True,False
OL4221232W,printdisabled,True,False
OL26087369W,no_ebook,False,False
OL15827652W,borrowable,True,False
OL9162966W,printdisabled,True,False
OL3759140W,printdisabled,True,False
OL3771123W,borrowable,True,False
OL3759417W,borrowable,True,False
OL8030168W,printdisabled,True,False
OL167328W,borrowable,True,False
OL21735307W,printdisabled,True,False
OL17387284W,printdisabled,True,False
OL5695715W,borrowable,True,False
OL228702W,borrowable,True,False
OL4092655W,borrowable,True,False
OL156401W,printdisabled,True,False
OL38128674W,no_ebook,False,False
OL4787957W,borrowable,True,False
OL15678286W,borrowable,True,False
OL9767580W,borrowable,True,False
OL17436749W,borrowable,True,False
OL5236087W,printdisabled,True,False
OL3294271W,printdisabled,True,False
OL9468089W,borrowable,True,False
OL15660W,printdisabled,True,False
OL11277266W,printdisabled,True,False
OL4233141W,printdisabled,True,False
OL5682781W,printdisabled,True,False
OL8030158W,printdisabled,True,False
OL3845010W,printdisabled,True,False
OL16042101W,printdisabled,True,False
OL5945663W,borrowable,True,False
OL4689746W,printdisabled,True,False
OL3467574W,printdisabled,True,False
OL4107886W,borrowable,True,False
OL3803166W,printdisabled,True,False
OL2959289W,borrowable,True,False
OL137222W,borrowable,True,False
OL7990759W,printdisabled,True,False
OL167351W,borrowable,True,False
OL3759484W,borrowable,True,False
OL3498737W,printdisabled,True,False
OL1902362W,printdisabled,True,False
OL17339151W,printdisabled,True,False
OL3507309W,borrowable,True,False
OL3498684W,printdisabled,True,False
OL15134753W,printdisabled,True,False
OL19737591W,printdisabled,True,False
OL15518787W,printdisabled,True,False
OL278356W,printdisabled,True,False
OL9367792W,printdisabled,True,False
OL3775382W,printdisabled,True,False
OL503666W,public,True,True
OL8315321W,borrowable,True,False
OL14851667W,borrowable,True,False
OL5686815W,printdisabled,True,False
OL3759048W,printdisabled,True,False
OL5809039W,borrowable,True,False
OL18180843W,borrowable,True,False
OL5695976W,printdisabled,True,False
OL810184W,printdisabled,True,False
OL1961526W,printdisabled,True,False
OL137082W,borrowable,True,False
OL3775500W,printdisabled,True,False
OL4221196W,printdisabled,True,False
OL471940W,public,True,True
OL3475995W,printdisabled,True,False
OL14654W,borrowable,True,False
OL3759436W,borrowable,True,False
OL4961700W,borrowable,True,False
OL2818303W,borrowable,True,False
OL15646W,printdisabled,True,False
OL15170036W,printdisabled,True,False
OL4623643W,borrowable,True,False
OL19748577W,no_ebook,False,False
OL11277326W,borrowable,True,False
OL21559004W,printdisabled,True,False
OL3574739W,borrowable,True,False
OL4331831W,printdisabled,True,False
OL15671W,printdisabled,True,False
OL16821265W,borrowable,True,False
OL15610W,printdisabled,True,False
OL468362W,public,True,True
OL5888035W,printdisabled,True,False
OL17386768W,printdisabled,True,False
OL3457835W,printdisabled,True,False
OL3754828W,borrowable,True,False
OL17796171W,borrowable,True,False
OL111631W,borrowable,True,False
OL7133446W,borrowable,True,False
OL15425685W,borrowable,True,False
OL19977306W,printdisabled,True,False
OL4472977W,borrowable,True,False
OL37855093W,no_ebook,False,False
OL21455595W,borrowable,True,False
OL4056511W,printdisabled,True,False
OL3498550W,printdisabled,True,False
OL20651958W,no_ebook,False,False
OL4141667W,borrowable,True,False
OL100046W,borrowable,True,False
OL3457796W,printdisabled,True,False
OL6286625W,borrowable,True,False
OL3458002W,printdisabled,True,False
OL3498604W,printdisabled,True,False
OL16772679W,printdisabled,True,False
OL35345999W,no_ebook,False,False
OL5686810W,printdisabled,True,False
OL1902490W,printdisabled,True,False
OL15859891W,borrowable,True,False
OL1518582W,printdisabled,True,False
OL4233117W,borrowable,True,False
OL5686947W,borrowable,True,False
OL3458059W,printdisabled,True,False
OL3775331W,printdisabled,True,False
OL213241W,borrowable,True,False
OL4141645W,borrowable,True,False
OL17203232W,printdisabled,True,False
OL3931519W,borrowable,True,False
OL25960185W,no_ebook,False,False
OL3754821W,borrowable,True,False
OL9482485W,borrowable,True,False
OL4720160W,borrowable,True,False
OL17976969W,borrowable,True,False
OL22518674W,no_ebook,False,False
OL11328048W,borrowable,True,False
OL17393790W,printdisabled,True,False
OL14862450W,borrowable,True,False
OL16825084W,borrowable,True,False
OL3773931W,printdisabled,True,False
OL27731687W,no_ebook,False,False
OL4141646W,borrowable,True,False
OL15395162W,borrowable,True,False
OL11328191W,borrowable,True,False
OL4279465W,printdisabled,True,False
OL3457914W,printdisabled,True,False
OL1902212W,printdisabled,True,False
OL34811234W,no_ebook,False,False
OL16732132W,printdisabled,True,False
OL5810753W,printdisabled,True,False
OL8586880W,borrowable,True,False
OL3395300W,printdisabled,True,False
OL10530571W,borrowable,True,False
OL20014818W,printdisabled,True,False
OL82374W,printdisabled,True,False
OL17716024W,borrowable,True,False
OL3773939W,borrowable,True,False
OL5683000W,printdisabled,True,False
OL4331825W,printdisabled,True,False
OL3467482W,printdisabled,True,False
OL5695687W,printdisabled,True,False
OL5689124W,borrowable,True,False
OL3261153W,borrowable,True,False
OL2959272W,printdisabled,True,False
OL4143088W,borrowable,True,False
OL468485W,borrowable,True,False
OL3775306W,printdisabled,True,False
OL2469479W,printdisabled,True,False
OL5691878W,printdisabled,True,False
OL3771216W,borrowable,True,False
OL3457727W,borrowable,True,False
OL3457695W,printdisabled,True,False
OL17400582W,printdisabled,True,False
OL3759459W,printdisabled,True,False
OL1902282W,borrowable,True,False
OL3845618W,borrowable,True,False
OL8365987W,public,True,True
OL16552708W,printdisabled,True,False
OL167284W,borrowable,True,False
OL11277234W,borrowable,True,False
OL9156408W,printdisabled,True,False
OL3476084W,printdisabled,True,False
OL4233154W,borrowable,True,False
OL15313344W,borrowable,True,False
OL8030156W,printdisabled,True,False
OL9635858W,borrowable,True,False
OL3476020W,borrowable,True,False
OL34316607W,no_ebook,False,False
OL9359682W,borrowable,True,False
OL29983W,public,True,True
OL15169296W,printdisabled,True,False
OL5688278W,borrowable,True,False
OL5682993W,printdisabled,True,False
OL29189569W,borrowable,True,False
OL26087370W,no_ebook,False,False
OL20669844W,printdisabled,True,False
OL5694954W,printdisabled,True,False
OL4092686W,public,True,True
OL18027952W,borrowable,True,False
OL5236239W,borrowable,True,False
OL19744698W,printdisabled,True,False
OL8032583W,borrowable,True,False
OL5947740W,printdisabled,True,False
OL15020281W,borrowable,True,False
OL3457958W,printdisabled,True,False
OL167268W,borrowable,True,False
OL15683W,printdisabled,True,False
OL2959337W,printdisabled,True,False
OL5099226W,borrowable,True,False
OL17613127W,printdisabled,True,False
OL17467883W,printdisabled,True,False
OL2671311W,borrowable,True,False
OL13015028W,borrowable,True,False
OL4689825W,printdisabled,True,False
OL14920279W,borrowable,True,False
OL3457781W,printdisabled,True,False
OL3498613W,printdisabled,True,False
OL4141671W,borrowable,True,False
OL4056532W,borrowable,True,False
OL4412002W,borrowable,True,False
OL26432723W,no_ebook,False,False
OL15715835W,printdisabled,True,False
OL3457748W,printdisabled,True,False
OL4092656W,borrowable,True,False
OL5731538W,borrowable,True,False
OL17471122W,printdisabled,True,False
OL1902328W,borrowable,True,False
OL1902410W,printdisabled,True,False
OL23738W,printdisabled,True,False
OL17733369W,printdisabled,True,False
OL16048606W,borrowable,True,False
OL16607146W,borrowable,True,False
OL1979167W,borrowable,True,False
OL4440510W,borrowable,True,False
OL3498822W,printdisabled,True,False
OL15696327W,printdisabled,True,False
OL17062W,printdisabled,True,False
OL3771129W,printdisabled,True,False
OL921881W,no_ebook,False,False
OL274574W,borrowable,True,False
OL32343485W,printdisabled,True,False
OL5100332W,borrowable,True,False
OL4081093W,borrowable,True,False
OL491807W,printdisabled,True,False
OL21417599W,borrowable,True,False
OL5686888W,printdisabled,True,False
OL13693163W,borrowable,True,False
OL5853896W,printdisabled,True,False
OL4278169W,printdisabled,True,False
OL3771312W,printdisabled,True,False
OL9196002W,borrowable,True,False
OL15020280W,borrowable,True,False
OL3498716W,printdisabled,True,False
OL3759469W,borrowable,True,False
OL15657W,printdisabled,True,False
OL1902275W,printdisabled,True,False
OL100044W,borrowable,True,False
OL3759043W,printdisabled,True,False
OL167312W,borrowable,True,False
OL15121895W,printdisabled,True,False
OL3775261W,printdisabled,True,False
OL5720025W,borrowable,True,False
OL17746229W,printdisabled,True,False
OL491801W,printdisabled,True,False
OL5099246W,borrowable,True,False
OL11327983W,printdisabled,True,False
OL5694487W,printdisabled,True,False
OL3771277W,no_ebook,False,False
OL3457942W,printdisabled,True,False
OL21567801W,borrowable,True,False
OL4990539W,printdisabled,True,False
OL5720023W,borrowable,True,False
OL112334W,printdisabled,True,False
OL3498730W,printdisabled,True,False
OL461937W,printdisabled,True,False
OL5695226W,printdisabled,True,False
OL3845116W,printdisabled,True,False
OL4215988W,borrowable,True,False
OL3467491W,printdisabled,True,False
OL4342724W,borrowable,True,False
OL14859969W,printdisabled,True,False
OL11327198W,borrowable,True,False
OL4342685W,printdisabled,True,False
OL3775495W,printdisabled,True,False
OL28520883W,no_ebook,False,False
OL5236230W,printdisabled,True,False
OL17486230W,borrowable,True,False
OL4161443W,borrowable,True,False
OL15134326W,printdisabled,True,False
OL16086747W,unclassified,False,False
OL18442858W,borrowable,True,False
OL1000286W,borrowable,True,False
OL24231383W,no_ebook,False,False
OL4278232W,printdisabled,True,False
OL3775354W,printdisabled,True,False
OL8365998W,borrowable,True,False
OL5100333W,borrowable,True,False
OL8531476W,borrowable,True,False
OL4689750W,printdisabled,True,False
OL3458019W,printdisabled,True,False
OL16032670W,printdisabled,True,False
OL17352669W,printdisabled,True,False
OL3457994W,printdisabled,True,False
OL14862477W,borrowable,True,False
OL45869W,borrowable,True,False
OL16325201W,borrowable,True,False
OL4278235W,borrowable,True,False
OL21428056W,borrowable,True,False
OL3775346W,printdisabled,True,False
OL14920367W,printdisabled,True,False
OL3467582W,printdisabled,True,False
OL4092690W,borrowable,True,False
OL112341W,borrowable,True,False
OL15089817W,borrowable,True,False
OL4472913W,borrowable,True,False
OL8531490W,printdisabled,True,False
OL20478673W,borrowable,True,False
OL4141638W,borrowable,True,False
OL14862469W,borrowable,True,False
OL3518634W,borrowable,True,False
OL21181042W,borrowable,True,False
OL15183864W,printdisabled,True,False
OL1052133W,borrowable,True,False
OL863808W,public,True,True
OL3476060W,borrowable,True,False
OL19781733W,borrowable,True,False
OL5808603W,borrowable,True,False
OL42543873W,no_ebook,False,False
OL16807730W,borrowable,True,False
OL4052079W,borrowable,True,False
OL16041717W,printdisabled,True,False
OL4342697W,borrowable,True,False
OL5695245W,printdisabled,True,False
OL14851670W,borrowable,True,False
OL21676778W,no_ebook,False,False
OL8365983W,borrowable,True,False
OL14851679W,public,True,True
OL11930W,borrowable,True,False
OL3260978W,borrowable,True,False
OL3844334W,printdisabled,True,False
OL3467576W,borrowable,True,False
OL921918W,borrowable,True,False
OL16772681W,printdisabled,True,False
OL3458039W,printdisabled,True,False
OL3759454W,borrowable,True,False
OL16057454W,borrowable,True,False
OL21438800W,borrowable,True,False
OL3498586W,printdisabled,True,False
OL27436818W,printdisabled,True,False
OL11277306W,borrowable,True,False
OL5810769W,printdisabled,True,False
OL112323W,borrowable,True,False
OL3458025W,printdisabled,True,False
OL20504176W,borrowable,True,False
OL24701020W,no_ebook,False,False
OL4454529W,borrowable,True,False
OL167315W,borrowable,True,False
OL3457725W,printdisabled,True,False
OL16041965W,borrowable,True,False
OL3773902W,printdisabled,True,False
OL28172150W,no_ebook,False,False
OL112346W,printdisabled,True,False
OL14862499W,printdisabled,True,False
OL15155285W,printdisabled,True,False
OL24656464W,borrowable,True,False
OL4226052W,borrowable,True,False
OL137228W,borrowable,True,False
OL3771269W,printdisabled,True,False
OL16820019W,printdisabled,True,False
OL3632909W,borrowable,True,False
OL15177049W,printdisabled,True,False
OL3981135W,printdisabled,True,False
OL3548660W,printdisabled,True,False
OL21440976W,borrowable,True,False
OL34325W,borrowable,True,False
OL5695974W,printdisabled,True,False
OL4981182W,borrowable,True,False
OL17501376W,printdisabled,True,False
OL24633401W,no_ebook,False,False
OL4181967W,printdisabled,True,False
OL35718442W,no_ebook,False,False
OL3845645W,printdisabled,True,False
OL3759044W,printdisabled,True,False
OL5837827W,borrowable,True,False
OL3519213W,borrowable,True,False
OL17871891W,no_ebook,False,False
OL15419842W,printdisabled,True,False
OL4331835W,printdisabled,True,False
OL1979170W,borrowable,True,False
OL4465416W,borrowable,True,False
OL3771210W,printdisabled,True,False
OL8318484W,printdisabled,True,False
OL15449069W,printdisabled,True,False
OL21426118W,borrowable,True,False
OL5688711W,printdisabled,True,False
OL36123560W,no_ebook,False,False
OL5691880W,printdisabled,True,False
OL5236224W,borrowable,True,False
OL3754780W,printdisabled,True,False
OL9276227W,borrowable,True,False
OL14913333W,printdisabled,True,False
OL23272W,printdisabled,True,False
OL584283W,borrowable,True,False
OL3771093W,printdisabled,True,False
OL26085843W,no_ebook,False,False
OL3759055W,borrowable,True,False
OL3771099W,printdisabled,True,False
OL39108W,public,True,True
OL555412W,borrowable,True,False
OL1881774W,printdisabled,True,False
OL3457698W,printdisabled,True,False
OL3771303W,borrowable,True,False
OL2959309W,borrowable,True,False
OL21433555W,borrowable,True,False
OL11327153W,borrowable,True,False
OL3759041W,borrowable,True,False
OL19705711W,printdisabled,True,False
OL3771293W,printdisabled,True,False
OL11277293W,borrowable,True,False
OL3771221W,printdisabled,True,False
OL11762243W,borrowable,True,False
OL3845131W,borrowable,True,False
OL3498845W,borrowable,True,False
OL4273174W,printdisabled,True,False
OL11327991W,borrowable,True,False
OL3775504W,printdisabled,True,False
OL4181997W,borrowable,True,False
OL5236243W,borrowable,True,False
OL8315261W,borrowable,True,False
OL11277333W,borrowable,True,False
OL11327950W,borrowable,True,False
OL8315270W,borrowable,True,False
OL20561781W,borrowable,True,False
OL3845125W,borrowable,True,False
OL3981187W,borrowable,True,False
OL3771243W,borrowable,True,False
OL152332W,printdisabled,True,False
OL11277309W,borrowable,True,False
OL3845174W,borrowable,True,False
OL17809871W,borrowable,True,False
OL8315268W,borrowable,True,False
OL11327946W,printdisabled,True,False
OL3457756W,borrowable,True,False
OL15171703W,printdisabled,True,False
OL3759068W,printdisabled,True,False
OL24178205W,printdisabled,True,False
OL3754835W,borrowable,True,False
OL11327965W,borrowable,True,False
OL3457959W,printdisabled,True,False
OL3759348W,borrowable,True,False
OL3770467W,borrowable,True,False
OL3735574W,borrowable,True,False
OL28181491W,printdisabled,True,False
OL3771297W,printdisabled,True,False
OL19747970W,printdisabled,True,False
OL4273160W,printdisabled,True,False
OL11327968W,borrowable,True,False
OL3498543W,borrowable,True,False
OL2959243W,borrowable,True,False
OL3759338W,borrowable,True,False
OL3845170W,borrowable,True,False
OL3845168W,borrowable,True,False
OL26955716W,no_ebook,False,False
OL3845178W,borrowable,True,False
OL3759185W,borrowable,True,False
OL6918872W,borrowable,True,False
OL3754725W,printdisabled,True,False
OL3457845W,printdisabled,True,False
OL17444354W,printdisabled,True,False
OL277730W,borrowable,True,False
OL8315347W,borrowable,True,False
OL3775507W,printdisabled,True,False
OL3775418W,borrowable,True,False
OL20032935W,printdisabled,True,False
OL11327893W,borrowable,True,False
OL8032345W,borrowable,True,False
OL3770490W,borrowable,True,False
OL3759069W,borrowable,True,False
OL3775471W,printdisabled,True,False
OL3467599W,borrowable,True,False
OL3759468W,borrowable,True,False
OL4233169W,printdisabled,True,False
OL3770471W,borrowable,True,False
OL11762227W,borrowable,True,False
OL19964677W,printdisabled,True,False
OL3773896W,printdisabled,True,False
OL11277302W,borrowable,True,False
OL5236260W,borrowable,True,False
OL3773966W,borrowable,True,False
OL3773973W,borrowable,True,False
OL4084680W,borrowable,True,False
OL3775475W,printdisabled,True,False
OL3773994W,printdisabled,True,False
OL10530605W,borrowable,True,False
OL3759277W,printdisabled,True,False
OL2959250W,printdisabled,True,False
OL21802553W,no_ebook,False,False
OL5236219W,borrowable,True,False
OL3773934W,printdisabled,True,False
OL3759472W,borrowable,True,False
OL3775425W,printdisabled,True,False
OL8869211W,borrowable,True,False
OL4233152W,borrowable,True,False
OL8315332W,borrowable,True,False
OL3498690W,borrowable,True,False
OL8315317W,borrowable,True,False
OL15456729W,printdisabled,True,False
OL11327970W,printdisabled,True,False
OL17311801W,borrowable,True,False
OL3759292W,printdisabled,True,False
OL25555522W,no_ebook,False,False
OL3498559W,printdisabled,True,False
OL3457886W,printdisabled,True,False
OL491810W,printdisabled,True,False
OL21883446W,no_ebook,False,False
OL3844287W,printdisabled,True,False
OL14862505W,printdisabled,True,False
OL97190W,borrowable,True,False
OL34832132W,no_ebook,False,False
OL9793773W,borrowable,True,False
OL15668W,printdisabled,True,False
OL8268347W,borrowable,True,False
OL2959278W,printdisabled,True,False
OL5810791W,printdisabled,True,False
OL5236140W,printdisabled,True,False
OL2748916W,printdisabled,True,False
OL14857616W,borrowable,True,False
OL167269W,borrowable,True,False
OL15152744W,printdisabled,True,False
OL3845054W,printdisabled,True,False
OL2629881W,printdisabled,True,False
OL15462026W,printdisabled,True,False
OL4331799W,printdisabled,True,False
OL167330W,printdisabled,True,False
OL15600002W,printdisabled,True,False
OL21580696W,borrowable,True,False
OL17356524W,printdisabled,True,False
OL28436821W,no_ebook,False,False
OL17345493W,printdisabled,True,False
OL11327404W,borrowable,True,False
OL5695642W,printdisabled,True,False
OL37873918W,no_ebook,False,False
OL4220822W,borrowable,True,False
OL17383337W,printdisabled,True,False
OL8165659W,borrowable,True,False
OL4233171W,borrowable,True,False
OL3773963W,printdisabled,True,False
OL3771317W,printdisabled,True,False
OL7990735W,printdisabled,True,False
OL5946131W,borrowable,True,False
OL3773905W,printdisabled,True,False
OL14862299W,borrowable,True,False
OL4996159W,borrowable,True,False
OL10530569W,borrowable,True,False
OL2732491W,printdisabled,True,False
OL4084674W,borrowable,True,False
OL15893W,printdisabled,True,False
OL13693160W,printdisabled,True,False
OL4092634W,public,True,True
OL3754731W,borrowable,True,False
OL21487810W,borrowable,True,False
OL1902295W,printdisabled,True,False
OL17925545W,printdisabled,True,False
OL2959312W,borrowable,True,False
OL16030268W,borrowable,True,False
OL21578857W,borrowable,True,False
OL26907480W,no_ebook,False,False
OL5695925W,borrowable,True,False
OL14963843W,printdisabled,True,False
OL5797749W,borrowable,True,False
OL9224702W,borrowable,True,False
OL4233115W,borrowable,True,False
OL17461718W,borrowable,True,False
OL17436292W,printdisabled,True,False
OL8315292W,borrowable,True,False
OL10215W,public,True,True
OL20153602W,no_ebook,False,False
OL17856195W,borrowable,True,False
OL17344325W,borrowable,True,False
OL8365984W,borrowable,True,False
OL28701547W,no_ebook,False,False
OL491812W,printdisabled,True,False
OL5683849W,borrowable,True,False
OL2625443W,borrowable,True,False
OL15677W,printdisabled,True,False
OL111569W,borrowable,True,False
OL15686W,printdisabled,True,False
OL81606W,borrowable,True,False
OL17567120W,borrowable,True,False
OL4065810W,borrowable,True,False
OL24610711W,printdisabled,True,False
OL5810807W,printdisabled,True,False
OL1804648W,borrowable,True,False
OL11277261W,printdisabled,True,False
OL8365993W,borrowable,True,False
OL13754370W,printdisabled,True,False
OL5236210W,borrowable,True,False
OL5236232W,printdisabled,True,False
OL810247W,printdisabled,True,False
OL16024603W,printdisabled,True,False
OL213269W,borrowable,True,False
OL5692981W,printdisabled,True,False
OL21101115W,printdisabled,True,False
OL3770785W,borrowable,True,False
OL3771122W,printdisabled,True,False
OL5367632W,borrowable,True,False
OL27004W,borrowable,True,False
OL3498794W,borrowable,True,False
OL28053600W,no_ebook,False,False
OL4955619W,borrowable,True,False
OL9367893W,printdisabled,True,False
OL28948988W,printdisabled,True,False
OL5686935W,printdisabled,True,False
OL213263W,borrowable,True,False
OL3458063W,printdisabled,True,False
OL3775371W,printdisabled,True,False
OL17356811W,printdisabled,True,False
OL796601W,printdisabled,True,False
OL152322W,printdisabled,True,False
OL11277296W,borrowable,True,False
OL3775466W,printdisabled,True,False
OL3498824W,borrowable,True,False
OL213266W,borrowable,True,False
OL3467513W,borrowable,True,False
OL29189552W,no_ebook,False,False
OL3519329W,borrowable,True,False
OL3773920W,borrowable,True,False
OL111439W,borrowable,True,False
OL16037643W,borrowable,True,False
OL11328047W,borrowable,True,False
OL11327956W,borrowable,True,False
OL2959291W,borrowable,True,False
OL3759267W,printdisabled,True,False
OL15190273W,printdisabled,True,False
OL4412059W,borrowable,True,False
OL3519328W,borrowable,True,False
OL11327922W,printdisabled,True,False
OL3457864W,printdisabled,True,False
OL15335027W,borrowable,True,False
OL5236256W,borrowable,True,False
OL19737574W,no_ebook,False,False
OL3457832W,borrowable,True,False
OL3754813W,borrowable,True,False
OL11327992W,borrowable,True,False
OL17179785W,borrowable,True,False
OL3845015W,borrowable,True,False
OL15870434W,borrowable,True,False
OL3771298W,borrowable,True,False
OL3467543W,printdisabled,True,False
OL4356929W,borrowable,True,False
OL3780296W,borrowable,True,False
OL3775431W,borrowable,True,False
OL8087183W,borrowable,True,False
OL3476087W,borrowable,True,False
OL3759085W,printdisabled,True,False
OL3759120W,borrowable,True,False
OL3845146W,borrowable,True,False
OL3754827W,borrowable,True,False
OL11277328W,borrowable,True,False
OL25434351W,no_ebook,False,False
OL15296267W,borrowable,True,False
OL4440535W,borrowable,True,False
OL4182020W,borrowable,True,False
OL11327915W,borrowable,True,False
OL3771218W,printdisabled,True,False
OL3775493W,printdisabled,True,False
OL5809066W,printdisabled,True,False
OL59379W,printdisabled,True,False
OL16591835W,printdisabled,True,False
OL3294444W,borrowable,True,False
OL3773979W,borrowable,True,False
OL4225433W,borrowable,True,False
OL1902450W,borrowable,True,False
OL4472925W,borrowable,True,False
OL3294326W,borrowable,True,False
OL3754963W,borrowable,True,False
OL3773899W,printdisabled,True,False
OL5236136W,borrowable,True,False
OL3981197W,borrowable,True,False
OL3759109W,printdisabled,True,False
OL3773972W,printdisabled,True,False
OL28744393W,no_ebook,False,False
OL1230715W,borrowable,True,False
OL3773996W,printdisabled,True,False
OL11277308W,borrowable,True,False
OL41943074W,no_ebook,False,False
OL3759162W,borrowable,True,False
OL54797W,borrowable,True,False
OL15151758W,borrowable,True,False
OL491708W,printdisabled,True,False
OL3759296W,borrowable,True,False
OL15134433W,printdisabled,True,False
OL16772684W,printdisabled,True,False
OL11762248W,borrowable,True,False
OL3759118W,borrowable,True,False
OL3770380W,borrowable,True,False
OL3476056W,borrowable,True,False
OL3845144W,borrowable,True,False
OL3771261W,printdisabled,True,False
OL29046643W,no_ebook,False,False
OL3498840W,borrowable,True,False
OL111597W,borrowable,True,False
OL3476028W,borrowable,True,False
OL3518642W,borrowable,True,False
OL3498561W,printdisabled,True,False
OL4342692W,borrowable,True,False
OL3775491W,printdisabled,True,False
OL3775456W,printdisabled,True,False
OL59382W,printdisabled,True,False
OL15178385W,printdisabled,True,False
OL3519302W,printdisabled,True,False
OL3457793W,printdisabled,True,False
OL3476072W,printdisabled,True,False
OL5236250W,borrowable,True,False
OL5809096W,borrowable,True,False
OL59383W,printdisabled,True,False
OL59448W,borrowable,True,False
OL18203673W,printdisabled,True,False
OL2705658W,borrowable,True,False
OL3773910W,printdisabled,True,False
OL27678542W,no_ebook,False,False
OL3457907W,printdisabled,True,False
OL5236263W,borrowable,True,False
OL3476046W,borrowable,True,False
OL11327941W,borrowable,True,False
OL2959247W,printdisabled,True,False
OL9265172W,printdisabled,True,False
OL4472973W,borrowable,True,False
OL4412009W,borrowable,True,False
OL11327958W,printdisabled,True,False
OL3457792W,printdisabled,True,False
OL3759102W,printdisabled,True,False
OL16245633W,printdisabled,True,False
OL14862438W,borrowable,True,False
OL3476062W,borrowable,True,False
OL3498633W,borrowable,True,False
OL3759079W,printdisabled,True,False
OL3458028W,printdisabled,True,False
OL10530593W,borrowable,True,False
OL2045111W,borrowable,True,False
OL3771188W,printdisabled,True,False
OL3457861W,printdisabled,True,False
OL3475953W,borrowable,True,False
OL1902482W,printdisabled,True,False
OL8464993W,borrowable,True,False
OL4996286W,borrowable,True,False
OL3519250W,borrowable,True,False
OL11327653W,borrowable,True,False
OL3771184W,borrowable,True,False
OL3759019W,printdisabled,True,False
OL3771259W,printdisabled,True,False
OL4233143W,printdisabled,True,False
OL3771282W,printdisabled,True,False
OL3457929W,printdisabled,True,False
OL3845157W,borrowable,True,False
OL3476081W,borrowable,True,False
OL15421579W,borrowable,True,False
OL4233136W,borrowable,True,False
OL15121008W,printdisabled,True,False
OL3759057W,borrowable,True,False
OL25960186W,no_ebook,False,False
OL3476067W,borrowable,True,False
OL111440W,borrowable,True,False
OL2959327W,printdisabled,True,False
OL4092569W,borrowable,True,False
OL3759294W,borrowable,True,False
OL3467523W,printdisabled,True,False
OL59384W,borrowable,True,False
OL11327969W,printdisabled,True,False
OL8315275W,printdisabled,True,False
OL8433267W,borrowable,True,False
OL97176W,borrowable,True,False
OL17884509W,printdisabled,True,False
OL3498562W,printdisabled,True,False
OL66554W,public,True,True
OL3771313W,printdisabled,True,False
OL3754925W,borrowable,True,False
OL7990769W,printdisabled,True,False
OL5236262W,borrowable,True,False
OL3771088W,printdisabled,True,False
OL11327984W,borrowable,True,False
OL16023738W,printdisabled,True,False
OL109410W,borrowable,True,False
OL3467508W,borrowable,True,False
OL24156651W,borrowable,True,False
OL3845162W,borrowable,True,False
OL20824826W,no_ebook,False,False
OL3476086W,borrowable,True,False
OL3294280W,printdisabled,True,False
OL2959347W,borrowable,True,False
OL3775422W,printdisabled,True,False
OL3773890W,printdisabled,True,False
OL3771258W,borrowable,True,False
OL4092689W,borrowable,True,False
OL16772680W,borrowable,True,False
OL3773927W,printdisabled,True,False
OL3457710W,printdisabled,True,False
OL2959302W,borrowable,True,False
OL2705595W,borrowable,True,False
OL15177089W,printdisabled,True,False
OL3759337W,printdisabled,True,False
OL5236240W,borrowable,True,False
OL11327967W,borrowable,True,False
OL5236235W,borrowable,True,False
OL3457643W,printdisabled,True,False
OL3457673W,printdisabled,True,False
OL3759325W,printdisabled,True,False
OL3759317W,printdisabled,True,False
OL17381610W,printdisabled,True,False
OL15137653W,borrowable,True,False
OL17864836W,printdisabled,True,False
OL24341413W,no_ebook,False,False
OL20901884W,no_ebook,False,False
OL137163W,borrowable,True,False
OL26949W,printdisabled,True,False
OL213273W,borrowable,True,False
OL3759059W,borrowable,True,False
OL4084691W,borrowable,True,False
OL3775438W,printdisabled,True,False
OL152331W,borrowable,True,False
OL468431W,public,True,True
OL26345722W,no_ebook,False,False
OL3759186W,borrowable,True,False
OL3771308W,printdisabled,True,False
OL3775505W,borrowable,True,False
OL4228753W,printdisabled,True,False
OL460942W,borrowable,True,False
OL3476063W,borrowable,True,False
OL3775497W,printdisabled,True,False
OL17383307W,printdisabled,True,False
OL264676W,borrowable,True,False
OL3519244W,borrowable,True,False
OL19713513W,no_ebook,False,False
OL3519319W,borrowable,True,False
OL3775464W,borrowable,True,False
OL3845082W,printdisabled,True,False
OL21370801W,no_ebook,False,False
OL16477332W,borrowable,True,False
OL3759488W,borrowable,True,False
OL17443847W,borrowable,True,False
OL3457787W,printdisabled,True,False
OL4689724W,printdisabled,True,False
OL8164704W,borrowable,True,False
OL33714553W,printdisabled,True,False
OL18027245W,borrowable,True,False
OL3475987W,borrowable,True,False
OL15714082W,borrowable,True,False
OL17733454W,printdisabled,True,False
OL17862825W,borrowable,True,False
OL3754810W,borrowable,True,False
OL3771209W,printdisabled,True,False
OL3476070W,borrowable,True,False
OL16310814W,printdisabled,True,False
OL11327964W,borrowable,True,False
OL7664479W,borrowable,True,False
OL3770452W,borrowable,True,False
OL3775436W,borrowable,True,False
OL16550681W,borrowable,True,False
OL3771069W,borrowable,True,False
OL2959231W,printdisabled,True,False
OL8559418W,borrowable,True,False
OL26935W,printdisabled,True,False
OL4092578W,borrowable,True,False
OL4233176W,printdisabled,True,False
OL11327996W,printdisabled,True,False
OL4092688W,borrowable,True,False
OL3457919W,printdisabled,True,False
OL15600W,printdisabled,True,False
OL17924222W,printdisabled,True,False
OL29330646W,no_ebook,False,False
OL15435078W,borrowable,True,False
OL16478203W,public,True,True
OL3519296W,borrowable,True,False
OL11277284W,borrowable,True,False
OL20924915W,printdisabled,True,False
OL3773986W,borrowable,True,False
OL3498631W,printdisabled,True,False
OL17716925W,printdisabled,True,False
OL3771260W,borrowable,True,False
OL77748W,public,True,True
OL3457776W,printdisabled,True,False
OL3759345W,printdisabled,True,False
OL4273165W,printdisabled,True,False
OL28708075W,no_ebook,False,False
OL5236205W,borrowable,True,False
OL21703979W,no_ebook,False,False
OL4233142W,printdisabled,True,False
OL17886378W,printdisabled,True,False
OL9359705W,borrowable,True,False
OL5691870W,printdisabled,True,False
OL11277305W,borrowable,True,False
OL8315337W,borrowable,True,False
OL3759127W,printdisabled,True,False
OL24801992W,no_ebook,False,False
OL8318465W,printdisabled,True,False
OL3467562W,printdisabled,True,False
OL6022024W,printdisabled,True,False
OL3467511W,printdisabled,True,False
OL3754973W,borrowable,True,False
OL3498725W,borrowable,True,False
OL11327657W,borrowable,True,False
OL3498719W,borrowable,True,False
OL1902417W,borrowable,True,False
OL3981200W,printdisabled,True,False
OL15149640W,printdisabled,True,False
OL9468121W,borrowable,True,False
OL21703286W,no_ebook,False,False
OL4463836W,printdisabled,True,False
OL3754953W,borrowable,True,False
OL4182014W,printdisabled,True,False
OL2705667W,borrowable,True,False
OL3771227W,printdisabled,True,False
OL3771292W,printdisabled,True,False
OL16586187W,borrowable,True,False
OL3498770W,borrowable,True,False
OL3519315W,borrowable,True,False
OL3294323W,borrowable,True,False
OL21177W,public,True,True
OL17625829W,borrowable,True,False
OL15187926W,printdisabled,True,False
OL11327633W,borrowable,True,False
OL42539351W,no_ebook,False,False
OL5236238W,borrowable,True,False
OL54813W,printdisabled,True,False
OL102400W,borrowable,True,False
OL3457690W,borrowable,True,False
OL4472976W,borrowable,True,False
OL11327644W,borrowable,True,False
OL3771279W,borrowable,True,False
OL3519323W,borrowable,True,False
OL3771257W,printdisabled,True,False
OL5236086W,borrowable,True,False
OL3467534W,printdisabled,True,False
OL17417270W,borrowable,True,False
OL3498628W,borrowable,True,False
OL3467591W,printdisabled,True,False
OL3457912W,printdisabled,True,False
OL1882556W,borrowable,True,False
OL9481338W,printdisabled,True,False
OL16637803W,printdisabled,True,False
OL20577143W,printdisabled,True,False
OL20781257W,printdisabled,True,False
OL3775369W,printdisabled,True,False
OL81294W,public,True,True
OL21084352W,no_ebook,False,False
OL26952W,printdisabled,True,False
OL1858668W,borrowable,True,False
OL3845150W,borrowable,True,False
OL3475965W,borrowable,True,False
OL4225407W,borrowable,True,False
OL34265902W,no_ebook,False,False
OL152329W,borrowable,True,False
OL4233157W,printdisabled,True,False
OL16239519W,printdisabled,True,False
OL20833390W,printdisabled,True,False
OL21234089W,no_ebook,False,False
OL274518W,borrowable,True,False
OL3803113W,printdisabled,True,False
OL3519227W,borrowable,True,False
OL3771302W,printdisabled,True,False
OL3457718W,printdisabled,True,False
OL3771266W,printdisabled,True,False
OL16041978W,borrowable,True,False
OL3775426W,printdisabled,True,False
OL491797W,printdisabled,True,False
OL17798511W,printdisabled,True,False
OL2705589W,borrowable,True,False
OL4092673W,borrowable,True,False
OL3773995W,printdisabled,True,False
OL3476032W,borrowable,True,False
OL2625457W,borrowable,True,False
OL111482W,borrowable,True,False
OL3457772W,printdisabled,True,False
OL5695694W,printdisabled,True,False
OL20018781W,printdisabled,True,False
OL15176208W,borrowable,True,False
OL4220903W,borrowable,True,False
OL3476088W,borrowable,True,False
OL29195444W,no_ebook,False,False
OL3759211W,printdisabled,True,False
OL9265310W,printdisabled,True,False
OL675722W,borrowable,True,False
OL16361029W,borrowable,True,False
OL5236237W,borrowable,True,False
OL4225427W,borrowable,True,False
OL5686909W,printdisabled,True,False
OL3775502W,printdisabled,True,False
OL3771217W,printdisabled,True,False
OL3498567W,printdisabled,True,False
OL3773885W,printdisabled,True,False
OL16925622W,borrowable,True,False
OL3759172W,borrowable,True,False
OL3476078W,borrowable,True,False
OL27965945W,no_ebook,False,False
OL20201734W,printdisabled,True,False
OL3775419W,printdisabled,True,False
OL22316936W,printdisabled,True,False
OL3457799W,printdisabled,True,False
OL2959257W,borrowable,True,False
OL21234092W,no_ebook,False,False
OL21330193W,no_ebook,False,False
OL2959357W,printdisabled,True,False
OL34493682W,no_ebook,False,False
OL4342711W,borrowable,True,False
OL17396365W,borrowable,True,False
OL14862461W,borrowable,True,False
OL3498643W,printdisabled,True,False
OL11762246W,borrowable,True,False
OL4440555W,borrowable,True,False
OL3498681W,printdisabled,True,False
OL3775447W,printdisabled,True,False
OL17904008W,borrowable,True,False
OL20150260W,printdisabled,True,False
OL876504W,borrowable,True,False
OL112310W,borrowable,True,False
OL3775465W,printdisabled,True,False
OL3458038W,printdisabled,True,False
OL3775452W,printdisabled,True,False
OL3771296W,printdisabled,True,False
OL17052764W,borrowable,True,False
OL3294451W,borrowable,True,False
OL5810762W,printdisabled,True,False
OL3498760W,borrowable,True,False
OL3775377W,printdisabled,True,False
OL4181989W,printdisabled,True,False
OL4356939W,borrowable,True,False
OL2959281W,printdisabled,True,False
OL3775469W,printdisabled,True,False
OL554615W,printdisabled,True,False
OL3519297W,borrowable,True,False
OL44995W,public,True,True
OL16550682W,borrowable,True,False
OL21576882W,borrowable,True,False
OL3498560W,printdisabled,True,False
OL3458061W,printdisabled,True,False
OL24286281W,borrowable,True,False
OL4278188W,printdisabled,True,False
OL31785731W,printdisabled,True,False
OL19667762W,printdisabled,True,False
OL15176969W,printdisabled,True,False
OL9195992W,printdisabled,True,False
OL3845147W,borrowable,True,False
OL3498694W,borrowable,True,False
OL8032157W,printdisabled,True,False
OL3773912W,printdisabled,True,False
OL36632W,borrowable,True,False
OL4092675W,borrowable,True,False
OL4273148W,printdisabled,True,False
OL3759160W,printdisabled,True,False
OL16028327W,borrowable,True,False
OL24153842W,no_ebook,False,False
OL26119633W,no_ebook,False,False
OL11277286W,borrowable,True,False
OL10530570W,borrowable,True,False
OL66562W,public,True,True
OL3759223W,borrowable,True,False
OL17388853W,printdisabled,True,False
OL3458016W,printdisabled,True,False
OL4056404W,borrowable,True,False
OL15563527W,borrowable,True,False
OL3771285W,printdisabled,True,False
OL11277336W,borrowable,True,False
OL2705573W,borrowable,True,False
OL27729743W,no_ebook,False,False
OL3775343W,printdisabled,True,False
OL3759022W,printdisabled,True,False
OL3981106W,borrowable,True,False
OL15829490W,printdisabled,True,False
OL4181990W,borrowable,True,False
OL3498675W,printdisabled,True,False
OL3803167W,printdisabled,True,False
OL3498747W,borrowable,True,False
OL26947W,printdisabled,True,False
OL3775268W,printdisabled,True,False
OL11327425W,borrowable,True,False
OL16079288W,borrowable,True,False
OL3475970W,borrowable,True,False
OL59380W,printdisabled,True,False
OL7990778W,printdisabled,True,False
OL4440534W,borrowable,True,False
OL21505716W,borrowable,True,False
OL3773948W,printdisabled,True,False
OL554620W,printdisabled,True,False
OL11327981W,borrowable,True,False
OL14920304W,borrowable,True,False
OL3475954W,borrowable,True,False
OL2959212W,printdisabled,True,False
OL3519309W,borrowable,True,False
OL66513W,public,True,True
OL4778064W,printdisabled,True,False
OL3498658W,printdisabled,True,False
OL17796310W,printdisabled,True,False
OL11762231W,borrowable,True,False
OL17367560W,printdisabled,True,False
OL4215956W,borrowable,True,False
OL11327939W,printdisabled,True,False
OL3467590W,borrowable,True,False
OL3771226W,printdisabled,True,False
OL3498606W,borrowable,True,False
OL3981131W,printdisabled,True,False
OL3457822W,printdisabled,True,False
OL16211977W,borrowable,True,False
OL3759016W,printdisabled,True,False
OL2705576W,borrowable,True,False
OL4342710W,borrowable,True,False
OL3759335W,printdisabled,True,False
OL8315351W,borrowable,True,False
OL6093056W,printdisabled,True,False
OL11328046W,borrowable,True,False
OL15920208W,borrowable,True,False
OL4233165W,printdisabled,True,False
OL3754833W,borrowable,True,False
OL11328039W,borrowable,True,False
OL3519327W,borrowable,True,False
OL4457627W,borrowable,True,False
OL3458024W,printdisabled,True,False
OL59377W,printdisabled,True,False
OL26945W,printdisabled,True,False
OL3476068W,borrowable,True,False
OL3457667W,borrowable,True,False
OL4055729W,borrowable,True,False
OL3845171W,borrowable,True,False
OL15841592W,printdisabled,True,False
OL17357353W,unclassified,False,False
OL3771219W,printdisabled,True,False
OL3754904W,borrowable,True,False
OL3759477W,printdisabled,True,False
OL3498713W,printdisabled,True,False
OL3476059W,borrowable,True,False
OL267096W,public,True,True
OL11327189W,borrowable,True,False
OL66534W,public,True,True
OL3771196W,printdisabled,True,False
OL9482483W,borrowable,True,False
OL11277279W,borrowable,True,False
OL3775486W,printdisabled,True,False
OL3519233W,borrowable,True,False
OL11327985W,printdisabled,True,False
OL3458069W,borrowable,True,False
OL18027935W,borrowable,True,False
OL3775499W,printdisabled,True,False
OL24514935W,no_ebook,False,False
OL28852929W,no_ebook,False,False
OL8034526W,printdisabled,True,False
OL3498779W,printdisabled,True,False
OL16587258W,printdisabled,True,False
OL3775432W,printdisabled,True,False
OL3773892W,printdisabled,True,False
OL3498726W,borrowable,True,False
OL3844328W,borrowable,True,False
OL26954W,printdisabled,True,False
OL17729469W,borrowable,True,False
OL1002120W,borrowable,True,False
OL2959362W,borrowable,True,False
OL4440545W,borrowable,True,False
OL2705648W,borrowable,True,False
OL4092683W,borrowable,True,False
OL3771158W,printdisabled,True,False
OL3754832W,borrowable,True,False
OL3457875W,printdisabled,True,False
OL3261155W,borrowable,True,False
OL17457466W,printdisabled,True,False
OL3457702W,printdisabled,True,False
OL11327978W,borrowable,True,False
OL3789654W,borrowable,True,False
OL167282W,borrowable,True,False
OL3759152W,printdisabled,True,False
OL27411628W,no_ebook,False,False
OL3771256W,printdisabled,True,False
OL3771236W,borrowable,True,False
OL3457804W,printdisabled,True,False
OL3498775W,printdisabled,True,False
OL2625405W,borrowable,True,False
OL4456392W,borrowable,True,False
OL15143239W,printdisabled,True,False
OL27640264W,no_ebook,False,False
OL18199566W,printdisabled,True,False
OL1902291W,borrowable,True,False
OL16041835W,printdisabled,True,False
OL11327207W,borrowable,True,False
OL3770779W,borrowable,True,False
OL17527971W,borrowable,True,False
OL15180402W,printdisabled,True,False
OL15450W,public,True,True
OL4463817W,printdisabled,True,False
OL37577731W,no_ebook,False,False
OL3773983W,printdisabled,True,False
OL3775503W,borrowable,True,False
OL5682983W,printdisabled,True,False
OL3771182W,borrowable,True,False
OL3771251W,printdisabled,True,False
OL3771252W,printdisabled,True,False
OL3498671W,printdisabled,True,False
OL16080134W,printdisabled,True,False
OL3457659W,printdisabled,True,False
OL3771230W,printdisabled,True,False
OL77813W,borrowable,True,False
OL20004815W,printdisabled,True,False
OL3773961W,printdisabled,True,False
OL28695130W,no_ebook,False,False
OL4056539W,printdisabled,True,False
OL3759247W,printdisabled,True,False
OL3775450W,printdisabled,True,False
OL1979137W,borrowable,True,False
OL18166009W,borrowable,True,False
OL3803074W,borrowable,True,False
OL2959321W,printdisabled,True,False
OL3754909W,borrowable,True,False
OL4575517W,borrowable,True,False
OL16454919W,borrowable,True,False
OL15121879W,printdisabled,True,False
OL17920477W,borrowable,True,False
OL16803752W,printdisabled,True,False
OL11327914W,printdisabled,True,False
OL4331841W,printdisabled,True,False
OL3908271W,borrowable,True,False
OL29226517W,no_ebook,False,False
OL24377219W,printdisabled,True,False
OL16479761W,borrowable,True,False
OL5236128W,borrowable,True,False
OL3498757W,borrowable,True,False
OL4225431W,borrowable,True,False
OL137207W,borrowable,True,False
OL4220911W,borrowable,True,False
OL4273162W,printdisabled,True,False
OL100054W,borrowable,True,False
OL3498590W,borrowable,True,False
OL3785928W,borrowable,True,False
OL3775435W,printdisabled,True,False
OL5682990W,borrowable,True,False
OL36287W,public,True,True
OL3773971W,printdisabled,True,False
OL18173277W,printdisabled,True,False
OL4463819W,printdisabled,True,False
OL3458060W,printdisabled,True,False
OL17782786W,printdisabled,True,False
OL2959296W,borrowable,True,False
OL3773901W,printdisabled,True,False
OL15437W,public,True,True
OL3773913W,printdisabled,True,False
OL1902366W,borrowable,True,False
OL3775487W,printdisabled,True,False
OL3845153W,printdisabled,True,False
OL17324896W,borrowable,True,False
OL15172352W,borrowable,True,False
OL17451695W,printdisabled,True,False
OL491809W,printdisabled,True,False
OL111532W,borrowable,True,False
OL3498691W,borrowable,True,False
OL3775421W,printdisabled,True,False
OL17718538W,borrowable,True,False
OL9367848W,printdisabled,True,False
OL4056524W,printdisabled,True,False
OL5810777W,printdisabled,True,False
OL26937W,printdisabled,True,False
OL3476094W,printdisabled,True,False
OL4181966W,printdisabled,True,False
OL17937377W,borrowable,True,False
OL3457810W,printdisabled,True,False
OL3771220W,borrowable,True,False
OL2705664W,borrowable,True,False
OL3759289W,printdisabled,True,False
OL3771245W,printdisabled,True,False
OL3458003W,printdisabled,True,False
OL17356842W,borrowable,True,False
OL4233108W,printdisabled,True,False
OL8315287W,borrowable,True,False
OL3457686W,printdisabled,True,False
OL17729555W,borrowable,True,False
OL26416429W,no_ebook,False,False
OL4412081W,printdisabled,True,False
OL3775457W,printdisabled,True,False
OL3467606W,printdisabled,True,False
OL3759499W,borrowable,True,False
OL3771281W,printdisabled,True,False
OL15411681W,borrowable,True,False
OL15149492W,borrowable,True,False
OL5689127W,borrowable,True,False
OL3845594W,printdisabled,True,False
OL88813W,public,True,True
OL3759150W,printdisabled,True,False
OL3519237W,borrowable,True,False
OL9368028W,printdisabled,True,False
OL20885951W,no_ebook,False,False
OL27954238W,no_ebook,False,False
OL17535684W,printdisabled,True,False
OL3775368W,printdisabled,True,False
OL3771194W,borrowable,True,False
OL20238397W,no_ebook,False,False
OL111488W,borrowable,True,False
OL3458036W,printdisabled,True,False
OL3759381W,printdisabled,True,False
OL5236145W,borrowable,True,False
OL7957084W,printdisabled,True,False
OL3754754W,printdisabled,True,False
OL31923W,borrowable,True,False
OL1418187W,public,True,True
OL2959274W,borrowable,True,False
OL7990779W,printdisabled,True,False
OL3458030W,printdisabled,True,False
OL3754967W,borrowable,True,False
OL3754972W,borrowable,True,False
OL4084654W,borrowable,True,False
OL3773929W,printdisabled,True,False
OL3759029W,printdisabled,True,False
OL17492871W,borrowable,True,False
OL3759252W,borrowable,True,False
OL3458032W,printdisabled,True,False
OL3773898W,printdisabled,True,False
OL21444221W,printdisabled,True,False
OL3771203W,borrowable,True,False
OL38035515W,no_ebook,False,False
OL24542623W,no_ebook,False,False
OL4056550W,printdisabled,True,False
